month,platform,brand,legalEntity,comuna,project,pepCode,campaignName,amount,invoiceId,invoiceDate,paymentDate,paymentReference,referenceId,referenceType,chargeAmountValidation,matched,mappingBrand,cartolaMatchStatus
2026-08,Google Ads,Almagro Inmobiliaria,Almagro S.A,Genérico,Almagro Plus,I-ALM-2234,Nacional | AO S | Por Categoria | Always On,125015,5684413120,2026-08-31,2026-08-31,,5684413120,invoiceNumber,Sin match,True,Almagro,Pendiente cartola TC agosto completa
2026-08,Google Ads,Almagro Inmobiliaria,Almagro S.A,Inversionista,Almagro Plus,I-ALM-2234,Santiago | AO S | Inversionistas 2,60836,5684413120,2026-08-31,2026-08-31,,5684413120,invoiceNumber,Sin match,True,Almagro,Pendiente cartola TC agosto completa
2026-08,Google Ads,Almagro Inmobiliaria,Almagro S.A,Ñuñoa,Almagro Plus,I-ALM-2234,Santiago | AO S | Por Comuna | Nunoa #2,1171237,5684413120,2026-08-31,2026-08-31,,5684413120,invoiceNumber,Sin match,True,Almagro,Pendiente cartola TC agosto completa
2026-08,Google Ads,Almagro Inmobiliaria,Almagro S.A,PPP,Almagro Plus,I-ALM-2234,Santiago | AO S | Tudeptoestupie,69515,5684413120,2026-08-31,2026-08-31,,5684413120,invoiceNumber,Sin match,True,Almagro,Pendiente cartola TC agosto completa
2026-08,Google Ads,Almagro Inmobiliaria,Almagro S.A,Ñuñoa,Almagro Plus,I-ALM-2234,Santiago | MR | Plus,444369,5684413120,2026-08-31,2026-08-31,,5684413120,invoiceNumber,Sin match,True,Almagro,Pendiente cartola TC agosto completa
2026-08,Google Ads,Almagro Inmobiliaria,Almagro S.A,Ñuñoa,Almagro Plus,I-ALM-2234,Santiago | MR | Plus,6890,5684413120,2026-08-31,2026-08-31,,5684413120,invoiceNumber,Sin match,True,Almagro,Pendiente cartola TC agosto completa
2026-08,Google Ads,Almagro Inmobiliaria,Almagro S.A,Genérico,Balance,I-ALM-2358,Nacional | AO S | Por Categoria | Always On,125014,5684413120,2026-08-31,2026-08-31,,5684413120,invoiceNumber,Sin match,True,Almagro,Pendiente cartola TC agosto completa
2026-08,Google Ads,Almagro Inmobiliaria,Almagro S.A,Inversionista,Balance,I-ALM-2358,Santiago | AO S | Inversionistas 2,60836,5684413120,2026-08-31,2026-08-31,,5684413120,invoiceNumber,Sin match,True,Almagro,Pendiente cartola TC agosto completa
2026-08,Google Ads,Almagro Inmobiliaria,Almagro S.A,Providencia,Balance,I-ALM-2358,Santiago | AO S | Por Comuna | Providencia,831624,5684413120,2026-08-31,2026-08-31,,5684413120,invoiceNumber,Sin match,True,Almagro,Pendiente cartola TC agosto completa
2026-08,Google Ads,Almagro Inmobiliaria,Almagro S.A,PPP,Balance,I-ALM-2358,Santiago | AO S | Tudeptoestupie,69515,5684413120,2026-08-31,2026-08-31,,5684413120,invoiceNumber,Sin match,True,Almagro,Pendiente cartola TC agosto completa
2026-08,Google Ads,Almagro Inmobiliaria,Almagro S.A,Genérico,Carrera 4,I-ALM-2275,Nacional | AO S | Por Categoria | Always On,125014,5684413120,2026-08-31,2026-08-31,,5684413120,invoiceNumber,Sin match,True,Almagro,Pendiente cartola TC agosto completa
2026-08,Google Ads,Almagro Inmobiliaria,Almagro S.A,Inversionista,Carrera 4,I-ALM-2275,Santiago | AO S | Inversionistas 2,60836,5684413120,2026-08-31,2026-08-31,,5684413120,invoiceNumber,Sin match,True,Almagro,Pendiente cartola TC agosto completa
2026-08,Google Ads,Almagro Inmobiliaria,Almagro S.A,Santiago Centro,Carrera 4,I-ALM-2275,Santiago | AO S | Por Comuna | Santiago Centro #2,1167645,5684413120,2026-08-31,2026-08-31,,5684413120,invoiceNumber,Sin match,True,Almagro,Pendiente cartola TC agosto completa
2026-08,Google Ads,Almagro Inmobiliaria,Almagro S.A,PPP,Carrera 4,I-ALM-2275,Santiago | AO S | Tudeptoestupie,69515,5684413120,2026-08-31,2026-08-31,,5684413120,invoiceNumber,Sin match,True,Almagro,Pendiente cartola TC agosto completa
2026-08,Google Ads,Almagro Inmobiliaria,Almagro S.A,Santiago,Carrera 4,I-ALM-2275,Santiago | MR | Carrera IV,446951,5684413120,2026-08-31,2026-08-31,,5684413120,invoiceNumber,Sin match,True,Manual,Pendiente cartola TC agosto completa
2026-08,Google Ads,Almagro Inmobiliaria,Almagro S.A,Santiago,Carrera 4,I-ALM-2275,Santiago | MR | Carrera IV,334,5684413120,2026-08-31,2026-08-31,,5684413120,invoiceNumber,Sin match,True,Manual,Pendiente cartola TC agosto completa
2026-08,Google Ads,Almagro Inmobiliaria,Almagro S.A,Genérico,Indico,I-ALM-1453,Nacional | AO S | Por Categoria | Always On,125014,5684413120,2026-08-31,2026-08-31,,5684413120,invoiceNumber,Sin match,True,Almagro,Pendiente cartola TC agosto completa
2026-08,Google Ads,Almagro Inmobiliaria,Almagro S.A,Antofagasta,Indico,I-ALM-1453,Norte | AO S | Por Comuna | Antofagasta,1279349,5684413120,2026-08-31,2026-08-31,,5684413120,invoiceNumber,Sin match,True,Almagro,Pendiente cartola TC agosto completa
2026-08,Google Ads,Almagro Inmobiliaria,Almagro S.A,Inversionista,Indico,I-ALM-1453,Santiago | AO S | Inversionistas 2,60836,5684413120,2026-08-31,2026-08-31,,5684413120,invoiceNumber,Sin match,True,Almagro,Pendiente cartola TC agosto completa
2026-08,Google Ads,Almagro Inmobiliaria,Almagro S.A,PPP,Indico,I-ALM-1453,Santiago | AO S | Tudeptoestupie,69515,5684413120,2026-08-31,2026-08-31,,5684413120,invoiceNumber,Sin match,True,Almagro,Pendiente cartola TC agosto completa
2026-08,Google Ads,Almagro Inmobiliaria,Almagro S.A,Genérico,Insigne,I-ALM-2157,Nacional | AO S | Por Categoria | Always On,125014,5684413120,2026-08-31,2026-08-31,,5684413120,invoiceNumber,Sin match,True,Almagro,Pendiente cartola TC agosto completa
2026-08,Google Ads,Almagro Inmobiliaria,Almagro S.A,Inversionista,Insigne,I-ALM-2157,Santiago | AO S | Inversionistas 2,60836,5684413120,2026-08-31,2026-08-31,,5684413120,invoiceNumber,Sin match,True,Almagro,Pendiente cartola TC agosto completa
2026-08,Google Ads,Almagro Inmobiliaria,Almagro S.A,Macul,Insigne,I-ALM-2157,Santiago | AO S | Por Comuna | Macul | 2,1518610,5684413120,2026-08-31,2026-08-31,,5684413120,invoiceNumber,Sin match,True,Almagro,Pendiente cartola TC agosto completa
2026-08,Google Ads,Almagro Inmobiliaria,Almagro S.A,PPP,Insigne,I-ALM-2157,Santiago | AO S | Tudeptoestupie,69515,5684413120,2026-08-31,2026-08-31,,5684413120,invoiceNumber,Sin match,True,Almagro,Pendiente cartola TC agosto completa
2026-08,Google Ads,Almagro Inmobiliaria,Almagro S.A,Macul,Insigne,I-ALM-2157,Santiago | Demand Gen | Insigne,388732,5684413120,2026-08-31,2026-08-31,,5684413120,invoiceNumber,Sin match,True,Manual,Pendiente cartola TC agosto completa
2026-08,Google Ads,Almagro Inmobiliaria,Almagro S.A,Macul,Insigne,I-ALM-2157,Santiago | Demand Gen | Insigne,91269,5684413120,2026-08-31,2026-08-31,,5684413120,invoiceNumber,Sin match,True,Manual,Pendiente cartola TC agosto completa
2026-08,Google Ads,Almagro Inmobiliaria,Almagro S.A,Macul,Insigne,I-ALM-2157,Santiago | MR | Insigne,694653,5684413120,2026-08-31,2026-08-31,,5684413120,invoiceNumber,Sin match,True,Almagro,Pendiente cartola TC agosto completa
2026-08,Google Ads,Almagro Inmobiliaria,Almagro S.A,Macul,Insigne,I-ALM-2157,Santiago | MR | Insigne,11168,5684413120,2026-08-31,2026-08-31,,5684413120,invoiceNumber,Sin match,True,Almagro,Pendiente cartola TC agosto completa
2026-08,Google Ads,Almagro Inmobiliaria,Almagro S.A,Genérico,Los Cactus,I-ALM-2342,Nacional | AO S | Por Categoria | Always On,125014,5684413120,2026-08-31,2026-08-31,,5684413120,invoiceNumber,Sin match,True,Almagro,Pendiente cartola TC agosto completa
2026-08,Google Ads,Almagro Inmobiliaria,Almagro S.A,Inversionista,Los Cactus,I-ALM-2342,Santiago | AO S | Inversionistas 2,60836,5684413120,2026-08-31,2026-08-31,,5684413120,invoiceNumber,Sin match,True,Almagro,Pendiente cartola TC agosto completa
2026-08,Google Ads,Almagro Inmobiliaria,Almagro S.A,Lo Barnechea,Los Cactus,I-ALM-2342,Santiago | AO S | Por Comuna | Lo Barnechea | Los Cactus,853751,5684413120,2026-08-31,2026-08-31,,5684413120,invoiceNumber,Sin match,True,Almagro,Pendiente cartola TC agosto completa
2026-08,Google Ads,Almagro Inmobiliaria,Almagro S.A,PPP,Los Cactus,I-ALM-2342,Santiago | AO S | Tudeptoestupie,69515,5684413120,2026-08-31,2026-08-31,,5684413120,invoiceNumber,Sin match,True,Almagro,Pendiente cartola TC agosto completa
2026-08,Google Ads,Almagro Inmobiliaria,Almagro S.A,Genérico,Lyon Bilbao,I-ALM-2211,Nacional | AO S | Por Categoria | Always On,125014,5684413120,2026-08-31,2026-08-31,,5684413120,invoiceNumber,Sin match,True,Almagro,Pendiente cartola TC agosto completa
2026-08,Google Ads,Almagro Inmobiliaria,Almagro S.A,Inversionista,Lyon Bilbao,I-ALM-2211,Santiago | AO S | Inversionistas 2,60836,5684413120,2026-08-31,2026-08-31,,5684413120,invoiceNumber,Sin match,True,Almagro,Pendiente cartola TC agosto completa
2026-08,Google Ads,Almagro Inmobiliaria,Almagro S.A,Providencia,Lyon Bilbao,I-ALM-2211,Santiago | AO S | Por Comuna | Providencia,930554,5684413120,2026-08-31,2026-08-31,,5684413120,invoiceNumber,Sin match,True,Almagro,Pendiente cartola TC agosto completa
2026-08,Google Ads,Almagro Inmobiliaria,Almagro S.A,PPP,Lyon Bilbao,I-ALM-2211,Santiago | AO S | Tudeptoestupie,69515,5684413120,2026-08-31,2026-08-31,,5684413120,invoiceNumber,Sin match,True,Almagro,Pendiente cartola TC agosto completa
2026-08,Google Ads,Almagro Inmobiliaria,Almagro S.A,Antofagasta,Parque Brasil,I-ALM-2285,Antofagasta | MR | Parque Brasil,382466,5684413120,2026-08-31,2026-08-31,,5684413120,invoiceNumber,Sin match,True,Almagro,Pendiente cartola TC agosto completa
2026-08,Google Ads,Almagro Inmobiliaria,Almagro S.A,Antofagasta,Parque Brasil,I-ALM-2285,Antofagasta | MR | Parque Brasil,70042,5684413120,2026-08-31,2026-08-31,,5684413120,invoiceNumber,Sin match,True,Almagro,Pendiente cartola TC agosto completa
2026-08,Google Ads,Almagro Inmobiliaria,Almagro S.A,Genérico,Parque Brasil,I-ALM-2285,Nacional | AO S | Por Categoria | Always On,125014,5684413120,2026-08-31,2026-08-31,,5684413120,invoiceNumber,Sin match,True,Almagro,Pendiente cartola TC agosto completa
2026-08,Google Ads,Almagro Inmobiliaria,Almagro S.A,Antofagasta,Parque Brasil,I-ALM-2285,Norte | AO S | Por Comuna | Antofagasta,1279349,5684413120,2026-08-31,2026-08-31,,5684413120,invoiceNumber,Sin match,True,Almagro,Pendiente cartola TC agosto completa
2026-08,Google Ads,Almagro Inmobiliaria,Almagro S.A,Inversionista,Parque Brasil,I-ALM-2285,Santiago | AO S | Inversionistas 2,60836,5684413120,2026-08-31,2026-08-31,,5684413120,invoiceNumber,Sin match,True,Almagro,Pendiente cartola TC agosto completa
2026-08,Google Ads,Almagro Inmobiliaria,Almagro S.A,PPP,Parque Brasil,I-ALM-2285,Santiago | AO S | Tudeptoestupie,69514,5684413120,2026-08-31,2026-08-31,,5684413120,invoiceNumber,Sin match,True,Almagro,Pendiente cartola TC agosto completa
2026-08,Google Ads,Almagro Inmobiliaria,Almagro S.A,Genérico,San Eugenio 2,I-ALM-2227,Nacional | AO S | Por Categoria | Always On,125014,5684413120,2026-08-31,2026-08-31,,5684413120,invoiceNumber,Sin match,True,Almagro,Pendiente cartola TC agosto completa
2026-08,Google Ads,Almagro Inmobiliaria,Almagro S.A,Inversionista,San Eugenio 2,I-ALM-2227,Santiago | AO S | Inversionistas 2,60836,5684413120,2026-08-31,2026-08-31,,5684413120,invoiceNumber,Sin match,True,Almagro,Pendiente cartola TC agosto completa
2026-08,Google Ads,Almagro Inmobiliaria,Almagro S.A,Ñuñoa,San Eugenio 2,I-ALM-2227,Santiago | AO S | Por Comuna | Nunoa #2,1171237,5684413120,2026-08-31,2026-08-31,,5684413120,invoiceNumber,Sin match,True,Almagro,Pendiente cartola TC agosto completa
2026-08,Google Ads,Almagro Inmobiliaria,Almagro S.A,PPP,San Eugenio 2,I-ALM-2227,Santiago | AO S | Tudeptoestupie,69514,5684413120,2026-08-31,2026-08-31,,5684413120,invoiceNumber,Sin match,True,Almagro,Pendiente cartola TC agosto completa
2026-08,Google Ads,Almagro Inmobiliaria,Almagro S.A,Santiago,San Eugenio 2,I-ALM-2227,Santiago | MR | San Eugenio,428256,5684413120,2026-08-31,2026-08-31,,5684413120,invoiceNumber,Sin match,True,Manual,Pendiente cartola TC agosto completa
2026-08,Google Ads,Almagro Inmobiliaria,Almagro S.A,Santiago,San Eugenio 2,I-ALM-2227,Santiago | MR | San Eugenio,24302,5684413120,2026-08-31,2026-08-31,,5684413120,invoiceNumber,Sin match,True,Manual,Pendiente cartola TC agosto completa
2026-08,Google Ads,Almagro Inmobiliaria,Almagro S.A,Vitacura,Signature,I-ALM-2354,Santiago | AO S | Por Comuna | Vitacura,1331313,5684413120,2026-08-31,2026-08-31,,5684413120,invoiceNumber,Sin match,True,Manual,Pendiente cartola TC agosto completa
2026-08,Google Ads,Almagro Inmobiliaria,Almagro S.A,Santiago,Signature,I-ALM-2354,Santiago | Demand Gen | Signature,219163,5684413120,2026-08-31,2026-08-31,,5684413120,invoiceNumber,Sin match,True,Manual,Pendiente cartola TC agosto completa
2026-08,Google Ads,Almagro Inmobiliaria,Almagro S.A,Santiago,Signature,I-ALM-2354,Santiago | Demand Gen | Signature,171085,5684413120,2026-08-31,2026-08-31,,5684413120,invoiceNumber,Sin match,True,Manual,Pendiente cartola TC agosto completa
2026-08,Google Ads,Almagro Inmobiliaria,Almagro S.A,Santiago,Signature,I-ALM-2354,Santiago | MR | Signature #2,584328,5684413120,2026-08-31,2026-08-31,,5684413120,invoiceNumber,Sin match,True,Manual,Pendiente cartola TC agosto completa
2026-08,Google Ads,Almagro Inmobiliaria,Almagro S.A,Santiago,Signature,I-ALM-2354,Santiago | MR | Signature #2,612,5684413120,2026-08-31,2026-08-31,,5684413120,invoiceNumber,Sin match,True,Manual,Pendiente cartola TC agosto completa
2026-08,Google Ads,Almagro Inmobiliaria,Almagro S.A,Antofagasta,Valle del Mar,I-ALM-1453,Antofagasta | Demand Gen | ValleDelMar,271390,5684413120,2026-08-31,2026-08-31,,5684413120,invoiceNumber,Sin match,True,Manual,Pendiente cartola TC agosto completa
2026-08,Google Ads,Almagro Inmobiliaria,Almagro S.A,Antofagasta,Valle del Mar,I-ALM-1453,Antofagasta | Demand Gen | ValleDelMar,134299,5684413120,2026-08-31,2026-08-31,,5684413120,invoiceNumber,Sin match,True,Manual,Pendiente cartola TC agosto completa
2026-08,Google Ads,Almagro Inmobiliaria,Almagro S.A,Antofagasta,Valle del Mar,I-ALM-1453,Antofagasta | MR | ValleDelMar #2,599614,5684413120,2026-08-31,2026-08-31,,5684413120,invoiceNumber,Sin match,True,Manual,Pendiente cartola TC agosto completa
2026-08,Google Ads,Almagro Inmobiliaria,Almagro S.A,Antofagasta,Valle del Mar,I-ALM-1453,Antofagasta | MR | ValleDelMar #2,2029,5684413120,2026-08-31,2026-08-31,,5684413120,invoiceNumber,Sin match,True,Manual,Pendiente cartola TC agosto completa
2026-08,Google Ads,Almagro Inmobiliaria,Arcilla Roja,Genérico,Almagro Hub,I-ALM-2189,Nacional | AO S | Por Categoria | Always On,125015,5684413120,2026-08-31,2026-08-31,,5684413120,invoiceNumber,Sin match,True,Almagro,Pendiente cartola TC agosto completa
2026-08,Google Ads,Almagro Inmobiliaria,Arcilla Roja,Inversionista,Almagro Hub,I-ALM-2189,Santiago | AO S | Inversionistas 2,60836,5684413120,2026-08-31,2026-08-31,,5684413120,invoiceNumber,Sin match,True,Almagro,Pendiente cartola TC agosto completa
2026-08,Google Ads,Almagro Inmobiliaria,Arcilla Roja,Providencia,Almagro Hub,I-ALM-2189,Santiago | AO S | Por Comuna | Providencia,930554,5684413120,2026-08-31,2026-08-31,,5684413120,invoiceNumber,Sin match,True,Almagro,Pendiente cartola TC agosto completa
2026-08,Google Ads,Almagro Inmobiliaria,Arcilla Roja,PPP,Almagro Hub,I-ALM-2189,Santiago | AO S | Tudeptoestupie,69515,5684413120,2026-08-31,2026-08-31,,5684413120,invoiceNumber,Sin match,True,Almagro,Pendiente cartola TC agosto completa
2026-08,Google Ads,Almagro Inmobiliaria,Arcilla Roja,Providencia,Almagro Hub,I-ALM-2189,Santiago | MR | Hub,440170,5684413120,2026-08-31,2026-08-31,,5684413120,invoiceNumber,Sin match,True,Manual,Pendiente cartola TC agosto completa
2026-08,Google Ads,Almagro Inmobiliaria,Arcilla Roja,Providencia,Almagro Hub,I-ALM-2189,Santiago | MR | Hub,7791,5684413120,2026-08-31,2026-08-31,,5684413120,invoiceNumber,Sin match,True,Manual,Pendiente cartola TC agosto completa
2026-08,Google Ads,Almagro Inmobiliaria,Arcilla Roja,AON,PLP 1,I-ALM-2226,Actividad no válida...,-254,5684413120,2026-08-31,2026-08-31,,5684413120,invoiceNumber,Sin match,True,,Pendiente cartola TC agosto completa
2026-08,Google Ads,Almagro Inmobiliaria,Arcilla Roja,AON,PLP 1,I-ALM-2226,Costos operativos regulatorios de España,1393,5684413120,2026-08-31,2026-08-31,,5684413120,invoiceNumber,Sin match,True,,Pendiente cartola TC agosto completa
2026-08,Google Ads,Almagro Inmobiliaria,Arcilla Roja,AON,PLP 1,I-ALM-2226,Costos operativos regulatorios de Francia,273,5684413120,2026-08-31,2026-08-31,,5684413120,invoiceNumber,Sin match,True,,Pendiente cartola TC agosto completa
2026-08,Google Ads,Almagro Inmobiliaria,Arcilla Roja,AON,PLP 1,I-ALM-2226,Costos operativos regulatorios de Italia,199,5684413120,2026-08-31,2026-08-31,,5684413120,invoiceNumber,Sin match,True,,Pendiente cartola TC agosto completa
2026-08,Google Ads,Almagro Inmobiliaria,Arcilla Roja,AON,PLP 1,I-ALM-2226,Costos operativos regulatorios de Türkiye,4,5684413120,2026-08-31,2026-08-31,,5684413120,invoiceNumber,Sin match,True,,Pendiente cartola TC agosto completa
2026-08,Google Ads,Almagro Inmobiliaria,Arcilla Roja,Genérico,PLP 1,I-ALM-2226,Nacional | AO S | Por Categoria | Always On,125014,5684413120,2026-08-31,2026-08-31,,5684413120,invoiceNumber,Sin match,True,Almagro,Pendiente cartola TC agosto completa
2026-08,Google Ads,Almagro Inmobiliaria,Arcilla Roja,Inversionista,PLP 1,I-ALM-2226,Santiago | AO S | Inversionistas 2,60836,5684413120,2026-08-31,2026-08-31,,5684413120,invoiceNumber,Sin match,True,Almagro,Pendiente cartola TC agosto completa
2026-08,Google Ads,Almagro Inmobiliaria,Arcilla Roja,Las Condes,PLP 1,I-ALM-2226,Santiago | AO S | Por Comuna | Las Condes,954009,5684413120,2026-08-31,2026-08-31,,5684413120,invoiceNumber,Sin match,True,Almagro,Pendiente cartola TC agosto completa
2026-08,Google Ads,Almagro Inmobiliaria,Arcilla Roja,PPP,PLP 1,I-ALM-2226,Santiago | AO S | Tudeptoestupie,69514,5684413120,2026-08-31,2026-08-31,,5684413120,invoiceNumber,Sin match,True,Almagro,Pendiente cartola TC agosto completa
2026-08,Google Ads,Almagro Inmobiliaria,Arcilla Roja,AON,PLP 1,I-ALM-2226,Tarifa del impuesto a los servicios digitales del Reino Unido,232,5684413120,2026-08-31,2026-08-31,,5684413120,invoiceNumber,Sin match,True,,Pendiente cartola TC agosto completa
2026-08,Google Ads,Almagro Inmobiliaria,Arcilla Roja,Genérico,PLP 2,I-ALM-2306,Nacional | AO S | Por Categoria | Always On,125014,5684413120,2026-08-31,2026-08-31,,5684413120,invoiceNumber,Sin match,True,Almagro,Pendiente cartola TC agosto completa
2026-08,Google Ads,Almagro Inmobiliaria,Arcilla Roja,Inversionista,PLP 2,I-ALM-2306,Santiago | AO S | Inversionistas 2,60836,5684413120,2026-08-31,2026-08-31,,5684413120,invoiceNumber,Sin match,True,Almagro,Pendiente cartola TC agosto completa
2026-08,Google Ads,Almagro Inmobiliaria,Arcilla Roja,Las Condes,PLP 2,I-ALM-2306,Santiago | AO S | Por Comuna | Las Condes,954008,5684413120,2026-08-31,2026-08-31,,5684413120,invoiceNumber,Sin match,True,Almagro,Pendiente cartola TC agosto completa
2026-08,Google Ads,Almagro Inmobiliaria,Arcilla Roja,PPP,PLP 2,I-ALM-2306,Santiago | AO S | Tudeptoestupie,69514,5684413120,2026-08-31,2026-08-31,,5684413120,invoiceNumber,Sin match,True,Almagro,Pendiente cartola TC agosto completa
2026-08,Google Ads,Almagro Inmobiliaria,Arcilla Roja,Genérico,Rengo,I-ALM-2288,Nacional | AO S | Por Categoria | Always On,125014,5684413120,2026-08-31,2026-08-31,,5684413120,invoiceNumber,Sin match,True,Almagro,Pendiente cartola TC agosto completa
2026-08,Google Ads,Almagro Inmobiliaria,Arcilla Roja,Inversionista,Rengo,I-ALM-2288,Santiago | AO S | Inversionistas 2,60836,5684413120,2026-08-31,2026-08-31,,5684413120,invoiceNumber,Sin match,True,Almagro,Pendiente cartola TC agosto completa
2026-08,Google Ads,Almagro Inmobiliaria,Arcilla Roja,Providencia,Rengo,I-ALM-2288,Santiago | AO S | Por Comuna | Providencia,930553,5684413120,2026-08-31,2026-08-31,,5684413120,invoiceNumber,Sin match,True,Almagro,Pendiente cartola TC agosto completa
2026-08,Google Ads,Almagro Inmobiliaria,Arcilla Roja,PPP,Rengo,I-ALM-2288,Santiago | AO S | Tudeptoestupie,69514,5684413120,2026-08-31,2026-08-31,,5684413120,invoiceNumber,Sin match,True,Almagro,Pendiente cartola TC agosto completa
2026-08,Google Ads,Almagro Inmobiliaria,Madagascar,Genérico,Almagro District,I-ALM-2399,Nacional | AO S | Por Categoria | Always On,125015,5684413120,2026-08-31,2026-08-31,,5684413120,invoiceNumber,Sin match,True,Almagro,Pendiente cartola TC agosto completa
2026-08,Google Ads,Almagro Inmobiliaria,Madagascar,Inversionista,Almagro District,I-ALM-2399,Santiago | AO S | Inversionistas 2,60836,5684413120,2026-08-31,2026-08-31,,5684413120,invoiceNumber,Sin match,True,Almagro,Pendiente cartola TC agosto completa
2026-08,Google Ads,Almagro Inmobiliaria,Madagascar,Las Condes,Almagro District,I-ALM-2399,Santiago | AO S | Por Comuna | Las Condes,954009,5684413120,2026-08-31,2026-08-31,,5684413120,invoiceNumber,Sin match,True,Almagro,Pendiente cartola TC agosto completa
2026-08,Google Ads,Almagro Inmobiliaria,Madagascar,PPP,Almagro District,I-ALM-2399,Santiago | AO S | Tudeptoestupie,69515,5684413120,2026-08-31,2026-08-31,,5684413120,invoiceNumber,Sin match,True,Almagro,Pendiente cartola TC agosto completa
2026-08,Google Ads,Almagro Inmobiliaria,Madagascar,Las Condes,Almagro District,I-ALM-2399,Santiago | MR | Almagro District,448016,5684413120,2026-08-31,2026-08-31,,5684413120,invoiceNumber,Sin match,True,Almagro,Pendiente cartola TC agosto completa
2026-08,Google Ads,Almagro Inmobiliaria,Madagascar,Las Condes,Almagro District,I-ALM-2399,Santiago | MR | Almagro District,367,5684413120,2026-08-31,2026-08-31,,5684413120,invoiceNumber,Sin match,True,Almagro,Pendiente cartola TC agosto completa
2026-08,Google Ads,Almagro Propiedades,Almagro S.A,Propiedades,Almagro Plus,I-ALM-2234,Nacional | AO S | Por Categoria | Propiedades,55383,5685669288,2026-08-31,2026-08-31,,5685669288,invoiceNumber,Sin match,True,Almagro,Pendiente cartola TC agosto completa
2026-08,Google Ads,Almagro Propiedades,Almagro S.A,Propiedades,Almagro Plus,I-ALM-2234,Nacional | AO S | Propiedades | Cuota impresiones,20016,5685669288,2026-08-31,2026-08-31,,5685669288,invoiceNumber,Sin match,True,Almagro,Pendiente cartola TC agosto completa
2026-08,Google Ads,Almagro Propiedades,Almagro S.A,Propiedades,Almagro Plus,I-ALM-2234,Santiago | AO | DemandGen | Propiedades,13190,5685669288,2026-08-31,2026-08-31,,5685669288,invoiceNumber,Sin match,True,Almagro,Pendiente cartola TC agosto completa
2026-08,Google Ads,Almagro Propiedades,Almagro S.A,Propiedades,Almagro Plus,I-ALM-2234,Santiago | AO | DemandGen | Propiedades,10385,5685669288,2026-08-31,2026-08-31,,5685669288,invoiceNumber,Sin match,True,Almagro,Pendiente cartola TC agosto completa
2026-08,Google Ads,Almagro Propiedades,Almagro S.A,Propiedades,Balance,I-ALM-2358,Nacional | AO S | Por Categoria | Propiedades,69791,5685669288,2026-08-31,2026-08-31,,5685669288,invoiceNumber,Sin match,True,Almagro,Pendiente cartola TC agosto completa
2026-08,Google Ads,Almagro Propiedades,Almagro S.A,Propiedades,Balance,I-ALM-2358,Nacional | AO S | Propiedades | Cuota impresiones,20016,5685669288,2026-08-31,2026-08-31,,5685669288,invoiceNumber,Sin match,True,Almagro,Pendiente cartola TC agosto completa
2026-08,Google Ads,Almagro Propiedades,Almagro S.A,Propiedades,Balance,I-ALM-2358,Santiago | AO | DemandGen | Propiedades,13190,5685669288,2026-08-31,2026-08-31,,5685669288,invoiceNumber,Sin match,True,Almagro,Pendiente cartola TC agosto completa
2026-08,Google Ads,Almagro Propiedades,Almagro S.A,Propiedades,Balance,I-ALM-2358,Santiago | AO | DemandGen | Propiedades,10385,5685669288,2026-08-31,2026-08-31,,5685669288,invoiceNumber,Sin match,True,Almagro,Pendiente cartola TC agosto completa
2026-08,Google Ads,Almagro Propiedades,Almagro S.A,Propiedades,Carrera 4,I-ALM-2275,Nacional | AO S | Por Categoria | Propiedades,69791,5685669288,2026-08-31,2026-08-31,,5685669288,invoiceNumber,Sin match,True,Almagro,Pendiente cartola TC agosto completa
2026-08,Google Ads,Almagro Propiedades,Almagro S.A,Propiedades,Carrera 4,I-ALM-2275,Nacional | AO S | Propiedades | Cuota impresiones,20016,5685669288,2026-08-31,2026-08-31,,5685669288,invoiceNumber,Sin match,True,Almagro,Pendiente cartola TC agosto completa
2026-08,Google Ads,Almagro Propiedades,Almagro S.A,Propiedades,Carrera 4,I-ALM-2275,Santiago | AO | DemandGen | Propiedades,13190,5685669288,2026-08-31,2026-08-31,,5685669288,invoiceNumber,Sin match,True,Almagro,Pendiente cartola TC agosto completa
2026-08,Google Ads,Almagro Propiedades,Almagro S.A,Propiedades,Carrera 4,I-ALM-2275,Santiago | AO | DemandGen | Propiedades,10385,5685669288,2026-08-31,2026-08-31,,5685669288,invoiceNumber,Sin match,True,Almagro,Pendiente cartola TC agosto completa
2026-08,Google Ads,Almagro Propiedades,Almagro S.A,Propiedades,Indico,I-ALM-1453,Nacional | AO S | Por Categoria | Propiedades,69791,5685669288,2026-08-31,2026-08-31,,5685669288,invoiceNumber,Sin match,True,Almagro,Pendiente cartola TC agosto completa
2026-08,Google Ads,Almagro Propiedades,Almagro S.A,Propiedades,Indico,I-ALM-1453,Nacional | AO S | Propiedades | Cuota impresiones,20015,5685669288,2026-08-31,2026-08-31,,5685669288,invoiceNumber,Sin match,True,Almagro,Pendiente cartola TC agosto completa
2026-08,Google Ads,Almagro Propiedades,Almagro S.A,Propiedades,Indico,I-ALM-1453,Santiago | AO | DemandGen | Propiedades,13190,5685669288,2026-08-31,2026-08-31,,5685669288,invoiceNumber,Sin match,True,Almagro,Pendiente cartola TC agosto completa
2026-08,Google Ads,Almagro Propiedades,Almagro S.A,Propiedades,Indico,I-ALM-1453,Santiago | AO | DemandGen | Propiedades,10385,5685669288,2026-08-31,2026-08-31,,5685669288,invoiceNumber,Sin match,True,Almagro,Pendiente cartola TC agosto completa
2026-08,Google Ads,Almagro Propiedades,Almagro S.A,Propiedades,Insigne,I-ALM-2157,Costos operativos regulatorios de España,32,5685669288,2026-08-31,2026-08-31,,5685669288,invoiceNumber,Sin match,True,,Pendiente cartola TC agosto completa
2026-08,Google Ads,Almagro Propiedades,Almagro S.A,Propiedades,Insigne,I-ALM-2157,Costos operativos regulatorios de Francia,27,5685669288,2026-08-31,2026-08-31,,5685669288,invoiceNumber,Sin match,True,,Pendiente cartola TC agosto completa
2026-08,Google Ads,Almagro Propiedades,Almagro S.A,Propiedades,Insigne,I-ALM-2157,Costos operativos regulatorios de Italia,41,5685669288,2026-08-31,2026-08-31,,5685669288,invoiceNumber,Sin match,True,,Pendiente cartola TC agosto completa
2026-08,Google Ads,Almagro Propiedades,Almagro S.A,Propiedades,Insigne,I-ALM-2157,Costos operativos regulatorios de Türkiye,38,5685669288,2026-08-31,2026-08-31,,5685669288,invoiceNumber,Sin match,True,,Pendiente cartola TC agosto completa
2026-08,Google Ads,Almagro Propiedades,Almagro S.A,Propiedades,Insigne,I-ALM-2157,Nacional | AO S | Por Categoria | Propiedades,69791,5685669288,2026-08-31,2026-08-31,,5685669288,invoiceNumber,Sin match,True,Almagro,Pendiente cartola TC agosto completa
2026-08,Google Ads,Almagro Propiedades,Almagro S.A,Propiedades,Insigne,I-ALM-2157,Nacional | AO S | Propiedades | Cuota impresiones,20015,5685669288,2026-08-31,2026-08-31,,5685669288,invoiceNumber,Sin match,True,Almagro,Pendiente cartola TC agosto completa
2026-08,Google Ads,Almagro Propiedades,Almagro S.A,Propiedades,Insigne,I-ALM-2157,Santiago | AO | DemandGen | Propiedades,13190,5685669288,2026-08-31,2026-08-31,,5685669288,invoiceNumber,Sin match,True,Almagro,Pendiente cartola TC agosto completa
2026-08,Google Ads,Almagro Propiedades,Almagro S.A,Propiedades,Insigne,I-ALM-2157,Santiago | AO | DemandGen | Propiedades,10385,5685669288,2026-08-31,2026-08-31,,5685669288,invoiceNumber,Sin match,True,Almagro,Pendiente cartola TC agosto completa
2026-08,Google Ads,Almagro Propiedades,Almagro S.A,Propiedades,Insigne,I-ALM-2157,Tarifa del impuesto a los servicios digitales de Austria,9,5685669288,2026-08-31,2026-08-31,,5685669288,invoiceNumber,Sin match,True,,Pendiente cartola TC agosto completa
2026-08,Google Ads,Almagro Propiedades,Almagro S.A,Propiedades,Los Cactus,I-ALM-2342,Nacional | AO S | Por Categoria | Propiedades,69791,5685669288,2026-08-31,2026-08-31,,5685669288,invoiceNumber,Sin match,True,Almagro,Pendiente cartola TC agosto completa
2026-08,Google Ads,Almagro Propiedades,Almagro S.A,Propiedades,Los Cactus,I-ALM-2342,Nacional | AO S | Propiedades | Cuota impresiones,20015,5685669288,2026-08-31,2026-08-31,,5685669288,invoiceNumber,Sin match,True,Almagro,Pendiente cartola TC agosto completa
2026-08,Google Ads,Almagro Propiedades,Almagro S.A,Propiedades,Los Cactus,I-ALM-2342,Santiago | AO | DemandGen | Propiedades,13190,5685669288,2026-08-31,2026-08-31,,5685669288,invoiceNumber,Sin match,True,Almagro,Pendiente cartola TC agosto completa
2026-08,Google Ads,Almagro Propiedades,Almagro S.A,Propiedades,Los Cactus,I-ALM-2342,Santiago | AO | DemandGen | Propiedades,10385,5685669288,2026-08-31,2026-08-31,,5685669288,invoiceNumber,Sin match,True,Almagro,Pendiente cartola TC agosto completa
2026-08,Google Ads,Almagro Propiedades,Almagro S.A,Propiedades,Lyon Bilbao,I-ALM-2211,Nacional | AO S | Por Categoria | Propiedades,69791,5685669288,2026-08-31,2026-08-31,,5685669288,invoiceNumber,Sin match,True,Almagro,Pendiente cartola TC agosto completa
2026-08,Google Ads,Almagro Propiedades,Almagro S.A,Propiedades,Lyon Bilbao,I-ALM-2211,Nacional | AO S | Propiedades | Cuota impresiones,20015,5685669288,2026-08-31,2026-08-31,,5685669288,invoiceNumber,Sin match,True,Almagro,Pendiente cartola TC agosto completa
2026-08,Google Ads,Almagro Propiedades,Almagro S.A,Propiedades,Lyon Bilbao,I-ALM-2211,Santiago | AO | DemandGen | Propiedades,13190,5685669288,2026-08-31,2026-08-31,,5685669288,invoiceNumber,Sin match,True,Almagro,Pendiente cartola TC agosto completa
2026-08,Google Ads,Almagro Propiedades,Almagro S.A,Propiedades,Lyon Bilbao,I-ALM-2211,Santiago | AO | DemandGen | Propiedades,10385,5685669288,2026-08-31,2026-08-31,,5685669288,invoiceNumber,Sin match,True,Almagro,Pendiente cartola TC agosto completa
2026-08,Google Ads,Almagro Propiedades,Almagro S.A,Propiedades,Parque Brasil,I-ALM-2285,Nacional | AO S | Por Categoria | Propiedades,69791,5685669288,2026-08-31,2026-08-31,,5685669288,invoiceNumber,Sin match,True,Almagro,Pendiente cartola TC agosto completa
2026-08,Google Ads,Almagro Propiedades,Almagro S.A,Propiedades,Parque Brasil,I-ALM-2285,Nacional | AO S | Propiedades | Cuota impresiones,20015,5685669288,2026-08-31,2026-08-31,,5685669288,invoiceNumber,Sin match,True,Almagro,Pendiente cartola TC agosto completa
2026-08,Google Ads,Almagro Propiedades,Almagro S.A,Propiedades,Parque Brasil,I-ALM-2285,Santiago | AO | DemandGen | Propiedades,13189,5685669288,2026-08-31,2026-08-31,,5685669288,invoiceNumber,Sin match,True,Almagro,Pendiente cartola TC agosto completa
2026-08,Google Ads,Almagro Propiedades,Almagro S.A,Propiedades,Parque Brasil,I-ALM-2285,Santiago | AO | DemandGen | Propiedades,10385,5685669288,2026-08-31,2026-08-31,,5685669288,invoiceNumber,Sin match,True,Almagro,Pendiente cartola TC agosto completa
2026-08,Google Ads,Almagro Propiedades,Almagro S.A,Propiedades,San Eugenio 2,I-ALM-2227,Nacional | AO S | Por Categoria | Propiedades,69790,5685669288,2026-08-31,2026-08-31,,5685669288,invoiceNumber,Sin match,True,Almagro,Pendiente cartola TC agosto completa
2026-08,Google Ads,Almagro Propiedades,Almagro S.A,Propiedades,San Eugenio 2,I-ALM-2227,Nacional | AO S | Propiedades | Cuota impresiones,20015,5685669288,2026-08-31,2026-08-31,,5685669288,invoiceNumber,Sin match,True,Almagro,Pendiente cartola TC agosto completa
2026-08,Google Ads,Almagro Propiedades,Almagro S.A,Propiedades,San Eugenio 2,I-ALM-2227,Santiago | AO | DemandGen | Propiedades,13189,5685669288,2026-08-31,2026-08-31,,5685669288,invoiceNumber,Sin match,True,Almagro,Pendiente cartola TC agosto completa
2026-08,Google Ads,Almagro Propiedades,Almagro S.A,Propiedades,San Eugenio 2,I-ALM-2227,Santiago | AO | DemandGen | Propiedades,10385,5685669288,2026-08-31,2026-08-31,,5685669288,invoiceNumber,Sin match,True,Almagro,Pendiente cartola TC agosto completa
2026-08,Google Ads,Almagro Propiedades,Arcilla Roja,Propiedades,Almagro Hub,I-ALM-2189,Nacional | AO S | Por Categoria | Propiedades,69791,5685669288,2026-08-31,2026-08-31,,5685669288,invoiceNumber,Sin match,True,Almagro,Pendiente cartola TC agosto completa
2026-08,Google Ads,Almagro Propiedades,Arcilla Roja,Propiedades,Almagro Hub,I-ALM-2189,Nacional | AO S | Propiedades | Cuota impresiones,20016,5685669288,2026-08-31,2026-08-31,,5685669288,invoiceNumber,Sin match,True,Almagro,Pendiente cartola TC agosto completa
2026-08,Google Ads,Almagro Propiedades,Arcilla Roja,Propiedades,Almagro Hub,I-ALM-2189,Santiago | AO | DemandGen | Propiedades,13190,5685669288,2026-08-31,2026-08-31,,5685669288,invoiceNumber,Sin match,True,Almagro,Pendiente cartola TC agosto completa
2026-08,Google Ads,Almagro Propiedades,Arcilla Roja,Propiedades,Almagro Hub,I-ALM-2189,Santiago | AO | DemandGen | Propiedades,10386,5685669288,2026-08-31,2026-08-31,,5685669288,invoiceNumber,Sin match,True,Almagro,Pendiente cartola TC agosto completa
2026-08,Google Ads,Almagro Propiedades,Arcilla Roja,Propiedades,PLP 1,I-ALM-2226,Nacional | AO S | Por Categoria | Propiedades,69791,5685669288,2026-08-31,2026-08-31,,5685669288,invoiceNumber,Sin match,True,Almagro,Pendiente cartola TC agosto completa
2026-08,Google Ads,Almagro Propiedades,Arcilla Roja,Propiedades,PLP 1,I-ALM-2226,Nacional | AO S | Propiedades | Cuota impresiones,20015,5685669288,2026-08-31,2026-08-31,,5685669288,invoiceNumber,Sin match,True,Almagro,Pendiente cartola TC agosto completa
2026-08,Google Ads,Almagro Propiedades,Arcilla Roja,Propiedades,PLP 1,I-ALM-2226,Santiago | AO | DemandGen | Propiedades,13189,5685669288,2026-08-31,2026-08-31,,5685669288,invoiceNumber,Sin match,True,Almagro,Pendiente cartola TC agosto completa
2026-08,Google Ads,Almagro Propiedades,Arcilla Roja,Propiedades,PLP 1,I-ALM-2226,Santiago | AO | DemandGen | Propiedades,10385,5685669288,2026-08-31,2026-08-31,,5685669288,invoiceNumber,Sin match,True,Almagro,Pendiente cartola TC agosto completa
2026-08,Google Ads,Almagro Propiedades,Arcilla Roja,Propiedades,PLP 2,I-ALM-2306,Nacional | AO S | Por Categoria | Propiedades,69791,5685669288,2026-08-31,2026-08-31,,5685669288,invoiceNumber,Sin match,True,Almagro,Pendiente cartola TC agosto completa
2026-08,Google Ads,Almagro Propiedades,Arcilla Roja,Propiedades,PLP 2,I-ALM-2306,Nacional | AO S | Propiedades | Cuota impresiones,20015,5685669288,2026-08-31,2026-08-31,,5685669288,invoiceNumber,Sin match,True,Almagro,Pendiente cartola TC agosto completa
2026-08,Google Ads,Almagro Propiedades,Arcilla Roja,Propiedades,PLP 2,I-ALM-2306,Santiago | AO | DemandGen | Propiedades,13189,5685669288,2026-08-31,2026-08-31,,5685669288,invoiceNumber,Sin match,True,Almagro,Pendiente cartola TC agosto completa
2026-08,Google Ads,Almagro Propiedades,Arcilla Roja,Propiedades,PLP 2,I-ALM-2306,Santiago | AO | DemandGen | Propiedades,10385,5685669288,2026-08-31,2026-08-31,,5685669288,invoiceNumber,Sin match,True,Almagro,Pendiente cartola TC agosto completa
2026-08,Google Ads,Almagro Propiedades,Arcilla Roja,Propiedades,Rengo,I-ALM-2288,Nacional | AO S | Por Categoria | Propiedades,69791,5685669288,2026-08-31,2026-08-31,,5685669288,invoiceNumber,Sin match,True,Almagro,Pendiente cartola TC agosto completa
2026-08,Google Ads,Almagro Propiedades,Arcilla Roja,Propiedades,Rengo,I-ALM-2288,Nacional | AO S | Propiedades | Cuota impresiones,20015,5685669288,2026-08-31,2026-08-31,,5685669288,invoiceNumber,Sin match,True,Almagro,Pendiente cartola TC agosto completa
2026-08,Google Ads,Almagro Propiedades,Arcilla Roja,Propiedades,Rengo,I-ALM-2288,Santiago | AO | DemandGen | Propiedades,13189,5685669288,2026-08-31,2026-08-31,,5685669288,invoiceNumber,Sin match,True,Almagro,Pendiente cartola TC agosto completa
2026-08,Google Ads,Almagro Propiedades,Arcilla Roja,Propiedades,Rengo,I-ALM-2288,Santiago | AO | DemandGen | Propiedades,10385,5685669288,2026-08-31,2026-08-31,,5685669288,invoiceNumber,Sin match,True,Almagro,Pendiente cartola TC agosto completa
2026-08,Google Ads,Almagro Propiedades,Madagascar,Propiedades,Almagro District,I-ALM-2399,Nacional | AO S | Por Categoria | Propiedades,69791,5685669288,2026-08-31,2026-08-31,,5685669288,invoiceNumber,Sin match,True,Almagro,Pendiente cartola TC agosto completa
2026-08,Google Ads,Almagro Propiedades,Madagascar,Propiedades,Almagro District,I-ALM-2399,Nacional | AO S | Propiedades | Cuota impresiones,20016,5685669288,2026-08-31,2026-08-31,,5685669288,invoiceNumber,Sin match,True,Almagro,Pendiente cartola TC agosto completa
2026-08,Google Ads,Almagro Propiedades,Madagascar,Propiedades,Almagro District,I-ALM-2399,Santiago | AO | DemandGen | Propiedades,13190,5685669288,2026-08-31,2026-08-31,,5685669288,invoiceNumber,Sin match,True,Almagro,Pendiente cartola TC agosto completa
2026-08,Google Ads,Almagro Propiedades,Madagascar,Propiedades,Almagro District,I-ALM-2399,Santiago | AO | DemandGen | Propiedades,10386,5685669288,2026-08-31,2026-08-31,,5685669288,invoiceNumber,Sin match,True,Almagro,Pendiente cartola TC agosto completa
2026-08,Google Ads,Pilares,Arcilla Roja,Santiago Centro,Franklin,I-ALM-2212,Santiago | YT | Por proyecto | Franklin | Santiago Centro,550948,5682710794,2026-08-31,2026-08-31,,5682710794,invoiceNumber,Sin match,True,Pilares,Pendiente cartola TC agosto completa
2026-08,Google Ads,Pilares,ICSA,Genérico,Conde del Maule,I-SVS-2255,Santiago | AO S | Always On,128947,5682710794,2026-08-31,2026-08-31,,5682710794,invoiceNumber,Sin match,True,Pilares,Pendiente cartola TC agosto completa
2026-08,Google Ads,Pilares,ICSA,Inversionista,Conde del Maule,I-SVS-2255,Santiago | AO S | Inversionistas 2,125144,5682710794,2026-08-31,2026-08-31,,5682710794,invoiceNumber,Sin match,True,Pilares,Pendiente cartola TC agosto completa
2026-08,Google Ads,Pilares,ICSA,Estación Central,Conde del Maule,I-SVS-2255,Santiago | AO S | Por Comuna | Estacion Central #2,1114799,5682710794,2026-08-31,2026-08-31,,5682710794,invoiceNumber,Sin match,True,Pilares,Pendiente cartola TC agosto completa
2026-08,Google Ads,Pilares,ICSA,Estación Central,Conde del Maule,I-SVS-2255,Santiago | Max. Rend. | Por proyecto | Conde Maule | Estacion Central,423364,5682710794,2026-08-31,2026-08-31,,5682710794,invoiceNumber,Sin match,True,Pilares,Pendiente cartola TC agosto completa
2026-08,Google Ads,Pilares,ICSA,Estación Central,Conde del Maule,I-SVS-2255,Santiago | Max. Rend. | Por proyecto | Conde Maule | Estacion Central,8099,5682710794,2026-08-31,2026-08-31,,5682710794,invoiceNumber,Sin match,True,Pilares,Pendiente cartola TC agosto completa
2026-08,Google Ads,Pilares,ICSA,Genérico,Edificio Ñuble,I-SVS-2173,Santiago | AO S | Always On,128946,5682710794,2026-08-31,2026-08-31,,5682710794,invoiceNumber,Sin match,True,Pilares,Pendiente cartola TC agosto completa
2026-08,Google Ads,Pilares,ICSA,Inversionista,Edificio Ñuble,I-SVS-2173,Santiago | AO S | Inversionistas 2,125144,5682710794,2026-08-31,2026-08-31,,5682710794,invoiceNumber,Sin match,True,Pilares,Pendiente cartola TC agosto completa
2026-08,Google Ads,Pilares,ICSA,Santiago Centro,Edificio Ñuble,I-SVS-2173,Santiago | AO S | Por Comuna | Santiago Centro #2,1386029,5682710794,2026-08-31,2026-08-31,,5682710794,invoiceNumber,Sin match,True,Pilares,Pendiente cartola TC agosto completa
2026-08,Google Ads,Pilares,ICSA,Genérico,Lo Ovalle,I-SVS-2296,Santiago | AO S | Always On,128946,5682710794,2026-08-31,2026-08-31,,5682710794,invoiceNumber,Sin match,True,Pilares,Pendiente cartola TC agosto completa
2026-08,Google Ads,Pilares,ICSA,Inversionista,Lo Ovalle,I-SVS-2296,Santiago | AO S | Inversionistas 2,125144,5682710794,2026-08-31,2026-08-31,,5682710794,invoiceNumber,Sin match,True,Pilares,Pendiente cartola TC agosto completa
2026-08,Google Ads,Pilares,ICSA,La Cisterna,Lo Ovalle,I-SVS-2296,Santiago | AO S | Por Comuna | La Cisterna,886460,5682710794,2026-08-31,2026-08-31,,5682710794,invoiceNumber,Sin match,True,Pilares,Pendiente cartola TC agosto completa
2026-08,Google Ads,Pilares,ICSA,Genérico,Santos Dumont,I-SVS-2246,Santiago | AO S | Always On,128946,5682710794,2026-08-31,2026-08-31,,5682710794,invoiceNumber,Sin match,True,Pilares,Pendiente cartola TC agosto completa
2026-08,Google Ads,Pilares,ICSA,Inversionista,Santos Dumont,I-SVS-2246,Santiago | AO S | Inversionistas 2,125144,5682710794,2026-08-31,2026-08-31,,5682710794,invoiceNumber,Sin match,True,Pilares,Pendiente cartola TC agosto completa
2026-08,Google Ads,Pilares,ICSA,Independencia,Santos Dumont,I-SVS-2246,Santiago | AO S | Por Comuna | Independencia,1116053,5682710794,2026-08-31,2026-08-31,,5682710794,invoiceNumber,Sin match,True,Pilares,Pendiente cartola TC agosto completa
2026-08,Google Ads,Pilares,ICSA,Independencia,Santos Dumont,I-SVS-2246,Santiago | Max. Rend. | Por proyecto | Santos Dumont | Independencia,423693,5682710794,2026-08-31,2026-08-31,,5682710794,invoiceNumber,Sin match,True,Pilares,Pendiente cartola TC agosto completa
2026-08,Google Ads,Pilares,ICSA,Independencia,Santos Dumont,I-SVS-2246,Santiago | Max. Rend. | Por proyecto | Santos Dumont | Independencia,11048,5682710794,2026-08-31,2026-08-31,,5682710794,invoiceNumber,Sin match,True,Pilares,Pendiente cartola TC agosto completa
2026-08,Google Ads,Pilares,Pilares S.A,AON,Guillermo Mann,I-SVS-2250,Actividad no válida...,-49,5682710794,2026-08-31,2026-08-31,,5682710794,invoiceNumber,Sin match,True,,Pendiente cartola TC agosto completa
2026-08,Google Ads,Pilares,Pilares S.A,AON,Guillermo Mann,I-SVS-2250,Costos operativos regulatorios de España,206,5682710794,2026-08-31,2026-08-31,,5682710794,invoiceNumber,Sin match,True,,Pendiente cartola TC agosto completa
2026-08,Google Ads,Pilares,Pilares S.A,AON,Guillermo Mann,I-SVS-2250,Costos operativos regulatorios de Francia,41,5682710794,2026-08-31,2026-08-31,,5682710794,invoiceNumber,Sin match,True,,Pendiente cartola TC agosto completa
2026-08,Google Ads,Pilares,Pilares S.A,Genérico,Guillermo Mann,I-SVS-2250,Santiago | AO S | Always On,128946,5682710794,2026-08-31,2026-08-31,,5682710794,invoiceNumber,Sin match,True,Pilares,Pendiente cartola TC agosto completa
2026-08,Google Ads,Pilares,Pilares S.A,Inversionista,Guillermo Mann,I-SVS-2250,Santiago | AO S | Inversionistas 2,125144,5682710794,2026-08-31,2026-08-31,,5682710794,invoiceNumber,Sin match,True,Pilares,Pendiente cartola TC agosto completa
2026-08,Google Ads,Pilares,Pilares S.A,Ñuñoa,Guillermo Mann,I-SVS-2250,Santiago | AO S | Por Comuna | Ñuñoa #2,888251,5682710794,2026-08-31,2026-08-31,,5682710794,invoiceNumber,Sin match,True,Pilares,Pendiente cartola TC agosto completa
2026-08,Google Ads,Pilares,Pilares S.A,AON,Guillermo Mann,I-SVS-2250,Tarifa del impuesto a los servicios digitales del Reino Unido,6,5682710794,2026-08-31,2026-08-31,,5682710794,invoiceNumber,Sin match,True,,Pendiente cartola TC agosto completa
2026-08,Google Ads,Pilares,Pilares S.A,Genérico,Rodriguez Velasco,I-SVS-2289,Santiago | AO S | Always On,128946,5682710794,2026-08-31,2026-08-31,,5682710794,invoiceNumber,Sin match,True,Pilares,Pendiente cartola TC agosto completa
2026-08,Google Ads,Pilares,Pilares S.A,Inversionista,Rodriguez Velasco,I-SVS-2289,Santiago | AO S | Inversionistas 2,125144,5682710794,2026-08-31,2026-08-31,,5682710794,invoiceNumber,Sin match,True,Pilares,Pendiente cartola TC agosto completa
2026-08,Google Ads,Pilares,Pilares S.A,La Florida,Rodriguez Velasco,I-SVS-2289,Santiago | AO S | Por Comuna | La Florida,886316,5682710794,2026-08-31,2026-08-31,,5682710794,invoiceNumber,Sin match,True,Pilares,Pendiente cartola TC agosto completa
2026-08,Google Ads,Pilares,Pilares S.A,Genérico,Vicuña Mackenna 7244,I-SVS-2131,Santiago | AO S | Always On,128946,5682710794,2026-08-31,2026-08-31,,5682710794,invoiceNumber,Sin match,True,Pilares,Pendiente cartola TC agosto completa
2026-08,Google Ads,Pilares,Pilares S.A,Inversionista,Vicuña Mackenna 7244,I-SVS-2131,Santiago | AO S | Inversionistas 2,125144,5682710794,2026-08-31,2026-08-31,,5682710794,invoiceNumber,Sin match,True,Pilares,Pendiente cartola TC agosto completa
2026-08,Google Ads,Pilares,Pilares S.A,La Florida,Vicuña Mackenna 7244,I-SVS-2131,Santiago | AO S | Por Comuna | La Florida,886315,5682710794,2026-08-31,2026-08-31,,5682710794,invoiceNumber,Sin match,True,Pilares,Pendiente cartola TC agosto completa
2026-08,Google Ads,Socovesa,Consorcio Inmobiliario Macul,Genérico,Las Palmas,I-STG-2205,Santiago | AO S | Por Categoria | Always On Santiago,269869,5684946897,2026-08-31,2026-08-31,,5684946897,invoiceNumber,Sin match,True,Socovesa Santiago,Pendiente cartola TC agosto completa
2026-08,Google Ads,Socovesa,INMOBILIARIA ENCINAS DE PEÑALOLEN,Genérico,Las Pataguas,I-STG-2366,Santiago | AO S | Por Categoria | Always On Santiago,269869,5684946897,2026-08-31,2026-08-31,,5684946897,invoiceNumber,Sin match,True,Socovesa Santiago,Pendiente cartola TC agosto completa
2026-08,Google Ads,Socovesa,INMOBILIARIA ENCINAS DE PEÑALOLEN,Lampa,Las Pataguas,I-STG-2366,Santiago | AO S | Por Proyecto | Las Pataguas | Lampa,1636748,5684946897,2026-08-31,2026-08-31,,5684946897,invoiceNumber,Sin match,True,Socovesa Santiago,Pendiente cartola TC agosto completa
2026-08,Google Ads,Socovesa,INMOBILIARIA ENCINAS DE PEÑALOLEN,Lampa,Los Coihues,I-STG-2325,Actividad no válida...,-648,5684946897,2026-08-31,2026-08-31,,5684946897,invoiceNumber,Sin match,True,,Pendiente cartola TC agosto completa
2026-08,Google Ads,Socovesa,INMOBILIARIA ENCINAS DE PEÑALOLEN,Lampa,Los Coihues,I-STG-2325,Costos operativos regulatorios de España,581,5684946897,2026-08-31,2026-08-31,,5684946897,invoiceNumber,Sin match,True,,Pendiente cartola TC agosto completa
2026-08,Google Ads,Socovesa,INMOBILIARIA ENCINAS DE PEÑALOLEN,Lampa,Los Coihues,I-STG-2325,Costos operativos regulatorios de Francia,32,5684946897,2026-08-31,2026-08-31,,5684946897,invoiceNumber,Sin match,True,,Pendiente cartola TC agosto completa
2026-08,Google Ads,Socovesa,INMOBILIARIA ENCINAS DE PEÑALOLEN,Lampa,Los Coihues,I-STG-2325,Costos operativos regulatorios de Italia,27,5684946897,2026-08-31,2026-08-31,,5684946897,invoiceNumber,Sin match,True,,Pendiente cartola TC agosto completa
2026-08,Google Ads,Socovesa,INMOBILIARIA ENCINAS DE PEÑALOLEN,Lampa,Los Coihues,I-STG-2325,Costos operativos regulatorios de Türkiye,1,5684946897,2026-08-31,2026-08-31,,5684946897,invoiceNumber,Sin match,True,,Pendiente cartola TC agosto completa
2026-08,Google Ads,Socovesa,INMOBILIARIA ENCINAS DE PEÑALOLEN,Genérico,Los Coihues,I-STG-2325,Santiago | AO S | Por Categoria | Always On Santiago,269869,5684946897,2026-08-31,2026-08-31,,5684946897,invoiceNumber,Sin match,True,Socovesa Santiago,Pendiente cartola TC agosto completa
2026-08,Google Ads,Socovesa,INMOBILIARIA ENCINAS DE PEÑALOLEN,Lampa,Los Coihues,I-STG-2325,Santiago | AO S | Por Comuna | Lampa,1599369,5684946897,2026-08-31,2026-08-31,,5684946897,invoiceNumber,Sin match,True,Socovesa Santiago,Pendiente cartola TC agosto completa
2026-08,Google Ads,Socovesa,INMOBILIARIA ENCINAS DE PEÑALOLEN,Lampa,Los Coihues,I-STG-2325,Santiago | Max. Rend. | Por Proyecto | Lampa | Los Coihues,775431,5684946897,2026-08-31,2026-08-31,,5684946897,invoiceNumber,Sin match,True,Socovesa Santiago,Pendiente cartola TC agosto completa
2026-08,Google Ads,Socovesa,INMOBILIARIA ENCINAS DE PEÑALOLEN,Lampa,Los Coihues,I-STG-2325,Santiago | Max. Rend. | Por Proyecto | Lampa | Los Coihues,154109,5684946897,2026-08-31,2026-08-31,,5684946897,invoiceNumber,Sin match,True,Socovesa Santiago,Pendiente cartola TC agosto completa
2026-08,Google Ads,Socovesa,INMOBILIARIA ENCINAS DE PEÑALOLEN,Lampa,Los Coihues,I-STG-2325,Tarifa del impuesto a los servicios digitales de Austria,64,5684946897,2026-08-31,2026-08-31,,5684946897,invoiceNumber,Sin match,True,,Pendiente cartola TC agosto completa
2026-08,Google Ads,Socovesa,INMOBILIARIA ENCINAS DE PEÑALOLEN,Lampa,Los Coihues,I-STG-2325,Tarifa del impuesto a los servicios digitales del Reino Unido,38,5684946897,2026-08-31,2026-08-31,,5684946897,invoiceNumber,Sin match,True,,Pendiente cartola TC agosto completa
2026-08,Google Ads,Socovesa,INSOCO,La Florida,Plaza Mirador,I-STG-2391,Santiago | Max. Rend. | Por Proyecto | La Florida | Plaza Mirador #2,903291,5684946897,2026-08-31,2026-08-31,,5684946897,invoiceNumber,Sin match,True,Manual,Pendiente cartola TC agosto completa
2026-08,Google Ads,Socovesa,INSOCO,La Florida,Plaza Mirador,I-STG-2391,Santiago | Max. Rend. | Por Proyecto | La Florida | Plaza Mirador #2,648,5684946897,2026-08-31,2026-08-31,,5684946897,invoiceNumber,Sin match,True,Manual,Pendiente cartola TC agosto completa
2026-08,Google Ads,Socovesa,Inmobiliaria El Descubridor,Genérico,Pajaritos,I-STG-2204,Santiago | AO S | Por Categoria | Always On Santiago,269869,5684946897,2026-08-31,2026-08-31,,5684946897,invoiceNumber,Sin match,True,Socovesa Santiago,Pendiente cartola TC agosto completa
2026-08,Google Ads,Socovesa,Inmobiliaria El Descubridor,Maipú,Pajaritos,I-STG-2204,Santiago | AO S | Por Comuna | Maipu V2,1628947,5684946897,2026-08-31,2026-08-31,,5684946897,invoiceNumber,Sin match,True,Socovesa Santiago,Pendiente cartola TC agosto completa
2026-08,Google Ads,Socovesa,Inmobiliaria El Descubridor,Maipú,Pajaritos,I-STG-2204,Santiago | Max. Rend. | Por Proyecto | Maipú | Pajaritos,777853,5684946897,2026-08-31,2026-08-31,,5684946897,invoiceNumber,Sin match,True,Socovesa Santiago,Pendiente cartola TC agosto completa
2026-08,Google Ads,Socovesa,Inmobiliaria El Descubridor,Maipú,Pajaritos,I-STG-2204,Santiago | Max. Rend. | Por Proyecto | Maipú | Pajaritos,155254,5684946897,2026-08-31,2026-08-31,,5684946897,invoiceNumber,Sin match,True,Socovesa Santiago,Pendiente cartola TC agosto completa
2026-08,Google Ads,Socovesa,Pilares S.A,Genérico,Marathon,I-SVS-2349,Santiago | AO S | Por Categoria | Always On Santiago,269869,5684946897,2026-08-31,2026-08-31,,5684946897,invoiceNumber,Sin match,True,Socovesa Santiago,Pendiente cartola TC agosto completa
2026-08,Google Ads,Socovesa,Pilares S.A,Ñuñoa,Marathon,I-SVS-2349,Santiago | AO S | Por Comuna | Ñuñoa #2,1599028,5684946897,2026-08-31,2026-08-31,,5684946897,invoiceNumber,Sin match,True,Socovesa Santiago,Pendiente cartola TC agosto completa
2026-08,Google Ads,Socovesa,Pilares S.A,Ñuñoa,Marathon,I-SVS-2349,Santiago | Max. Rend. | Por Proyecto | Ñuñoa | Marathon,421625,5684946897,2026-08-31,2026-08-31,,5684946897,invoiceNumber,Sin match,True,Socovesa Santiago,Pendiente cartola TC agosto completa
2026-08,Google Ads,Socovesa,Pilares S.A,Ñuñoa,Marathon,I-SVS-2349,Santiago | Max. Rend. | Por Proyecto | Ñuñoa | Marathon,19276,5684946897,2026-08-31,2026-08-31,,5684946897,invoiceNumber,Sin match,True,Socovesa Santiago,Pendiente cartola TC agosto completa
2026-08,Google Ads,Socovesa,Pilares S.A,La Florida,Rodriguez Velasco,I-SVS-2289,Santiago | AO S | Comuna | La Florida,810042,5684946897,2026-08-31,2026-08-31,,5684946897,invoiceNumber,Sin match,True,Socovesa,Pendiente cartola TC agosto completa
2026-08,Google Ads,Socovesa,Pilares S.A,La Florida,Vicuña Mackenna 7244,I-SVS-2131,Santiago | AO S | Comuna | La Florida,810042,5684946897,2026-08-31,2026-08-31,,5684946897,invoiceNumber,Sin match,True,Socovesa,Pendiente cartola TC agosto completa
2026-08,Google Ads,Socovesa,Sociedad Comercializadora Metropolitana,Genérico,Coipue,I-STG-2229,Santiago | AO S | Por Categoria | Always On Santiago,269870,5684946897,2026-08-31,2026-08-31,,5684946897,invoiceNumber,Sin match,True,Socovesa Santiago,Pendiente cartola TC agosto completa
2026-08,Google Ads,Socovesa,Sociedad Comercializadora Metropolitana,Macul,Coipue,I-STG-2229,Santiago | AO S | Por Proyecto | Macul | Coipué,1600978,5684946897,2026-08-31,2026-08-31,,5684946897,invoiceNumber,Sin match,True,Socovesa Santiago,Pendiente cartola TC agosto completa
2026-08,Google Ads,Socovesa,Sociedad Comercializadora Metropolitana,Macul,Coipue,I-STG-2229,Santiago | Max. Rend. | Por Proyecto | Macul | Coipue,916427,5684946897,2026-08-31,2026-08-31,,5684946897,invoiceNumber,Sin match,True,Manual,Pendiente cartola TC agosto completa
2026-08,Google Ads,Socovesa,Sociedad Comercializadora Metropolitana,Macul,Coipue,I-STG-2229,Santiago | Max. Rend. | Por Proyecto | Macul | Coipue,6266,5684946897,2026-08-31,2026-08-31,,5684946897,invoiceNumber,Sin match,True,Manual,Pendiente cartola TC agosto completa
2026-08,Google Ads,Socovesa,Socovesa Sur S.A,Los Ángeles,Alto Maderos,I-SUR-2335,Centro Sur | AO S | Por Ciudad | Los Angeles #2,231048,5684946897,2026-08-31,2026-08-31,,5684946897,invoiceNumber,Sin match,True,Socovesa Sur,Pendiente cartola TC agosto completa
2026-08,Google Ads,Socovesa,Socovesa Sur S.A,Inversionista,Alto Maderos,I-SUR-2335,Sur | AO S | Inversionistas,35278,5684946897,2026-08-31,2026-08-31,,5684946897,invoiceNumber,Sin match,True,Socovesa Sur,Pendiente cartola TC agosto completa
2026-08,Google Ads,Socovesa,Socovesa Sur S.A,Genérico,Alto Maderos,I-SUR-2335,Sur | AO S | Por Categoria | Always On Sur,35953,5684946897,2026-08-31,2026-08-31,,5684946897,invoiceNumber,Sin match,True,Socovesa Sur,Pendiente cartola TC agosto completa
2026-08,Google Ads,Socovesa,Socovesa Sur S.A,Inversionista,Edificio Vértice,I-SUR-2297,Sur | AO S | Inversionistas,35278,5684946897,2026-08-31,2026-08-31,,5684946897,invoiceNumber,Sin match,True,Socovesa Sur,Pendiente cartola TC agosto completa
2026-08,Google Ads,Socovesa,Socovesa Sur S.A,Genérico,Edificio Vértice,I-SUR-2297,Sur | AO S | Por Categoria | Always On Sur,35953,5684946897,2026-08-31,2026-08-31,,5684946897,invoiceNumber,Sin match,True,Socovesa Sur,Pendiente cartola TC agosto completa
2026-08,Google Ads,Socovesa,Socovesa Sur S.A,Temuco,Edificio Vértice,I-SUR-2297,Sur | AO S | Por Ciudad | Temuco,386810,5684946897,2026-08-31,2026-08-31,,5684946897,invoiceNumber,Sin match,True,Socovesa Sur,Pendiente cartola TC agosto completa
2026-08,Google Ads,Socovesa,Socovesa Sur S.A,Inversionista,García Reyes,I-SUR-2283,Sur | AO S | Inversionistas,35277,5684946897,2026-08-31,2026-08-31,,5684946897,invoiceNumber,Sin match,True,Socovesa Sur,Pendiente cartola TC agosto completa
2026-08,Google Ads,Socovesa,Socovesa Sur S.A,Genérico,García Reyes,I-SUR-2283,Sur | AO S | Por Categoria | Always On Sur,35953,5684946897,2026-08-31,2026-08-31,,5684946897,invoiceNumber,Sin match,True,Socovesa Sur,Pendiente cartola TC agosto completa
2026-08,Google Ads,Socovesa,Socovesa Sur S.A,Valdivia,García Reyes,I-SUR-2283,Sur | AO S | Valdivia,372483,5684946897,2026-08-31,2026-08-31,,5684946897,invoiceNumber,Sin match,True,Socovesa Sur,Pendiente cartola TC agosto completa
2026-08,Google Ads,Socovesa,Socovesa Sur S.A,Valdivia,García Reyes,I-SUR-2283,Sur | Max. Rend. | Por Proyecto | Valdivia | Garcia Reyes,362629,5684946897,2026-08-31,2026-08-31,,5684946897,invoiceNumber,Sin match,True,Manual,Pendiente cartola TC agosto completa
2026-08,Google Ads,Socovesa,Socovesa Sur S.A,Valdivia,García Reyes,I-SUR-2283,Sur | Max. Rend. | Por Proyecto | Valdivia | Garcia Reyes,791,5684946897,2026-08-31,2026-08-31,,5684946897,invoiceNumber,Sin match,True,Manual,Pendiente cartola TC agosto completa
2026-08,Google Ads,Socovesa,Socovesa Sur S.A,Inversionista,Icono,I-SUR-2346,Sur | AO S | Inversionistas,35277,5684946897,2026-08-31,2026-08-31,,5684946897,invoiceNumber,Sin match,True,Socovesa Sur,Pendiente cartola TC agosto completa
2026-08,Google Ads,Socovesa,Socovesa Sur S.A,Genérico,Icono,I-SUR-2346,Sur | AO S | Por Categoria | Always On Sur,35953,5684946897,2026-08-31,2026-08-31,,5684946897,invoiceNumber,Sin match,True,Socovesa Sur,Pendiente cartola TC agosto completa
2026-08,Google Ads,Socovesa,Socovesa Sur S.A,Temuco,Icono,I-SUR-2346,Sur | AO S | Por Ciudad | Temuco,440866,5684946897,2026-08-31,2026-08-31,,5684946897,invoiceNumber,Sin match,True,Socovesa Sur,Pendiente cartola TC agosto completa
2026-08,Google Ads,Socovesa,Socovesa Sur S.A,Inversionista,N3,I-SUR-2331,Sur | AO S | Inversionistas,35277,5684946897,2026-08-31,2026-08-31,,5684946897,invoiceNumber,Sin match,True,Socovesa Sur,Pendiente cartola TC agosto completa
2026-08,Google Ads,Socovesa,Socovesa Sur S.A,Genérico,N3,I-SUR-2331,Sur | AO S | Por Categoria | Always On Sur,35953,5684946897,2026-08-31,2026-08-31,,5684946897,invoiceNumber,Sin match,True,Socovesa Sur,Pendiente cartola TC agosto completa
2026-08,Google Ads,Socovesa,Socovesa Sur S.A,Temuco,N3,I-SUR-2331,Sur | AO S | Por Ciudad | Temuco,440866,5684946897,2026-08-31,2026-08-31,,5684946897,invoiceNumber,Sin match,True,Socovesa Sur,Pendiente cartola TC agosto completa
2026-08,Google Ads,Socovesa,Socovesa Sur S.A,Temuco,N3,I-SUR-2331,Sur | Max. Rend. | Por Proyecto | Temuco | N3 #2,68327,5684946897,2026-08-31,2026-08-31,,5684946897,invoiceNumber,Sin match,True,Manual,Pendiente cartola TC agosto completa
2026-08,Google Ads,Socovesa,Socovesa Sur S.A,Temuco,N3,I-SUR-2331,Sur | Max. Rend. | Por Proyecto | Temuco | N3 #2,14,5684946897,2026-08-31,2026-08-31,,5684946897,invoiceNumber,Sin match,True,Manual,Pendiente cartola TC agosto completa
2026-08,Google Ads,Socovesa,Socovesa Sur S.A,Temuco,N3,I-SUR-2331,Sur | Max. Rend. | Por Proyecto | Temuco | N3 #3,308767,5684946897,2026-08-31,2026-08-31,,5684946897,invoiceNumber,Sin match,True,Manual,Pendiente cartola TC agosto completa
2026-08,Google Ads,Socovesa,Socovesa Sur S.A,Temuco,N3,I-SUR-2331,Sur | Max. Rend. | Por Proyecto | Temuco | N3 #3,79,5684946897,2026-08-31,2026-08-31,,5684946897,invoiceNumber,Sin match,True,Manual,Pendiente cartola TC agosto completa
2026-08,Google Ads,Socovesa,Socovesa Sur S.A,Chillán,Nueva Toledo,I-SUR-2334,Centro Sur | AO S | Por Ciudad | Chillan 2,414670,5684946897,2026-08-31,2026-08-31,,5684946897,invoiceNumber,Sin match,True,Socovesa Sur,Pendiente cartola TC agosto completa
2026-08,Google Ads,Socovesa,Socovesa Sur S.A,Inversionista,Nueva Toledo,I-SUR-2334,Sur | AO S | Inversionistas,35277,5684946897,2026-08-31,2026-08-31,,5684946897,invoiceNumber,Sin match,True,Socovesa Sur,Pendiente cartola TC agosto completa
2026-08,Google Ads,Socovesa,Socovesa Sur S.A,Genérico,Nueva Toledo,I-SUR-2334,Sur | AO S | Por Categoria | Always On Sur,35953,5684946897,2026-08-31,2026-08-31,,5684946897,invoiceNumber,Sin match,True,Socovesa Sur,Pendiente cartola TC agosto completa
2026-08,Google Ads,Socovesa,Socovesa Sur S.A,Inversionista,O3,I-SUR-2373,Sur | AO S | Inversionistas,35277,5684946897,2026-08-31,2026-08-31,,5684946897,invoiceNumber,Sin match,True,Socovesa Sur,Pendiente cartola TC agosto completa
2026-08,Google Ads,Socovesa,Socovesa Sur S.A,Genérico,O3,I-SUR-2373,Sur | AO S | Por Categoria | Always On Sur,35953,5684946897,2026-08-31,2026-08-31,,5684946897,invoiceNumber,Sin match,True,Socovesa Sur,Pendiente cartola TC agosto completa
2026-08,Google Ads,Socovesa,Socovesa Sur S.A,Temuco,O3,I-SUR-2373,Sur | AO S | Por Ciudad | Temuco,440866,5684946897,2026-08-31,2026-08-31,,5684946897,invoiceNumber,Sin match,True,Socovesa Sur,Pendiente cartola TC agosto completa
2026-08,Google Ads,Socovesa,Socovesa Sur S.A,Inversionista,Origen,I-SUR-2346,Sur | AO S | Inversionistas,35277,5684946897,2026-08-31,2026-08-31,,5684946897,invoiceNumber,Sin match,True,Socovesa Sur,Pendiente cartola TC agosto completa
2026-08,Google Ads,Socovesa,Socovesa Sur S.A,Genérico,Origen,I-SUR-2346,Sur | AO S | Por Categoria | Always On Sur,35953,5684946897,2026-08-31,2026-08-31,,5684946897,invoiceNumber,Sin match,True,Socovesa Sur,Pendiente cartola TC agosto completa
2026-08,Google Ads,Socovesa,Socovesa Sur S.A,Temuco,Origen,I-SUR-2346,Sur | AO S | Por Ciudad | Temuco,440866,5684946897,2026-08-31,2026-08-31,,5684946897,invoiceNumber,Sin match,True,Socovesa Sur,Pendiente cartola TC agosto completa
2026-08,Google Ads,Socovesa,Socovesa Sur S.A,Chillán,PDL,I-SUR-2372,Centro Sur | AO S | Por Ciudad | Chillan 2,414670,5684946897,2026-08-31,2026-08-31,,5684946897,invoiceNumber,Sin match,True,Socovesa Sur,Pendiente cartola TC agosto completa
2026-08,Google Ads,Socovesa,Socovesa Sur S.A,Inversionista,PDL,I-SUR-2372,Sur | AO S | Inversionistas,35277,5684946897,2026-08-31,2026-08-31,,5684946897,invoiceNumber,Sin match,True,Socovesa Sur,Pendiente cartola TC agosto completa
2026-08,Google Ads,Socovesa,Socovesa Sur S.A,Genérico,PDL,I-SUR-2372,Sur | AO S | Por Categoria | Always On Sur,35952,5684946897,2026-08-31,2026-08-31,,5684946897,invoiceNumber,Sin match,True,Socovesa Sur,Pendiente cartola TC agosto completa
2026-08,Google Ads,Socovesa,Socovesa Sur S.A,Chillán,PDL,I-SUR-2372,Sur | Max. Rend. | Portal del Libertador IX,363526,5684946897,2026-08-31,2026-08-31,,5684946897,invoiceNumber,Sin match,True,Manual,Pendiente cartola TC agosto completa
2026-08,Google Ads,Socovesa,Socovesa Sur S.A,Chillán,PDL,I-SUR-2372,Sur | Max. Rend. | Portal del Libertador IX,873,5684946897,2026-08-31,2026-08-31,,5684946897,invoiceNumber,Sin match,True,Manual,Pendiente cartola TC agosto completa
2026-08,Google Ads,Socovesa,Socovesa Sur S.A,Los Ángeles,Parque Avellanos,I-SUR-2336,Centro Sur | AO S | Por Ciudad | Los Angeles #2,231048,5684946897,2026-08-31,2026-08-31,,5684946897,invoiceNumber,Sin match,True,Socovesa Sur,Pendiente cartola TC agosto completa
2026-08,Google Ads,Socovesa,Socovesa Sur S.A,Inversionista,Parque Avellanos,I-SUR-2336,Sur | AO S | Inversionistas,35277,5684946897,2026-08-31,2026-08-31,,5684946897,invoiceNumber,Sin match,True,Socovesa Sur,Pendiente cartola TC agosto completa
2026-08,Google Ads,Socovesa,Socovesa Sur S.A,Genérico,Parque Avellanos,I-SUR-2336,Sur | AO S | Por Categoria | Always On Sur,35952,5684946897,2026-08-31,2026-08-31,,5684946897,invoiceNumber,Sin match,True,Socovesa Sur,Pendiente cartola TC agosto completa
2026-08,Google Ads,Socovesa,Socovesa Sur S.A,Puerto Montt,Portal Austral,I-SUR-2340,Sur Austral | AO S | Por Ciudad | Puerto Montt,412741,5684946897,2026-08-31,2026-08-31,,5684946897,invoiceNumber,Sin match,True,Socovesa Sur,Pendiente cartola TC agosto completa
2026-08,Google Ads,Socovesa,Socovesa Sur S.A,Inversionista,Portal Austral,I-SUR-2340,Sur | AO S | Inversionistas,35277,5684946897,2026-08-31,2026-08-31,,5684946897,invoiceNumber,Sin match,True,Socovesa Sur,Pendiente cartola TC agosto completa
2026-08,Google Ads,Socovesa,Socovesa Sur S.A,Genérico,Portal Austral,I-SUR-2340,Sur | AO S | Por Categoria | Always On Sur,35952,5684946897,2026-08-31,2026-08-31,,5684946897,invoiceNumber,Sin match,True,Socovesa Sur,Pendiente cartola TC agosto completa
2026-08,Google Ads,Socovesa,Socovesa Sur S.A,Punta Arenas,Reserva Magallanes,I-SUR-2323,Sur Austral | AO S | Por Ciudad | Punta Arenas,460844,5684946897,2026-08-31,2026-08-31,,5684946897,invoiceNumber,Sin match,True,Socovesa Sur,Pendiente cartola TC agosto completa
2026-08,Google Ads,Socovesa,Socovesa Sur S.A,Inversionista,Reserva Magallanes,I-SUR-2323,Sur | AO S | Inversionistas,35277,5684946897,2026-08-31,2026-08-31,,5684946897,invoiceNumber,Sin match,True,Socovesa Sur,Pendiente cartola TC agosto completa
2026-08,Google Ads,Socovesa,Socovesa Sur S.A,Genérico,Reserva Magallanes,I-SUR-2323,Sur | AO S | Por Categoria | Always On Sur,35952,5684946897,2026-08-31,2026-08-31,,5684946897,invoiceNumber,Sin match,True,Socovesa Sur,Pendiente cartola TC agosto completa
2026-08,Google Ads,Socovesa,Socovesa Sur S.A,Puerto Montt,Terraza Mirador,I-SUR-2333,Sur Austral | AO S | Por Ciudad | Puerto Montt,412741,5684946897,2026-08-31,2026-08-31,,5684946897,invoiceNumber,Sin match,True,Socovesa Sur,Pendiente cartola TC agosto completa
2026-08,Google Ads,Socovesa,Socovesa Sur S.A,Inversionista,Terraza Mirador,I-SUR-2333,Sur | AO S | Inversionistas,35277,5684946897,2026-08-31,2026-08-31,,5684946897,invoiceNumber,Sin match,True,Socovesa Sur,Pendiente cartola TC agosto completa
2026-08,Google Ads,Socovesa,Socovesa Sur S.A,Genérico,Terraza Mirador,I-SUR-2333,Sur | AO S | Por Categoria | Always On Sur,35952,5684946897,2026-08-31,2026-08-31,,5684946897,invoiceNumber,Sin match,True,Socovesa Sur,Pendiente cartola TC agosto completa
2026-08,Meta,Almagro Inmobiliaria,Almagro S.A,Almagro Plus,Almagro Plus,I-ALM-2234,FB_AOL_Santiago_AlmagroPlus,151417,255333164,2026-09-01,2026-09-01,,255333164,transactionId,No aplica,True,Almagro,Pendiente cartola TC agosto completa
2026-08,Meta,Almagro Inmobiliaria,Almagro S.A,Ñuñoa,Almagro Plus,I-ALM-2234,FB_AOT_Santiago_AlmagroPlus,1040481,255333164,2026-09-01,2026-09-01,,255333164,transactionId,No aplica,True,Almagro,Pendiente cartola TC agosto completa
2026-08,Meta,Almagro Inmobiliaria,Almagro S.A,Marca,Almagro Plus,I-ALM-2234,FB_Almagro_Awareness,224226,255333164,2026-09-01,2026-09-01,,255333164,transactionId,No aplica,True,Almagro,Pendiente cartola TC agosto completa
2026-08,Meta,Almagro Inmobiliaria,Almagro S.A,Blog,Almagro Plus,I-ALM-2234,FB_Almagro_Patrocinado_Blog,6776,255333164,2026-09-01,2026-09-01,,255333164,transactionId,No aplica,True,Almagro,Pendiente cartola TC agosto completa
2026-08,Meta,Almagro Inmobiliaria,Almagro S.A,PPP,Almagro Plus,I-ALM-2234,FB_Almagro_TuDeptoEsTuPie,69976,255333164,2026-09-01,2026-09-01,,255333164,transactionId,No aplica,True,Almagro,Pendiente cartola TC agosto completa
2026-08,Meta,Almagro Inmobiliaria,Almagro S.A,Antofagasta,Almagro Terra,I-ALM-2360,FB_AOL_Antofagasta_AlmagroTerra,188073,255333164,2026-09-01,2026-09-01,,255333164,transactionId,No aplica,True,Almagro,Pendiente cartola TC agosto completa
2026-08,Meta,Almagro Inmobiliaria,Almagro S.A,Providencia,Balance,I-ALM-2358,FB_AOL_Santiago_Balance,183647,255333164,2026-09-01,2026-09-01,,255333164,transactionId,No aplica,True,Almagro,Pendiente cartola TC agosto completa
2026-08,Meta,Almagro Inmobiliaria,Almagro S.A,Marca,Balance,I-ALM-2358,FB_Almagro_Awareness,224226,255333164,2026-09-01,2026-09-01,,255333164,transactionId,No aplica,True,Almagro,Pendiente cartola TC agosto completa
2026-08,Meta,Almagro Inmobiliaria,Almagro S.A,Blog,Balance,I-ALM-2358,FB_Almagro_Patrocinado_Blog,6776,255333164,2026-09-01,2026-09-01,,255333164,transactionId,No aplica,True,Almagro,Pendiente cartola TC agosto completa
2026-08,Meta,Almagro Inmobiliaria,Almagro S.A,PPP,Balance,I-ALM-2358,FB_Almagro_TuDeptoEsTuPie,69976,255333164,2026-09-01,2026-09-01,,255333164,transactionId,No aplica,True,Almagro,Pendiente cartola TC agosto completa
2026-08,Meta,Almagro Inmobiliaria,Almagro S.A,Santiago Centro,Carrera 4,I-ALM-2275,FB_AOL_Santiago_Carrera_IV,199535,255333164,2026-09-01,2026-09-01,,255333164,transactionId,No aplica,True,Almagro,Pendiente cartola TC agosto completa
2026-08,Meta,Almagro Inmobiliaria,Almagro S.A,Santiago,Carrera 4,I-ALM-2275,FB_AOT_Santiago_Carrera_IV,1031790,255333164,2026-09-01,2026-09-01,,255333164,transactionId,No aplica,True,Manual,Pendiente cartola TC agosto completa
2026-08,Meta,Almagro Inmobiliaria,Almagro S.A,AON,Carrera 4,I-ALM-2275,FB_Advantage_Almagro,563196,255333164,2026-09-01,2026-09-01,,255333164,transactionId,No aplica,True,Almagro,Pendiente cartola TC agosto completa
2026-08,Meta,Almagro Inmobiliaria,Almagro S.A,Marca,Carrera 4,I-ALM-2275,FB_Almagro_Awareness,224226,255333164,2026-09-01,2026-09-01,,255333164,transactionId,No aplica,True,Almagro,Pendiente cartola TC agosto completa
2026-08,Meta,Almagro Inmobiliaria,Almagro S.A,Blog,Carrera 4,I-ALM-2275,FB_Almagro_Patrocinado_Blog,6776,255333164,2026-09-01,2026-09-01,,255333164,transactionId,No aplica,True,Almagro,Pendiente cartola TC agosto completa
2026-08,Meta,Almagro Inmobiliaria,Almagro S.A,PPP,Carrera 4,I-ALM-2275,FB_Almagro_TuDeptoEsTuPie,69976,255333164,2026-09-01,2026-09-01,,255333164,transactionId,No aplica,True,Almagro,Pendiente cartola TC agosto completa
2026-08,Meta,Almagro Inmobiliaria,Almagro S.A,Antofagasta,Indico,I-ALM-1453,FB_AOL_Antofagasta_Indico,483182,255333164,2026-09-01,2026-09-01,,255333164,transactionId,No aplica,True,Almagro,Pendiente cartola TC agosto completa
2026-08,Meta,Almagro Inmobiliaria,Almagro S.A,AON,Indico,I-ALM-1453,FB_Advantage_Almagro,563196,255333164,2026-09-01,2026-09-01,,255333164,transactionId,No aplica,True,Almagro,Pendiente cartola TC agosto completa
2026-08,Meta,Almagro Inmobiliaria,Almagro S.A,Marca,Indico,I-ALM-1453,FB_Almagro_Awareness,224226,255333164,2026-09-01,2026-09-01,,255333164,transactionId,No aplica,True,Almagro,Pendiente cartola TC agosto completa
2026-08,Meta,Almagro Inmobiliaria,Almagro S.A,Blog,Indico,I-ALM-1453,FB_Almagro_Patrocinado_Blog,6776,255333164,2026-09-01,2026-09-01,,255333164,transactionId,No aplica,True,Almagro,Pendiente cartola TC agosto completa
2026-08,Meta,Almagro Inmobiliaria,Almagro S.A,PPP,Indico,I-ALM-1453,FB_Almagro_TuDeptoEsTuPie,69976,255333164,2026-09-01,2026-09-01,,255333164,transactionId,No aplica,True,Almagro,Pendiente cartola TC agosto completa
2026-08,Meta,Almagro Inmobiliaria,Almagro S.A,Macul,Insigne,I-ALM-2157,FB_AOL_Santiago_Insigne,283828,255333164,2026-09-01,2026-09-01,,255333164,transactionId,No aplica,True,Almagro,Pendiente cartola TC agosto completa
2026-08,Meta,Almagro Inmobiliaria,Almagro S.A,Santiago,Insigne,I-ALM-2157,FB_AOT_Inversionistas,1390251,255333164,2026-09-01,2026-09-01,,255333164,transactionId,No aplica,True,Manual,Pendiente cartola TC agosto completa
2026-08,Meta,Almagro Inmobiliaria,Almagro S.A,Macul,Insigne,I-ALM-2157,FB_AOT_Santiago_Insigne,1405284,255333164,2026-09-01,2026-09-01,,255333164,transactionId,No aplica,True,Almagro,Pendiente cartola TC agosto completa
2026-08,Meta,Almagro Inmobiliaria,Almagro S.A,Marca,Insigne,I-ALM-2157,FB_Almagro_Awareness,224226,255333164,2026-09-01,2026-09-01,,255333164,transactionId,No aplica,True,Almagro,Pendiente cartola TC agosto completa
2026-08,Meta,Almagro Inmobiliaria,Almagro S.A,Blog,Insigne,I-ALM-2157,FB_Almagro_Patrocinado_Blog,6776,255333164,2026-09-01,2026-09-01,,255333164,transactionId,No aplica,True,Almagro,Pendiente cartola TC agosto completa
2026-08,Meta,Almagro Inmobiliaria,Almagro S.A,PPP,Insigne,I-ALM-2157,FB_Almagro_TuDeptoEsTuPie,69976,255333164,2026-09-01,2026-09-01,,255333164,transactionId,No aplica,True,Almagro,Pendiente cartola TC agosto completa
2026-08,Meta,Almagro Inmobiliaria,Almagro S.A,Lo Barnechea,Los Cactus,I-ALM-2342,FB_AOL_Santiago_LosCactus,186312,255333164,2026-09-01,2026-09-01,,255333164,transactionId,No aplica,True,Almagro,Pendiente cartola TC agosto completa
2026-08,Meta,Almagro Inmobiliaria,Almagro S.A,AON,Los Cactus,I-ALM-2342,FB_Advantage_Almagro,563196,255333164,2026-09-01,2026-09-01,,255333164,transactionId,No aplica,True,Almagro,Pendiente cartola TC agosto completa
2026-08,Meta,Almagro Inmobiliaria,Almagro S.A,Marca,Los Cactus,I-ALM-2342,FB_Almagro_Awareness,224226,255333164,2026-09-01,2026-09-01,,255333164,transactionId,No aplica,True,Almagro,Pendiente cartola TC agosto completa
2026-08,Meta,Almagro Inmobiliaria,Almagro S.A,Blog,Los Cactus,I-ALM-2342,FB_Almagro_Patrocinado_Blog,6776,255333164,2026-09-01,2026-09-01,,255333164,transactionId,No aplica,True,Almagro,Pendiente cartola TC agosto completa
2026-08,Meta,Almagro Inmobiliaria,Almagro S.A,PPP,Los Cactus,I-ALM-2342,FB_Almagro_TuDeptoEsTuPie,69976,255333164,2026-09-01,2026-09-01,,255333164,transactionId,No aplica,True,Almagro,Pendiente cartola TC agosto completa
2026-08,Meta,Almagro Inmobiliaria,Almagro S.A,Providencia,Lyon Bilbao,I-ALM-2211,FB_AOL_Santiago_LyonBilbao,184832,255333164,2026-09-01,2026-09-01,,255333164,transactionId,No aplica,True,Almagro,Pendiente cartola TC agosto completa
2026-08,Meta,Almagro Inmobiliaria,Almagro S.A,AON,Lyon Bilbao,I-ALM-2211,FB_Advantage_Almagro,563196,255333164,2026-09-01,2026-09-01,,255333164,transactionId,No aplica,True,Almagro,Pendiente cartola TC agosto completa
2026-08,Meta,Almagro Inmobiliaria,Almagro S.A,Marca,Lyon Bilbao,I-ALM-2211,FB_Almagro_Awareness,224226,255333164,2026-09-01,2026-09-01,,255333164,transactionId,No aplica,True,Almagro,Pendiente cartola TC agosto completa
2026-08,Meta,Almagro Inmobiliaria,Almagro S.A,Blog,Lyon Bilbao,I-ALM-2211,FB_Almagro_Patrocinado_Blog,6776,255333164,2026-09-01,2026-09-01,,255333164,transactionId,No aplica,True,Almagro,Pendiente cartola TC agosto completa
2026-08,Meta,Almagro Inmobiliaria,Almagro S.A,PPP,Lyon Bilbao,I-ALM-2211,FB_Almagro_TuDeptoEsTuPie,69976,255333164,2026-09-01,2026-09-01,,255333164,transactionId,No aplica,True,Almagro,Pendiente cartola TC agosto completa
2026-08,Meta,Almagro Inmobiliaria,Almagro S.A,Antofagasta,Parque Brasil,I-ALM-2285,FB_AOL_Antofagasta_ParqueBrasil,301455,255333164,2026-09-01,2026-09-01,,255333164,transactionId,No aplica,True,Almagro,Pendiente cartola TC agosto completa
2026-08,Meta,Almagro Inmobiliaria,Almagro S.A,Antofagasta,Parque Brasil,I-ALM-2285,FB_AOT_Antofagasta_ParqueBrasil,1040128,255333164,2026-09-01,2026-09-01,,255333164,transactionId,No aplica,True,Almagro,Pendiente cartola TC agosto completa
2026-08,Meta,Almagro Inmobiliaria,Almagro S.A,Marca,Parque Brasil,I-ALM-2285,FB_Almagro_Awareness,224226,255333164,2026-09-01,2026-09-01,,255333164,transactionId,No aplica,True,Almagro,Pendiente cartola TC agosto completa
2026-08,Meta,Almagro Inmobiliaria,Almagro S.A,Blog,Parque Brasil,I-ALM-2285,FB_Almagro_Patrocinado_Blog,6776,255333164,2026-09-01,2026-09-01,,255333164,transactionId,No aplica,True,Almagro,Pendiente cartola TC agosto completa
2026-08,Meta,Almagro Inmobiliaria,Almagro S.A,PPP,Parque Brasil,I-ALM-2285,FB_Almagro_TuDeptoEsTuPie,69976,255333164,2026-09-01,2026-09-01,,255333164,transactionId,No aplica,True,Almagro,Pendiente cartola TC agosto completa
2026-08,Meta,Almagro Inmobiliaria,Almagro S.A,Ñuñoa,San Eugenio 2,I-ALM-2227,FB_AOL_Santiago_SanEugenio,302472,255333164,2026-09-01,2026-09-01,,255333164,transactionId,No aplica,True,Almagro,Pendiente cartola TC agosto completa
2026-08,Meta,Almagro Inmobiliaria,Almagro S.A,Santiago,San Eugenio 2,I-ALM-2227,FB_AOT_Santiago_SanEugenio,1035897,255333164,2026-09-01,2026-09-01,,255333164,transactionId,No aplica,True,Manual,Pendiente cartola TC agosto completa
2026-08,Meta,Almagro Inmobiliaria,Almagro S.A,AON,San Eugenio 2,I-ALM-2227,FB_Advantage_Almagro,563195,255333164,2026-09-01,2026-09-01,,255333164,transactionId,No aplica,True,Almagro,Pendiente cartola TC agosto completa
2026-08,Meta,Almagro Inmobiliaria,Almagro S.A,Marca,San Eugenio 2,I-ALM-2227,FB_Almagro_Awareness,224225,255333164,2026-09-01,2026-09-01,,255333164,transactionId,No aplica,True,Almagro,Pendiente cartola TC agosto completa
2026-08,Meta,Almagro Inmobiliaria,Almagro S.A,Blog,San Eugenio 2,I-ALM-2227,FB_Almagro_Patrocinado_Blog,6776,255333164,2026-09-01,2026-09-01,,255333164,transactionId,No aplica,True,Almagro,Pendiente cartola TC agosto completa
2026-08,Meta,Almagro Inmobiliaria,Almagro S.A,PPP,San Eugenio 2,I-ALM-2227,FB_Almagro_TuDeptoEsTuPie,69976,255333164,2026-09-01,2026-09-01,,255333164,transactionId,No aplica,True,Almagro,Pendiente cartola TC agosto completa
2026-08,Meta,Almagro Inmobiliaria,Almagro S.A,Santiago,Signature,I-ALM-2354,FB_AOT_Santiago_Signature,1227901,255333164,2026-09-01,2026-09-01,,255333164,transactionId,No aplica,True,Manual,Pendiente cartola TC agosto completa
2026-08,Meta,Almagro Inmobiliaria,Almagro S.A,Antofagasta,Valle del Mar,I-ALM-1453,FB_AOT_Antofagasta_ValleDelMar,1270312,255333164,2026-09-01,2026-09-01,,255333164,transactionId,No aplica,True,Manual,Pendiente cartola TC agosto completa
2026-08,Meta,Almagro Inmobiliaria,Arcilla Roja,Providencia,Almagro Hub,I-ALM-2189,FB_AOL_Santiago_AlmagroHub,297973,255333164,2026-09-01,2026-09-01,,255333164,transactionId,No aplica,True,Almagro,Pendiente cartola TC agosto completa
2026-08,Meta,Almagro Inmobiliaria,Arcilla Roja,Providencia,Almagro Hub,I-ALM-2189,FB_AOT_Santiago_AlmagroHub,1042893,255333164,2026-09-01,2026-09-01,,255333164,transactionId,No aplica,True,Manual,Pendiente cartola TC agosto completa
2026-08,Meta,Almagro Inmobiliaria,Arcilla Roja,AON,Almagro Hub,I-ALM-2189,FB_Advantage_Almagro,563196,255333164,2026-09-01,2026-09-01,,255333164,transactionId,No aplica,True,Almagro,Pendiente cartola TC agosto completa
2026-08,Meta,Almagro Inmobiliaria,Arcilla Roja,Marca,Almagro Hub,I-ALM-2189,FB_Almagro_Awareness,224226,255333164,2026-09-01,2026-09-01,,255333164,transactionId,No aplica,True,Almagro,Pendiente cartola TC agosto completa
2026-08,Meta,Almagro Inmobiliaria,Arcilla Roja,Blog,Almagro Hub,I-ALM-2189,FB_Almagro_Patrocinado_Blog,6776,255333164,2026-09-01,2026-09-01,,255333164,transactionId,No aplica,True,Almagro,Pendiente cartola TC agosto completa
2026-08,Meta,Almagro Inmobiliaria,Arcilla Roja,PPP,Almagro Hub,I-ALM-2189,FB_Almagro_TuDeptoEsTuPie,69976,255333164,2026-09-01,2026-09-01,,255333164,transactionId,No aplica,True,Almagro,Pendiente cartola TC agosto completa
2026-08,Meta,Almagro Inmobiliaria,Arcilla Roja,AON,Almagro Hub,I-ALM-2189,FB_WA_Almagro_Advantage_Proyectos,541955,255333164,2026-09-01,2026-09-01,,255333164,transactionId,No aplica,True,Manual,Pendiente cartola TC agosto completa
2026-08,Meta,Almagro Inmobiliaria,Arcilla Roja,AON,PLP 1,I-ALM-2226,Coupons: goodwill/bugs,-83,255333164,2026-09-01,2026-09-01,,255333164,transactionId,No aplica,True,,Pendiente cartola TC agosto completa
2026-08,Meta,Almagro Inmobiliaria,Arcilla Roja,Las Condes,PLP 1,I-ALM-2226,FB_AOL_Santiago_PadreLePaige,173122,255333164,2026-09-01,2026-09-01,,255333164,transactionId,No aplica,True,Almagro,Pendiente cartola TC agosto completa
2026-08,Meta,Almagro Inmobiliaria,Arcilla Roja,AON,PLP 1,I-ALM-2226,FB_Advantage_Almagro,563196,255333164,2026-09-01,2026-09-01,,255333164,transactionId,No aplica,True,Almagro,Pendiente cartola TC agosto completa
2026-08,Meta,Almagro Inmobiliaria,Arcilla Roja,Marca,PLP 1,I-ALM-2226,FB_Almagro_Awareness,224226,255333164,2026-09-01,2026-09-01,,255333164,transactionId,No aplica,True,Almagro,Pendiente cartola TC agosto completa
2026-08,Meta,Almagro Inmobiliaria,Arcilla Roja,Blog,PLP 1,I-ALM-2226,FB_Almagro_Patrocinado_Blog,6776,255333164,2026-09-01,2026-09-01,,255333164,transactionId,No aplica,True,Almagro,Pendiente cartola TC agosto completa
2026-08,Meta,Almagro Inmobiliaria,Arcilla Roja,PPP,PLP 1,I-ALM-2226,FB_Almagro_TuDeptoEsTuPie,69976,255333164,2026-09-01,2026-09-01,,255333164,transactionId,No aplica,True,Almagro,Pendiente cartola TC agosto completa
2026-08,Meta,Almagro Inmobiliaria,Arcilla Roja,Las Condes,PLP 2,I-ALM-2306,FB_AOL_Santiago_PadreLePaige_Etapa2,185036,255333164,2026-09-01,2026-09-01,,255333164,transactionId,No aplica,True,Almagro,Pendiente cartola TC agosto completa
2026-08,Meta,Almagro Inmobiliaria,Arcilla Roja,AON,PLP 2,I-ALM-2306,FB_Advantage_Almagro,563196,255333164,2026-09-01,2026-09-01,,255333164,transactionId,No aplica,True,Almagro,Pendiente cartola TC agosto completa
2026-08,Meta,Almagro Inmobiliaria,Arcilla Roja,Marca,PLP 2,I-ALM-2306,FB_Almagro_Awareness,224226,255333164,2026-09-01,2026-09-01,,255333164,transactionId,No aplica,True,Almagro,Pendiente cartola TC agosto completa
2026-08,Meta,Almagro Inmobiliaria,Arcilla Roja,Blog,PLP 2,I-ALM-2306,FB_Almagro_Patrocinado_Blog,6776,255333164,2026-09-01,2026-09-01,,255333164,transactionId,No aplica,True,Almagro,Pendiente cartola TC agosto completa
2026-08,Meta,Almagro Inmobiliaria,Arcilla Roja,PPP,PLP 2,I-ALM-2306,FB_Almagro_TuDeptoEsTuPie,69976,255333164,2026-09-01,2026-09-01,,255333164,transactionId,No aplica,True,Almagro,Pendiente cartola TC agosto completa
2026-08,Meta,Almagro Inmobiliaria,Arcilla Roja,Providencia,Rengo,I-ALM-2288,FB_AOL_Santiago_Rengo,184096,255333164,2026-09-01,2026-09-01,,255333164,transactionId,No aplica,True,Almagro,Pendiente cartola TC agosto completa
2026-08,Meta,Almagro Inmobiliaria,Arcilla Roja,Marca,Rengo,I-ALM-2288,FB_Almagro_Awareness,224225,255333164,2026-09-01,2026-09-01,,255333164,transactionId,No aplica,True,Almagro,Pendiente cartola TC agosto completa
2026-08,Meta,Almagro Inmobiliaria,Arcilla Roja,Blog,Rengo,I-ALM-2288,FB_Almagro_Patrocinado_Blog,6776,255333164,2026-09-01,2026-09-01,,255333164,transactionId,No aplica,True,Almagro,Pendiente cartola TC agosto completa
2026-08,Meta,Almagro Inmobiliaria,Arcilla Roja,PPP,Rengo,I-ALM-2288,FB_Almagro_TuDeptoEsTuPie,69976,255333164,2026-09-01,2026-09-01,,255333164,transactionId,No aplica,True,Almagro,Pendiente cartola TC agosto completa
2026-08,Meta,Almagro Inmobiliaria,Madagascar,Las Condes,Almagro District,I-ALM-2399,FB_AOL_Santiago_AlmagroDistrict,303829,255333164,2026-09-01,2026-09-01,,255333164,transactionId,No aplica,True,Almagro,Pendiente cartola TC agosto completa
2026-08,Meta,Almagro Inmobiliaria,Madagascar,Las Condes,Almagro District,I-ALM-2399,FB_AOT_Santiago_AlmagroDistrict,1038084,255333164,2026-09-01,2026-09-01,,255333164,transactionId,No aplica,True,Almagro,Pendiente cartola TC agosto completa
2026-08,Meta,Almagro Inmobiliaria,Madagascar,Marca,Almagro District,I-ALM-2399,FB_Almagro_Awareness,224226,255333164,2026-09-01,2026-09-01,,255333164,transactionId,No aplica,True,Almagro,Pendiente cartola TC agosto completa
2026-08,Meta,Almagro Inmobiliaria,Madagascar,Blog,Almagro District,I-ALM-2399,FB_Almagro_Patrocinado_Blog,6777,255333164,2026-09-01,2026-09-01,,255333164,transactionId,No aplica,True,Almagro,Pendiente cartola TC agosto completa
2026-08,Meta,Almagro Inmobiliaria,Madagascar,PPP,Almagro District,I-ALM-2399,FB_Almagro_TuDeptoEsTuPie,69976,255333164,2026-09-01,2026-09-01,,255333164,transactionId,No aplica,True,Almagro,Pendiente cartola TC agosto completa
2026-08,Meta,Pilares,Arcilla Roja,Santiago Centro,Franklin,I-ALM-2212,FB_AOL_Franklin,104870,254976921,2026-09-01,2026-09-01,,254976921,transactionId,No aplica,True,Pilares,Pendiente cartola TC agosto completa
2026-08,Meta,Pilares,Arcilla Roja,Santiago Centro,Franklin,I-ALM-2212,FB_AOT_Franklin,840247,254976921,2026-09-01,2026-09-01,,254976921,transactionId,No aplica,True,Pilares,Pendiente cartola TC agosto completa
2026-08,Meta,Pilares,ICSA,Estación Central,Conde del Maule,I-SVS-2255,FB_AOL_CondeMauleIII,99514,254976921,2026-09-01,2026-09-01,,254976921,transactionId,No aplica,True,Pilares,Pendiente cartola TC agosto completa
2026-08,Meta,Pilares,ICSA,Estación Central,Conde del Maule,I-SVS-2255,FB_AOT_CondeMauleIII,1045803,254976921,2026-09-01,2026-09-01,,254976921,transactionId,No aplica,True,Pilares,Pendiente cartola TC agosto completa
2026-08,Meta,Pilares,ICSA,Marca,Conde del Maule,I-SVS-2255,FB_Pilares_Awareness,181677,254976921,2026-09-01,2026-09-01,,254976921,transactionId,No aplica,True,Pilares,Pendiente cartola TC agosto completa
2026-08,Meta,Pilares,ICSA,Inversionista,Conde del Maule,I-SVS-2255,FB_Pilares_Inversionistas,51093,254976921,2026-09-01,2026-09-01,,254976921,transactionId,No aplica,True,Pilares,Pendiente cartola TC agosto completa
2026-08,Meta,Pilares,ICSA,Santiago Centro,Edificio Ñuble,I-SVS-2173,FB_AOL_EdificioNuble,102645,254976921,2026-09-01,2026-09-01,,254976921,transactionId,No aplica,True,Pilares,Pendiente cartola TC agosto completa
2026-08,Meta,Pilares,ICSA,AON,Edificio Ñuble,I-SVS-2173,FB_Pilares_Advantage_Proyectos,581706,254976921,2026-09-01,2026-09-01,,254976921,transactionId,No aplica,True,Pilares,Pendiente cartola TC agosto completa
2026-08,Meta,Pilares,ICSA,Marca,Edificio Ñuble,I-SVS-2173,FB_Pilares_Awareness,181677,254976921,2026-09-01,2026-09-01,,254976921,transactionId,No aplica,True,Pilares,Pendiente cartola TC agosto completa
2026-08,Meta,Pilares,ICSA,Inversionista,Edificio Ñuble,I-SVS-2173,FB_Pilares_Inversionistas,51093,254976921,2026-09-01,2026-09-01,,254976921,transactionId,No aplica,True,Pilares,Pendiente cartola TC agosto completa
2026-08,Meta,Pilares,ICSA,La Cisterna,Lo Ovalle,I-SVS-2296,FB_AOL_LoOvalle_E2,101873,254976921,2026-09-01,2026-09-01,,254976921,transactionId,No aplica,True,Pilares,Pendiente cartola TC agosto completa
2026-08,Meta,Pilares,ICSA,AON,Lo Ovalle,I-SVS-2296,FB_Pilares_Advantage_Proyectos,581705,254976921,2026-09-01,2026-09-01,,254976921,transactionId,No aplica,True,Pilares,Pendiente cartola TC agosto completa
2026-08,Meta,Pilares,ICSA,Marca,Lo Ovalle,I-SVS-2296,FB_Pilares_Awareness,181676,254976921,2026-09-01,2026-09-01,,254976921,transactionId,No aplica,True,Pilares,Pendiente cartola TC agosto completa
2026-08,Meta,Pilares,ICSA,Inversionista,Lo Ovalle,I-SVS-2296,FB_Pilares_Inversionistas,51093,254976921,2026-09-01,2026-09-01,,254976921,transactionId,No aplica,True,Pilares,Pendiente cartola TC agosto completa
2026-08,Meta,Pilares,ICSA,Independencia,Santos Dumont,I-SVS-2246,FB_AOL_SantosDumont,94905,254976921,2026-09-01,2026-09-01,,254976921,transactionId,No aplica,True,Pilares,Pendiente cartola TC agosto completa
2026-08,Meta,Pilares,ICSA,Independencia,Santos Dumont,I-SVS-2246,FB_AOT_SantosDumont,1048603,254976921,2026-09-01,2026-09-01,,254976921,transactionId,No aplica,True,Pilares,Pendiente cartola TC agosto completa
2026-08,Meta,Pilares,ICSA,Marca,Santos Dumont,I-SVS-2246,FB_Pilares_Awareness,181676,254976921,2026-09-01,2026-09-01,,254976921,transactionId,No aplica,True,Pilares,Pendiente cartola TC agosto completa
2026-08,Meta,Pilares,ICSA,Inversionista,Santos Dumont,I-SVS-2246,FB_Pilares_Inversionistas,51092,254976921,2026-09-01,2026-09-01,,254976921,transactionId,No aplica,True,Pilares,Pendiente cartola TC agosto completa
2026-08,Meta,Pilares,Pilares S.A,Ñuñoa,Guillermo Mann,I-SVS-2250,FB_AOL_GuillermoMann,101778,254976921,2026-09-01,2026-09-01,,254976921,transactionId,No aplica,True,Pilares,Pendiente cartola TC agosto completa
2026-08,Meta,Pilares,Pilares S.A,AON,Guillermo Mann,I-SVS-2250,FB_Pilares_Advantage_Proyectos,581706,254976921,2026-09-01,2026-09-01,,254976921,transactionId,No aplica,True,Pilares,Pendiente cartola TC agosto completa
2026-08,Meta,Pilares,Pilares S.A,Marca,Guillermo Mann,I-SVS-2250,FB_Pilares_Awareness,181676,254976921,2026-09-01,2026-09-01,,254976921,transactionId,No aplica,True,Pilares,Pendiente cartola TC agosto completa
2026-08,Meta,Pilares,Pilares S.A,Inversionista,Guillermo Mann,I-SVS-2250,FB_Pilares_Inversionistas,51093,254976921,2026-09-01,2026-09-01,,254976921,transactionId,No aplica,True,Pilares,Pendiente cartola TC agosto completa
2026-08,Meta,Pilares,Pilares S.A,AON,Guillermo Mann,I-SVS-2250,FB_WA_Pilares_Advantage_Proyectos,1871709,254976921,2026-09-01,2026-09-01,,254976921,transactionId,No aplica,True,Manual,Pendiente cartola TC agosto completa
2026-08,Meta,Pilares,Pilares S.A,La Florida,Rodriguez Velasco,I-SVS-2289,FB_AOL_RodriguezVelasco,102588,254976921,2026-09-01,2026-09-01,,254976921,transactionId,No aplica,True,Pilares,Pendiente cartola TC agosto completa
2026-08,Meta,Pilares,Pilares S.A,AON,Rodriguez Velasco,I-SVS-2289,FB_Pilares_Advantage_Proyectos,581705,254976921,2026-09-01,2026-09-01,,254976921,transactionId,No aplica,True,Pilares,Pendiente cartola TC agosto completa
2026-08,Meta,Pilares,Pilares S.A,Marca,Rodriguez Velasco,I-SVS-2289,FB_Pilares_Awareness,181676,254976921,2026-09-01,2026-09-01,,254976921,transactionId,No aplica,True,Pilares,Pendiente cartola TC agosto completa
2026-08,Meta,Pilares,Pilares S.A,Inversionista,Rodriguez Velasco,I-SVS-2289,FB_Pilares_Inversionistas,51093,254976921,2026-09-01,2026-09-01,,254976921,transactionId,No aplica,True,Pilares,Pendiente cartola TC agosto completa
2026-08,Meta,Pilares,Pilares S.A,La Florida,Vicuña Mackenna 7244,I-SVS-2131,FB_AOL_VicunaMackenna7244,104498,254976921,2026-09-01,2026-09-01,,254976921,transactionId,No aplica,True,Pilares,Pendiente cartola TC agosto completa
2026-08,Meta,Pilares,Pilares S.A,AON,Vicuña Mackenna 7244,I-SVS-2131,FB_Pilares_Advantage_Proyectos,581705,254976921,2026-09-01,2026-09-01,,254976921,transactionId,No aplica,True,Pilares,Pendiente cartola TC agosto completa
2026-08,Meta,Pilares,Pilares S.A,Marca,Vicuña Mackenna 7244,I-SVS-2131,FB_Pilares_Awareness,181676,254976921,2026-09-01,2026-09-01,,254976921,transactionId,No aplica,True,Pilares,Pendiente cartola TC agosto completa
2026-08,Meta,Pilares,Pilares S.A,Inversionista,Vicuña Mackenna 7244,I-SVS-2131,FB_Pilares_Inversionistas,51092,254976921,2026-09-01,2026-09-01,,254976921,transactionId,No aplica,True,Pilares,Pendiente cartola TC agosto completa
2026-08,Meta,Socovesa,Consorcio Inmobiliario Macul,Marca,Las Palmas,I-STG-2205,FB_SocovesaSantiago_Awareness,525421,254779679,2026-09-01,2026-09-01,,254779679,transactionId,No aplica,True,Socovesa Santiago,Pendiente cartola TC agosto completa
2026-08,Meta,Socovesa,INMOBILIARIA ENCINAS DE PEÑALOLEN,Lampa,Las Pataguas,I-STG-2366,FB_AOT_SantiagoSubsidio_LasPataguas,1264475,254779679,2026-09-01,2026-09-01,,254779679,transactionId,No aplica,True,Socovesa Santiago,Pendiente cartola TC agosto completa
2026-08,Meta,Socovesa,INMOBILIARIA ENCINAS DE PEÑALOLEN,Marca,Las Pataguas,I-STG-2366,FB_SocovesaSantiago_Awareness,525421,254779679,2026-09-01,2026-09-01,,254779679,transactionId,No aplica,True,Socovesa Santiago,Pendiente cartola TC agosto completa
2026-08,Meta,Socovesa,INMOBILIARIA ENCINAS DE PEÑALOLEN,Lampa,Las Pataguas,I-STG-2366,FB_WA_SantiagoSubsidio_LasPataguas,380669,254779679,2026-09-01,2026-09-01,,254779679,transactionId,No aplica,True,Manual,Pendiente cartola TC agosto completa
2026-08,Meta,Socovesa,INMOBILIARIA ENCINAS DE PEÑALOLEN,Lampa,Los Coihues,I-STG-2325,FB_AOL_SantiagoMedio_LosCoihues,383029,254779679,2026-09-01,2026-09-01,,254779679,transactionId,No aplica,True,Socovesa Santiago,Pendiente cartola TC agosto completa
2026-08,Meta,Socovesa,INMOBILIARIA ENCINAS DE PEÑALOLEN,Lampa,Los Coihues,I-STG-2325,FB_AOT_SantiagoMedio_LosCoihues,1255462,254779679,2026-09-01,2026-09-01,,254779679,transactionId,No aplica,True,Socovesa Santiago,Pendiente cartola TC agosto completa
2026-08,Meta,Socovesa,INMOBILIARIA ENCINAS DE PEÑALOLEN,Marca,Los Coihues,I-STG-2325,FB_SocovesaSantiago_Awareness,525421,254779679,2026-09-01,2026-09-01,,254779679,transactionId,No aplica,True,Socovesa Santiago,Pendiente cartola TC agosto completa
2026-08,Meta,Socovesa,Inmobiliaria El Descubridor,Maipú,Pajaritos,I-STG-2204,FB_AOL_SantiagoMedio_Pajaritos,131098,254779679,2026-09-01,2026-09-01,,254779679,transactionId,No aplica,True,Socovesa Santiago,Pendiente cartola TC agosto completa
2026-08,Meta,Socovesa,Inmobiliaria El Descubridor,Maipú,Pajaritos,I-STG-2204,FB_AOT_SantiagoMedio_Pajaritos,1264425,254779679,2026-09-01,2026-09-01,,254779679,transactionId,No aplica,True,Socovesa Santiago,Pendiente cartola TC agosto completa
2026-08,Meta,Socovesa,Inmobiliaria El Descubridor,Marca,Pajaritos,I-STG-2204,FB_SocovesaSantiago_Awareness,525420,254779679,2026-09-01,2026-09-01,,254779679,transactionId,No aplica,True,Socovesa Santiago,Pendiente cartola TC agosto completa
2026-08,Meta,Socovesa,Pilares S.A,Ñuñoa,Marathon,I-SVS-2349,FB_AOL_SantiagoMedio_Marathon,396629,254779679,2026-09-01,2026-09-01,,254779679,transactionId,No aplica,True,Socovesa Santiago,Pendiente cartola TC agosto completa
2026-08,Meta,Socovesa,Pilares S.A,Ñuñoa,Marathon,I-SVS-2349,FB_AOT_SantiagoMedio_Marathon,1292967,254779679,2026-09-01,2026-09-01,,254779679,transactionId,No aplica,True,Socovesa Santiago,Pendiente cartola TC agosto completa
2026-08,Meta,Socovesa,Pilares S.A,Marca,Marathon,I-SVS-2349,FB_SocovesaSantiago_Awareness,525421,254779679,2026-09-01,2026-09-01,,254779679,transactionId,No aplica,True,Socovesa Santiago,Pendiente cartola TC agosto completa
2026-08,Meta,Socovesa,Sociedad Comercializadora Metropolitana,Macul,Coipue,I-STG-2229,FB_AOL_SantiagoMedio_Coipue,380281,254779679,2026-09-01,2026-09-01,,254779679,transactionId,No aplica,True,Socovesa Santiago,Pendiente cartola TC agosto completa
2026-08,Meta,Socovesa,Sociedad Comercializadora Metropolitana,Macul,Coipue,I-STG-2229,FB_AOT_SantiagoMedio_Coipue,1254658,254779679,2026-09-01,2026-09-01,,254779679,transactionId,No aplica,True,Manual,Pendiente cartola TC agosto completa
2026-08,Meta,Socovesa,Sociedad Comercializadora Metropolitana,Marca,Coipue,I-STG-2229,FB_SocovesaSantiago_Awareness,525421,254779679,2026-09-01,2026-09-01,,254779679,transactionId,No aplica,True,Socovesa Santiago,Pendiente cartola TC agosto completa
2026-08,Meta,Socovesa,Socovesa Sur S.A,Los Ángeles,Alto Maderos,I-SUR-2335,FB_AOL_CentroSur_AltoMaderosll,83993,254779679,2026-09-01,2026-09-01,,254779679,transactionId,No aplica,True,Socovesa Sur,Pendiente cartola TC agosto completa
2026-08,Meta,Socovesa,Socovesa Sur S.A,AON,Alto Maderos,I-SUR-2335,FB_SocovesaSur_Advantage,243440,254779679,2026-09-01,2026-09-01,,254779679,transactionId,No aplica,True,Socovesa Sur,Pendiente cartola TC agosto completa
2026-08,Meta,Socovesa,Socovesa Sur S.A,Inversionista,Alto Maderos,I-SUR-2335,FB_Sur_Inversionista,42832,254779679,2026-09-01,2026-09-01,,254779679,transactionId,No aplica,True,Socovesa Sur,Pendiente cartola TC agosto completa
2026-08,Meta,Socovesa,Socovesa Sur S.A,Temuco,Edificio Vértice,I-SUR-2297,FB_AOL_Sur_EdificioVertice,85175,254779679,2026-09-01,2026-09-01,,254779679,transactionId,No aplica,True,Socovesa Sur,Pendiente cartola TC agosto completa
2026-08,Meta,Socovesa,Socovesa Sur S.A,AON,Edificio Vértice,I-SUR-2297,FB_SocovesaSur_Advantage,243440,254779679,2026-09-01,2026-09-01,,254779679,transactionId,No aplica,True,Socovesa Sur,Pendiente cartola TC agosto completa
2026-08,Meta,Socovesa,Socovesa Sur S.A,Inversionista,Edificio Vértice,I-SUR-2297,FB_Sur_Inversionista,42832,254779679,2026-09-01,2026-09-01,,254779679,transactionId,No aplica,True,Socovesa Sur,Pendiente cartola TC agosto completa
2026-08,Meta,Socovesa,Socovesa Sur S.A,Valdivia,García Reyes,I-SUR-2283,FB_AOL_Sur_GarciaReyes,96065,254779679,2026-09-01,2026-09-01,,254779679,transactionId,No aplica,True,Socovesa Sur,Pendiente cartola TC agosto completa
2026-08,Meta,Socovesa,Socovesa Sur S.A,Valdivia,García Reyes,I-SUR-2283,FB_AOT_Sur_GarciaReyes,325687,254779679,2026-09-01,2026-09-01,,254779679,transactionId,No aplica,True,Socovesa Sur,Pendiente cartola TC agosto completa
2026-08,Meta,Socovesa,Socovesa Sur S.A,Inversionista,García Reyes,I-SUR-2283,FB_Sur_Inversionista,42832,254779679,2026-09-01,2026-09-01,,254779679,transactionId,No aplica,True,Socovesa Sur,Pendiente cartola TC agosto completa
2026-08,Meta,Socovesa,Socovesa Sur S.A,Temuco,Icono,I-SUR-2346,FB_AOL_Sur_CasasEnElPortal,51973,254779679,2026-09-01,2026-09-01,,254779679,transactionId,No aplica,True,Socovesa Sur,Pendiente cartola TC agosto completa
2026-08,Meta,Socovesa,Socovesa Sur S.A,AON,Icono,I-SUR-2346,FB_SocovesaSur_Advantage,243440,254779679,2026-09-01,2026-09-01,,254779679,transactionId,No aplica,True,Socovesa Sur,Pendiente cartola TC agosto completa
2026-08,Meta,Socovesa,Socovesa Sur S.A,Inversionista,Icono,I-SUR-2346,FB_Sur_Inversionista,42831,254779679,2026-09-01,2026-09-01,,254779679,transactionId,No aplica,True,Socovesa Sur,Pendiente cartola TC agosto completa
2026-08,Meta,Socovesa,Socovesa Sur S.A,Temuco,N3,I-SUR-2331,FB_AOL_Sur_VistaNielol_N3,97306,254779679,2026-09-01,2026-09-01,,254779679,transactionId,No aplica,True,Socovesa Sur,Pendiente cartola TC agosto completa
2026-08,Meta,Socovesa,Socovesa Sur S.A,Temuco,N3,I-SUR-2331,FB_AOT_Sur_VistaNielol,329222,254779679,2026-09-01,2026-09-01,,254779679,transactionId,No aplica,True,Manual,Pendiente cartola TC agosto completa
2026-08,Meta,Socovesa,Socovesa Sur S.A,AON,N3,I-SUR-2331,FB_SocovesaSur_Advantage,243440,254779679,2026-09-01,2026-09-01,,254779679,transactionId,No aplica,True,Socovesa Sur,Pendiente cartola TC agosto completa
2026-08,Meta,Socovesa,Socovesa Sur S.A,Inversionista,N3,I-SUR-2331,FB_Sur_Inversionista,42831,254779679,2026-09-01,2026-09-01,,254779679,transactionId,No aplica,True,Socovesa Sur,Pendiente cartola TC agosto completa
2026-08,Meta,Socovesa,Socovesa Sur S.A,Chillán,Nueva Toledo,I-SUR-2334,FB_AOL_CentroSur_NuevaToledo,84248,254779679,2026-09-01,2026-09-01,,254779679,transactionId,No aplica,True,Socovesa Sur,Pendiente cartola TC agosto completa
2026-08,Meta,Socovesa,Socovesa Sur S.A,AON,Nueva Toledo,I-SUR-2334,FB_SocovesaSur_Advantage,243440,254779679,2026-09-01,2026-09-01,,254779679,transactionId,No aplica,True,Socovesa Sur,Pendiente cartola TC agosto completa
2026-08,Meta,Socovesa,Socovesa Sur S.A,Inversionista,Nueva Toledo,I-SUR-2334,FB_Sur_Inversionista,42831,254779679,2026-09-01,2026-09-01,,254779679,transactionId,No aplica,True,Socovesa Sur,Pendiente cartola TC agosto completa
2026-08,Meta,Socovesa,Socovesa Sur S.A,Temuco,O3,I-SUR-2373,FB_AOL_Sur_ParqueOlimpia_O3,84498,254779679,2026-09-01,2026-09-01,,254779679,transactionId,No aplica,True,Socovesa Sur,Pendiente cartola TC agosto completa
2026-08,Meta,Socovesa,Socovesa Sur S.A,AON,O3,I-SUR-2373,FB_SocovesaSur_Advantage,243439,254779679,2026-09-01,2026-09-01,,254779679,transactionId,No aplica,True,Socovesa Sur,Pendiente cartola TC agosto completa
2026-08,Meta,Socovesa,Socovesa Sur S.A,Inversionista,O3,I-SUR-2373,FB_Sur_Inversionista,42831,254779679,2026-09-01,2026-09-01,,254779679,transactionId,No aplica,True,Socovesa Sur,Pendiente cartola TC agosto completa
2026-08,Meta,Socovesa,Socovesa Sur S.A,Temuco,Origen,I-SUR-2346,FB_AOL_Sur_CasasEnElPortal,51972,254779679,2026-09-01,2026-09-01,,254779679,transactionId,No aplica,True,Socovesa Sur,Pendiente cartola TC agosto completa
2026-08,Meta,Socovesa,Socovesa Sur S.A,AON,Origen,I-SUR-2346,FB_SocovesaSur_Advantage,243439,254779679,2026-09-01,2026-09-01,,254779679,transactionId,No aplica,True,Socovesa Sur,Pendiente cartola TC agosto completa
2026-08,Meta,Socovesa,Socovesa Sur S.A,Inversionista,Origen,I-SUR-2346,FB_Sur_Inversionista,42831,254779679,2026-09-01,2026-09-01,,254779679,transactionId,No aplica,True,Socovesa Sur,Pendiente cartola TC agosto completa
2026-08,Meta,Socovesa,Socovesa Sur S.A,Chillán,PDL,I-SUR-2372,FB_AOL_CentroSur_PortaldelLibertadorVIII,102149,254779679,2026-09-01,2026-09-01,,254779679,transactionId,No aplica,True,Socovesa Sur,Pendiente cartola TC agosto completa
2026-08,Meta,Socovesa,Socovesa Sur S.A,Chillán,PDL,I-SUR-2372,FB_AOT_CentroSur_PortaldelLibertador,329485,254779679,2026-09-01,2026-09-01,,254779679,transactionId,No aplica,True,Socovesa Sur,Pendiente cartola TC agosto completa
2026-08,Meta,Socovesa,Socovesa Sur S.A,Inversionista,PDL,I-SUR-2372,FB_Sur_Inversionista,42831,254779679,2026-09-01,2026-09-01,,254779679,transactionId,No aplica,True,Socovesa Sur,Pendiente cartola TC agosto completa
2026-08,Meta,Socovesa,Socovesa Sur S.A,Los Ángeles,Parque Avellanos,I-SUR-2336,FB_AOL_CentroSur_ElAvellano_E2,84001,254779679,2026-09-01,2026-09-01,,254779679,transactionId,No aplica,True,Socovesa Sur,Pendiente cartola TC agosto completa
2026-08,Meta,Socovesa,Socovesa Sur S.A,AON,Parque Avellanos,I-SUR-2336,FB_SocovesaSur_Advantage,243439,254779679,2026-09-01,2026-09-01,,254779679,transactionId,No aplica,True,Socovesa Sur,Pendiente cartola TC agosto completa
2026-08,Meta,Socovesa,Socovesa Sur S.A,Inversionista,Parque Avellanos,I-SUR-2336,FB_Sur_Inversionista,42831,254779679,2026-09-01,2026-09-01,,254779679,transactionId,No aplica,True,Socovesa Sur,Pendiente cartola TC agosto completa
2026-08,Meta,Socovesa,Socovesa Sur S.A,Puerto Montt,Portal Austral,I-SUR-2340,FB_AOL_SurAustral_PortalAustral,97991,254779679,2026-09-01,2026-09-01,,254779679,transactionId,No aplica,True,Socovesa Sur,Pendiente cartola TC agosto completa
2026-08,Meta,Socovesa,Socovesa Sur S.A,Puerto Montt,Portal Austral,I-SUR-2340,FB_AOT_SurAustral_PortalAustral,329330,254779679,2026-09-01,2026-09-01,,254779679,transactionId,No aplica,True,Socovesa Sur,Pendiente cartola TC agosto completa
2026-08,Meta,Socovesa,Socovesa Sur S.A,Inversionista,Portal Austral,I-SUR-2340,FB_Sur_Inversionista,42831,254779679,2026-09-01,2026-09-01,,254779679,transactionId,No aplica,True,Socovesa Sur,Pendiente cartola TC agosto completa
2026-08,Meta,Socovesa,Socovesa Sur S.A,Punta Arenas,Reserva Magallanes,I-SUR-2323,FB_AOL_SurAustral_ReservaMagallanes,84895,254779679,2026-09-01,2026-09-01,,254779679,transactionId,No aplica,True,Socovesa Sur,Pendiente cartola TC agosto completa
2026-08,Meta,Socovesa,Socovesa Sur S.A,AON,Reserva Magallanes,I-SUR-2323,FB_SocovesaSur_Advantage,243439,254779679,2026-09-01,2026-09-01,,254779679,transactionId,No aplica,True,Socovesa Sur,Pendiente cartola TC agosto completa
2026-08,Meta,Socovesa,Socovesa Sur S.A,Inversionista,Reserva Magallanes,I-SUR-2323,FB_Sur_Inversionista,42831,254779679,2026-09-01,2026-09-01,,254779679,transactionId,No aplica,True,Socovesa Sur,Pendiente cartola TC agosto completa
2026-08,Meta,Socovesa,Socovesa Sur S.A,Puerto Montt,Terraza Mirador,I-SUR-2333,FB_AOL_SantiagoMedio_PlazaMirador,391958,254779679,2026-09-01,2026-09-01,,254779679,transactionId,No aplica,True,Socovesa Sur,Pendiente cartola TC agosto completa
2026-08,Meta,Socovesa,Socovesa Sur S.A,Puerto Montt,Terraza Mirador,I-SUR-2333,FB_AOL_SurAustral_TerrazaMiradorII,83910,254779679,2026-09-01,2026-09-01,,254779679,transactionId,No aplica,True,Socovesa Sur,Pendiente cartola TC agosto completa
2026-08,Meta,Socovesa,Socovesa Sur S.A,Puerto Montt,Terraza Mirador,I-SUR-2333,FB_AOT_SantiagoMedio_PlazaMirador,1265474,254779679,2026-09-01,2026-09-01,,254779679,transactionId,No aplica,True,Socovesa Sur,Pendiente cartola TC agosto completa
2026-08,Meta,Socovesa,Socovesa Sur S.A,AON,Terraza Mirador,I-SUR-2333,FB_SocovesaSur_Advantage,243439,254779679,2026-09-01,2026-09-01,,254779679,transactionId,No aplica,True,Socovesa Sur,Pendiente cartola TC agosto completa
2026-08,Meta,Socovesa,Socovesa Sur S.A,Inversionista,Terraza Mirador,I-SUR-2333,FB_Sur_Inversionista,42831,254779679,2026-09-01,2026-09-01,,254779679,transactionId,No aplica,True,Socovesa Sur,Pendiente cartola TC agosto completa
