month,platform,brand,legalEntity,comuna,project,pepCode,campaignName,amount,invoiceId,invoiceDate,paymentDate,paymentReference,referenceId,referenceType,chargeAmountValidation,matched,mappingBrand,cartolaMatchStatus
2026-07,Google Ads,Almagro Inmobiliaria,Almagro S.A,Genérico,Almagro Plus,I-ALM-2234,Nacional | AO S | Por Categoria | Always On,116110,5649119028,2026-07-31,2026-07-31,,5649119028,invoiceNumber,Sin match,True,Almagro,Pendiente cartola TC julio completa
2026-07,Google Ads,Almagro Inmobiliaria,Almagro S.A,Inversionista,Almagro Plus,I-ALM-2234,Santiago | AO S | Inversionistas 2,57735,5649119028,2026-07-31,2026-07-31,,5649119028,invoiceNumber,Sin match,True,Almagro,Pendiente cartola TC julio completa
2026-07,Google Ads,Almagro Inmobiliaria,Almagro S.A,Ñuñoa,Almagro Plus,I-ALM-2234,Santiago | AO S | Por Comuna | Nunoa #2,1306656,5649119028,2026-07-31,2026-07-31,,5649119028,invoiceNumber,Sin match,True,Almagro,Pendiente cartola TC julio completa
2026-07,Google Ads,Almagro Inmobiliaria,Almagro S.A,PPP,Almagro Plus,I-ALM-2234,Santiago | AO S | Tudeptoestupie,69116,5649119028,2026-07-31,2026-07-31,,5649119028,invoiceNumber,Sin match,True,Almagro,Pendiente cartola TC julio completa
2026-07,Google Ads,Almagro Inmobiliaria,Almagro S.A,Ñuñoa,Almagro Plus,I-ALM-2234,Santiago | MR | Plus,482979,5649119028,2026-07-31,2026-07-31,,5649119028,invoiceNumber,Sin match,True,Almagro,Pendiente cartola TC julio completa
2026-07,Google Ads,Almagro Inmobiliaria,Almagro S.A,Ñuñoa,Almagro Plus,I-ALM-2234,Santiago | MR | Plus,10593,5649119028,2026-07-31,2026-07-31,,5649119028,invoiceNumber,Sin match,True,Almagro,Pendiente cartola TC julio completa
2026-07,Google Ads,Almagro Inmobiliaria,Almagro S.A,Antofagasta,Almagro Terra,I-ALM-2360,Antofagasta | MR | Almagro Terra,215646,5649119028,2026-07-31,2026-07-31,,5649119028,invoiceNumber,Sin match,True,Almagro,Pendiente cartola TC julio completa
2026-07,Google Ads,Almagro Inmobiliaria,Almagro S.A,Antofagasta,Almagro Terra,I-ALM-2360,Antofagasta | MR | Almagro Terra,826,5649119028,2026-07-31,2026-07-31,,5649119028,invoiceNumber,Sin match,True,Almagro,Pendiente cartola TC julio completa
2026-07,Google Ads,Almagro Inmobiliaria,Almagro S.A,Genérico,Balance,I-ALM-2358,Nacional | AO S | Por Categoria | Always On,116110,5649119028,2026-07-31,2026-07-31,,5649119028,invoiceNumber,Sin match,True,Almagro,Pendiente cartola TC julio completa
2026-07,Google Ads,Almagro Inmobiliaria,Almagro S.A,Inversionista,Balance,I-ALM-2358,Santiago | AO S | Inversionistas 2,57735,5649119028,2026-07-31,2026-07-31,,5649119028,invoiceNumber,Sin match,True,Almagro,Pendiente cartola TC julio completa
2026-07,Google Ads,Almagro Inmobiliaria,Almagro S.A,Providencia,Balance,I-ALM-2358,Santiago | AO S | Por Comuna | Providencia,797098,5649119028,2026-07-31,2026-07-31,,5649119028,invoiceNumber,Sin match,True,Almagro,Pendiente cartola TC julio completa
2026-07,Google Ads,Almagro Inmobiliaria,Almagro S.A,PPP,Balance,I-ALM-2358,Santiago | AO S | Tudeptoestupie,69116,5649119028,2026-07-31,2026-07-31,,5649119028,invoiceNumber,Sin match,True,Almagro,Pendiente cartola TC julio completa
2026-07,Google Ads,Almagro Inmobiliaria,Almagro S.A,Genérico,Carrera 4,I-ALM-2275,Nacional | AO S | Por Categoria | Always On,116110,5649119028,2026-07-31,2026-07-31,,5649119028,invoiceNumber,Sin match,True,Almagro,Pendiente cartola TC julio completa
2026-07,Google Ads,Almagro Inmobiliaria,Almagro S.A,Inversionista,Carrera 4,I-ALM-2275,Santiago | AO S | Inversionistas 2,57735,5649119028,2026-07-31,2026-07-31,,5649119028,invoiceNumber,Sin match,True,Almagro,Pendiente cartola TC julio completa
2026-07,Google Ads,Almagro Inmobiliaria,Almagro S.A,Santiago Centro,Carrera 4,I-ALM-2275,Santiago | AO S | Por Comuna | Santiago Centro #2,1302021,5649119028,2026-07-31,2026-07-31,,5649119028,invoiceNumber,Sin match,True,Almagro,Pendiente cartola TC julio completa
2026-07,Google Ads,Almagro Inmobiliaria,Almagro S.A,PPP,Carrera 4,I-ALM-2275,Santiago | AO S | Tudeptoestupie,69116,5649119028,2026-07-31,2026-07-31,,5649119028,invoiceNumber,Sin match,True,Almagro,Pendiente cartola TC julio completa
2026-07,Google Ads,Almagro Inmobiliaria,Almagro S.A,Santiago,Carrera 4,I-ALM-2275,Santiago | MR | Carrera IV,490449,5649119028,2026-07-31,2026-07-31,,5649119028,invoiceNumber,Sin match,True,Manual,Pendiente cartola TC julio completa
2026-07,Google Ads,Almagro Inmobiliaria,Almagro S.A,Santiago,Carrera 4,I-ALM-2275,Santiago | MR | Carrera IV,12,5649119028,2026-07-31,2026-07-31,,5649119028,invoiceNumber,Sin match,True,Manual,Pendiente cartola TC julio completa
2026-07,Google Ads,Almagro Inmobiliaria,Almagro S.A,Genérico,Indico,I-ALM-1453,Nacional | AO S | Por Categoria | Always On,116110,5649119028,2026-07-31,2026-07-31,,5649119028,invoiceNumber,Sin match,True,Almagro,Pendiente cartola TC julio completa
2026-07,Google Ads,Almagro Inmobiliaria,Almagro S.A,Antofagasta,Indico,I-ALM-1453,Norte | AO S | Por Comuna | Antofagasta,2194508,5649119028,2026-07-31,2026-07-31,,5649119028,invoiceNumber,Sin match,True,Almagro,Pendiente cartola TC julio completa
2026-07,Google Ads,Almagro Inmobiliaria,Almagro S.A,Inversionista,Indico,I-ALM-1453,Santiago | AO S | Inversionistas 2,57735,5649119028,2026-07-31,2026-07-31,,5649119028,invoiceNumber,Sin match,True,Almagro,Pendiente cartola TC julio completa
2026-07,Google Ads,Almagro Inmobiliaria,Almagro S.A,PPP,Indico,I-ALM-1453,Santiago | AO S | Tudeptoestupie,69116,5649119028,2026-07-31,2026-07-31,,5649119028,invoiceNumber,Sin match,True,Almagro,Pendiente cartola TC julio completa
2026-07,Google Ads,Almagro Inmobiliaria,Almagro S.A,Genérico,Insigne,I-ALM-2157,Nacional | AO S | Por Categoria | Always On,116110,5649119028,2026-07-31,2026-07-31,,5649119028,invoiceNumber,Sin match,True,Almagro,Pendiente cartola TC julio completa
2026-07,Google Ads,Almagro Inmobiliaria,Almagro S.A,Inversionista,Insigne,I-ALM-2157,Santiago | AO S | Inversionistas 2,57734,5649119028,2026-07-31,2026-07-31,,5649119028,invoiceNumber,Sin match,True,Almagro,Pendiente cartola TC julio completa
2026-07,Google Ads,Almagro Inmobiliaria,Almagro S.A,Macul,Insigne,I-ALM-2157,Santiago | AO S | Por Comuna | Macul | 2,1285448,5649119028,2026-07-31,2026-07-31,,5649119028,invoiceNumber,Sin match,True,Almagro,Pendiente cartola TC julio completa
2026-07,Google Ads,Almagro Inmobiliaria,Almagro S.A,PPP,Insigne,I-ALM-2157,Santiago | AO S | Tudeptoestupie,69116,5649119028,2026-07-31,2026-07-31,,5649119028,invoiceNumber,Sin match,True,Almagro,Pendiente cartola TC julio completa
2026-07,Google Ads,Almagro Inmobiliaria,Almagro S.A,Macul,Insigne,I-ALM-2157,Santiago | Demand Gen | Insigne,13164,5649119028,2026-07-31,2026-07-31,,5649119028,invoiceNumber,Sin match,True,Manual,Pendiente cartola TC julio completa
2026-07,Google Ads,Almagro Inmobiliaria,Almagro S.A,Macul,Insigne,I-ALM-2157,Santiago | Demand Gen | Insigne,571,5649119028,2026-07-31,2026-07-31,,5649119028,invoiceNumber,Sin match,True,Manual,Pendiente cartola TC julio completa
2026-07,Google Ads,Almagro Inmobiliaria,Almagro S.A,Macul,Insigne,I-ALM-2157,Santiago | MR | Insigne,492940,5649119028,2026-07-31,2026-07-31,,5649119028,invoiceNumber,Sin match,True,Almagro,Pendiente cartola TC julio completa
2026-07,Google Ads,Almagro Inmobiliaria,Almagro S.A,Macul,Insigne,I-ALM-2157,Santiago | MR | Insigne,6953,5649119028,2026-07-31,2026-07-31,,5649119028,invoiceNumber,Sin match,True,Almagro,Pendiente cartola TC julio completa
2026-07,Google Ads,Almagro Inmobiliaria,Almagro S.A,Genérico,Los Cactus,I-ALM-2342,Nacional | AO S | Por Categoria | Always On,116110,5649119028,2026-07-31,2026-07-31,,5649119028,invoiceNumber,Sin match,True,Almagro,Pendiente cartola TC julio completa
2026-07,Google Ads,Almagro Inmobiliaria,Almagro S.A,Inversionista,Los Cactus,I-ALM-2342,Santiago | AO S | Inversionistas 2,57734,5649119028,2026-07-31,2026-07-31,,5649119028,invoiceNumber,Sin match,True,Almagro,Pendiente cartola TC julio completa
2026-07,Google Ads,Almagro Inmobiliaria,Almagro S.A,Lo Barnechea,Los Cactus,I-ALM-2342,Santiago | AO S | Por Comuna | Lo Barnechea | Los Cactus,818611,5649119028,2026-07-31,2026-07-31,,5649119028,invoiceNumber,Sin match,True,Almagro,Pendiente cartola TC julio completa
2026-07,Google Ads,Almagro Inmobiliaria,Almagro S.A,PPP,Los Cactus,I-ALM-2342,Santiago | AO S | Tudeptoestupie,69116,5649119028,2026-07-31,2026-07-31,,5649119028,invoiceNumber,Sin match,True,Almagro,Pendiente cartola TC julio completa
2026-07,Google Ads,Almagro Inmobiliaria,Almagro S.A,Genérico,Lyon Bilbao,I-ALM-2211,Nacional | AO S | Por Categoria | Always On,116110,5649119028,2026-07-31,2026-07-31,,5649119028,invoiceNumber,Sin match,True,Almagro,Pendiente cartola TC julio completa
2026-07,Google Ads,Almagro Inmobiliaria,Almagro S.A,Inversionista,Lyon Bilbao,I-ALM-2211,Santiago | AO S | Inversionistas 2,57734,5649119028,2026-07-31,2026-07-31,,5649119028,invoiceNumber,Sin match,True,Almagro,Pendiente cartola TC julio completa
2026-07,Google Ads,Almagro Inmobiliaria,Almagro S.A,Providencia,Lyon Bilbao,I-ALM-2211,Santiago | AO S | Por Comuna | Providencia,797098,5649119028,2026-07-31,2026-07-31,,5649119028,invoiceNumber,Sin match,True,Almagro,Pendiente cartola TC julio completa
2026-07,Google Ads,Almagro Inmobiliaria,Almagro S.A,PPP,Lyon Bilbao,I-ALM-2211,Santiago | AO S | Tudeptoestupie,69116,5649119028,2026-07-31,2026-07-31,,5649119028,invoiceNumber,Sin match,True,Almagro,Pendiente cartola TC julio completa
2026-07,Google Ads,Almagro Inmobiliaria,Almagro S.A,Antofagasta,Parque Brasil,I-ALM-2285,Antofagasta | MR | Parque Brasil,477239,5649119028,2026-07-31,2026-07-31,,5649119028,invoiceNumber,Sin match,True,Almagro,Pendiente cartola TC julio completa
2026-07,Google Ads,Almagro Inmobiliaria,Almagro S.A,Antofagasta,Parque Brasil,I-ALM-2285,Antofagasta | MR | Parque Brasil,17962,5649119028,2026-07-31,2026-07-31,,5649119028,invoiceNumber,Sin match,True,Almagro,Pendiente cartola TC julio completa
2026-07,Google Ads,Almagro Inmobiliaria,Almagro S.A,Antofagasta,Parque Brasil,I-ALM-2285,Costos operativos regulatorios de España,1272,5649119028,2026-07-31,2026-07-31,,5649119028,invoiceNumber,Sin match,True,,Pendiente cartola TC julio completa
2026-07,Google Ads,Almagro Inmobiliaria,Almagro S.A,Antofagasta,Parque Brasil,I-ALM-2285,Costos operativos regulatorios de Francia,294,5649119028,2026-07-31,2026-07-31,,5649119028,invoiceNumber,Sin match,True,,Pendiente cartola TC julio completa
2026-07,Google Ads,Almagro Inmobiliaria,Almagro S.A,Antofagasta,Parque Brasil,I-ALM-2285,Costos operativos regulatorios de Italia,149,5649119028,2026-07-31,2026-07-31,,5649119028,invoiceNumber,Sin match,True,,Pendiente cartola TC julio completa
2026-07,Google Ads,Almagro Inmobiliaria,Almagro S.A,Genérico,Parque Brasil,I-ALM-2285,Nacional | AO S | Por Categoria | Always On,116110,5649119028,2026-07-31,2026-07-31,,5649119028,invoiceNumber,Sin match,True,Almagro,Pendiente cartola TC julio completa
2026-07,Google Ads,Almagro Inmobiliaria,Almagro S.A,Antofagasta,Parque Brasil,I-ALM-2285,Norte | AO S | Por Comuna | Antofagasta,2199545,5649119028,2026-07-31,2026-07-31,,5649119028,invoiceNumber,Sin match,True,Almagro,Pendiente cartola TC julio completa
2026-07,Google Ads,Almagro Inmobiliaria,Almagro S.A,Inversionista,Parque Brasil,I-ALM-2285,Santiago | AO S | Inversionistas 2,57734,5649119028,2026-07-31,2026-07-31,,5649119028,invoiceNumber,Sin match,True,Almagro,Pendiente cartola TC julio completa
2026-07,Google Ads,Almagro Inmobiliaria,Almagro S.A,PPP,Parque Brasil,I-ALM-2285,Santiago | AO S | Tudeptoestupie,69115,5649119028,2026-07-31,2026-07-31,,5649119028,invoiceNumber,Sin match,True,Almagro,Pendiente cartola TC julio completa
2026-07,Google Ads,Almagro Inmobiliaria,Almagro S.A,Antofagasta,Parque Brasil,I-ALM-2285,Tarifa del impuesto a los servicios digitales de Austria,188,5649119028,2026-07-31,2026-07-31,,5649119028,invoiceNumber,Sin match,True,,Pendiente cartola TC julio completa
2026-07,Google Ads,Almagro Inmobiliaria,Almagro S.A,Antofagasta,Parque Brasil,I-ALM-2285,Tarifa del impuesto a los servicios digitales del Reino Unido,370,5649119028,2026-07-31,2026-07-31,,5649119028,invoiceNumber,Sin match,True,,Pendiente cartola TC julio completa
2026-07,Google Ads,Almagro Inmobiliaria,Almagro S.A,Genérico,San Eugenio 2,I-ALM-2227,Nacional | AO S | Por Categoria | Always On,116110,5649119028,2026-07-31,2026-07-31,,5649119028,invoiceNumber,Sin match,True,Almagro,Pendiente cartola TC julio completa
2026-07,Google Ads,Almagro Inmobiliaria,Almagro S.A,Inversionista,San Eugenio 2,I-ALM-2227,Santiago | AO S | Inversionistas 2,57734,5649119028,2026-07-31,2026-07-31,,5649119028,invoiceNumber,Sin match,True,Almagro,Pendiente cartola TC julio completa
2026-07,Google Ads,Almagro Inmobiliaria,Almagro S.A,Ñuñoa,San Eugenio 2,I-ALM-2227,Santiago | AO S | Por Comuna | Nunoa #2,1306655,5649119028,2026-07-31,2026-07-31,,5649119028,invoiceNumber,Sin match,True,Almagro,Pendiente cartola TC julio completa
2026-07,Google Ads,Almagro Inmobiliaria,Almagro S.A,PPP,San Eugenio 2,I-ALM-2227,Santiago | AO S | Tudeptoestupie,69115,5649119028,2026-07-31,2026-07-31,,5649119028,invoiceNumber,Sin match,True,Almagro,Pendiente cartola TC julio completa
2026-07,Google Ads,Almagro Inmobiliaria,Almagro S.A,Santiago,San Eugenio 2,I-ALM-2227,Santiago | MR | San Eugenio,480518,5649119028,2026-07-31,2026-07-31,,5649119028,invoiceNumber,Sin match,True,Manual,Pendiente cartola TC julio completa
2026-07,Google Ads,Almagro Inmobiliaria,Almagro S.A,Santiago,San Eugenio 2,I-ALM-2227,Santiago | MR | San Eugenio,8983,5649119028,2026-07-31,2026-07-31,,5649119028,invoiceNumber,Sin match,True,Manual,Pendiente cartola TC julio completa
2026-07,Google Ads,Almagro Inmobiliaria,Almagro S.A,Santiago,Signature,I-ALM-2354,Santiago | Demand Gen | Signature,217541,5649119028,2026-07-31,2026-07-31,,5649119028,invoiceNumber,Sin match,True,Manual,Pendiente cartola TC julio completa
2026-07,Google Ads,Almagro Inmobiliaria,Almagro S.A,Santiago,Signature,I-ALM-2354,Santiago | Demand Gen | Signature,203014,5649119028,2026-07-31,2026-07-31,,5649119028,invoiceNumber,Sin match,True,Manual,Pendiente cartola TC julio completa
2026-07,Google Ads,Almagro Inmobiliaria,Almagro S.A,Santiago,Signature,I-ALM-2354,Santiago | MR | Signature,628210,5649119028,2026-07-31,2026-07-31,,5649119028,invoiceNumber,Sin match,True,Manual,Pendiente cartola TC julio completa
2026-07,Google Ads,Almagro Inmobiliaria,Almagro S.A,Santiago,Signature,I-ALM-2354,Santiago | MR | Signature,135,5649119028,2026-07-31,2026-07-31,,5649119028,invoiceNumber,Sin match,True,Manual,Pendiente cartola TC julio completa
2026-07,Google Ads,Almagro Inmobiliaria,Almagro S.A,Antofagasta,Valle del Mar,I-ALM-1453,Antofagasta | Demand Gen | ValleDelMar,281653,5649119028,2026-07-31,2026-07-31,,5649119028,invoiceNumber,Sin match,True,Manual,Pendiente cartola TC julio completa
2026-07,Google Ads,Almagro Inmobiliaria,Almagro S.A,Antofagasta,Valle del Mar,I-ALM-1453,Antofagasta | Demand Gen | ValleDelMar,237608,5649119028,2026-07-31,2026-07-31,,5649119028,invoiceNumber,Sin match,True,Manual,Pendiente cartola TC julio completa
2026-07,Google Ads,Almagro Inmobiliaria,Almagro S.A,Antofagasta,Valle del Mar,I-ALM-1453,Antofagasta | MR | ValleDelMar,780562,5649119028,2026-07-31,2026-07-31,,5649119028,invoiceNumber,Sin match,True,Manual,Pendiente cartola TC julio completa
2026-07,Google Ads,Almagro Inmobiliaria,Almagro S.A,Antofagasta,Valle del Mar,I-ALM-1453,Antofagasta | MR | ValleDelMar,4654,5649119028,2026-07-31,2026-07-31,,5649119028,invoiceNumber,Sin match,True,Manual,Pendiente cartola TC julio completa
2026-07,Google Ads,Almagro Inmobiliaria,Almagro SA,Vitacura,Agustín del Castillo,,Santiago | AO S | Por Comuna | Vitacura,1469814,5649119028,2026-07-31,2026-07-31,,5649119028,invoiceNumber,Sin match,True,Manual,Pendiente cartola TC julio completa
2026-07,Google Ads,Almagro Inmobiliaria,Arcilla Roja,Genérico,Almagro Hub,I-ALM-2189,Nacional | AO S | Por Categoria | Always On,116110,5649119028,2026-07-31,2026-07-31,,5649119028,invoiceNumber,Sin match,True,Almagro,Pendiente cartola TC julio completa
2026-07,Google Ads,Almagro Inmobiliaria,Arcilla Roja,Inversionista,Almagro Hub,I-ALM-2189,Santiago | AO S | Inversionistas 2,57735,5649119028,2026-07-31,2026-07-31,,5649119028,invoiceNumber,Sin match,True,Almagro,Pendiente cartola TC julio completa
2026-07,Google Ads,Almagro Inmobiliaria,Arcilla Roja,Providencia,Almagro Hub,I-ALM-2189,Santiago | AO S | Por Comuna | Providencia,797098,5649119028,2026-07-31,2026-07-31,,5649119028,invoiceNumber,Sin match,True,Almagro,Pendiente cartola TC julio completa
2026-07,Google Ads,Almagro Inmobiliaria,Arcilla Roja,PPP,Almagro Hub,I-ALM-2189,Santiago | AO S | Tudeptoestupie,69116,5649119028,2026-07-31,2026-07-31,,5649119028,invoiceNumber,Sin match,True,Almagro,Pendiente cartola TC julio completa
2026-07,Google Ads,Almagro Inmobiliaria,Arcilla Roja,Providencia,Almagro Hub,I-ALM-2189,Santiago | MR | Hub,240129,5649119028,2026-07-31,2026-07-31,,5649119028,invoiceNumber,Sin match,True,Manual,Pendiente cartola TC julio completa
2026-07,Google Ads,Almagro Inmobiliaria,Arcilla Roja,Providencia,Almagro Hub,I-ALM-2189,Santiago | MR | Hub,6028,5649119028,2026-07-31,2026-07-31,,5649119028,invoiceNumber,Sin match,True,Manual,Pendiente cartola TC julio completa
2026-07,Google Ads,Almagro Inmobiliaria,Arcilla Roja,Genérico,PLP 1,I-ALM-2226,Nacional | AO S | Por Categoria | Always On,116110,5649119028,2026-07-31,2026-07-31,,5649119028,invoiceNumber,Sin match,True,Almagro,Pendiente cartola TC julio completa
2026-07,Google Ads,Almagro Inmobiliaria,Arcilla Roja,Inversionista,PLP 1,I-ALM-2226,Santiago | AO S | Inversionistas 2,57734,5649119028,2026-07-31,2026-07-31,,5649119028,invoiceNumber,Sin match,True,Almagro,Pendiente cartola TC julio completa
2026-07,Google Ads,Almagro Inmobiliaria,Arcilla Roja,Las Condes,PLP 1,I-ALM-2226,Santiago | AO S | Por Comuna | Las Condes,544751,5649119028,2026-07-31,2026-07-31,,5649119028,invoiceNumber,Sin match,True,Almagro,Pendiente cartola TC julio completa
2026-07,Google Ads,Almagro Inmobiliaria,Arcilla Roja,PPP,PLP 1,I-ALM-2226,Santiago | AO S | Tudeptoestupie,69116,5649119028,2026-07-31,2026-07-31,,5649119028,invoiceNumber,Sin match,True,Almagro,Pendiente cartola TC julio completa
2026-07,Google Ads,Almagro Inmobiliaria,Arcilla Roja,Genérico,PLP 2,I-ALM-2306,Nacional | AO S | Por Categoria | Always On,116110,5649119028,2026-07-31,2026-07-31,,5649119028,invoiceNumber,Sin match,True,Almagro,Pendiente cartola TC julio completa
2026-07,Google Ads,Almagro Inmobiliaria,Arcilla Roja,Inversionista,PLP 2,I-ALM-2306,Santiago | AO S | Inversionistas 2,57734,5649119028,2026-07-31,2026-07-31,,5649119028,invoiceNumber,Sin match,True,Almagro,Pendiente cartola TC julio completa
2026-07,Google Ads,Almagro Inmobiliaria,Arcilla Roja,Las Condes,PLP 2,I-ALM-2306,Santiago | AO S | Por Comuna | Las Condes,544750,5649119028,2026-07-31,2026-07-31,,5649119028,invoiceNumber,Sin match,True,Almagro,Pendiente cartola TC julio completa
2026-07,Google Ads,Almagro Inmobiliaria,Arcilla Roja,PPP,PLP 2,I-ALM-2306,Santiago | AO S | Tudeptoestupie,69115,5649119028,2026-07-31,2026-07-31,,5649119028,invoiceNumber,Sin match,True,Almagro,Pendiente cartola TC julio completa
2026-07,Google Ads,Almagro Inmobiliaria,Arcilla Roja,Genérico,Rengo,I-ALM-2288,Nacional | AO S | Por Categoria | Always On,116110,5649119028,2026-07-31,2026-07-31,,5649119028,invoiceNumber,Sin match,True,Almagro,Pendiente cartola TC julio completa
2026-07,Google Ads,Almagro Inmobiliaria,Arcilla Roja,Inversionista,Rengo,I-ALM-2288,Santiago | AO S | Inversionistas 2,57734,5649119028,2026-07-31,2026-07-31,,5649119028,invoiceNumber,Sin match,True,Almagro,Pendiente cartola TC julio completa
2026-07,Google Ads,Almagro Inmobiliaria,Arcilla Roja,Providencia,Rengo,I-ALM-2288,Santiago | AO S | Por Comuna | Providencia,797097,5649119028,2026-07-31,2026-07-31,,5649119028,invoiceNumber,Sin match,True,Almagro,Pendiente cartola TC julio completa
2026-07,Google Ads,Almagro Inmobiliaria,Arcilla Roja,PPP,Rengo,I-ALM-2288,Santiago | AO S | Tudeptoestupie,69115,5649119028,2026-07-31,2026-07-31,,5649119028,invoiceNumber,Sin match,True,Almagro,Pendiente cartola TC julio completa
2026-07,Google Ads,Almagro Inmobiliaria,Madagascar,Genérico,Almagro District,I-ALM-2399,Nacional | AO S | Por Categoria | Always On,116110,5649119028,2026-07-31,2026-07-31,,5649119028,invoiceNumber,Sin match,True,Almagro,Pendiente cartola TC julio completa
2026-07,Google Ads,Almagro Inmobiliaria,Madagascar,Inversionista,Almagro District,I-ALM-2399,Santiago | AO S | Inversionistas 2,57735,5649119028,2026-07-31,2026-07-31,,5649119028,invoiceNumber,Sin match,True,Almagro,Pendiente cartola TC julio completa
2026-07,Google Ads,Almagro Inmobiliaria,Madagascar,Las Condes,Almagro District,I-ALM-2399,Santiago | AO S | Por Comuna | Las Condes,544751,5649119028,2026-07-31,2026-07-31,,5649119028,invoiceNumber,Sin match,True,Almagro,Pendiente cartola TC julio completa
2026-07,Google Ads,Almagro Inmobiliaria,Madagascar,PPP,Almagro District,I-ALM-2399,Santiago | AO S | Tudeptoestupie,69116,5649119028,2026-07-31,2026-07-31,,5649119028,invoiceNumber,Sin match,True,Almagro,Pendiente cartola TC julio completa
2026-07,Google Ads,Almagro Inmobiliaria,Madagascar,Las Condes,Almagro District,I-ALM-2399,Santiago | MR | Almagro District,241474,5649119028,2026-07-31,2026-07-31,,5649119028,invoiceNumber,Sin match,True,Almagro,Pendiente cartola TC julio completa
2026-07,Google Ads,Almagro Inmobiliaria,Madagascar,Las Condes,Almagro District,I-ALM-2399,Santiago | MR | Almagro District,2354,5649119028,2026-07-31,2026-07-31,,5649119028,invoiceNumber,Sin match,True,Almagro,Pendiente cartola TC julio completa
2026-07,Google Ads,Almagro Propiedades,Almagro S.A,Propiedades,Almagro Plus,I-ALM-2234,Nacional | AO S | Por Categoria | Propiedades,106735,5649141914,2026-07-31,2026-07-31,,5649141914,invoiceNumber,Sin match,True,Almagro,Pendiente cartola TC julio completa
2026-07,Google Ads,Almagro Propiedades,Almagro S.A,Propiedades,Almagro Plus,I-ALM-2234,Nacional | AO S | Propiedades | Cuota impresiones,19196,5649141914,2026-07-31,2026-07-31,,5649141914,invoiceNumber,Sin match,True,Almagro,Pendiente cartola TC julio completa
2026-07,Google Ads,Almagro Propiedades,Almagro S.A,Propiedades,Almagro Plus,I-ALM-2234,Santiago | AO | DemandGen | Propiedades,16396,5649141914,2026-07-31,2026-07-31,,5649141914,invoiceNumber,Sin match,True,Almagro,Pendiente cartola TC julio completa
2026-07,Google Ads,Almagro Propiedades,Almagro S.A,Propiedades,Almagro Plus,I-ALM-2234,Santiago | AO | DemandGen | Propiedades,13827,5649141914,2026-07-31,2026-07-31,,5649141914,invoiceNumber,Sin match,True,Almagro,Pendiente cartola TC julio completa
2026-07,Google Ads,Almagro Propiedades,Almagro S.A,Propiedades,Balance,I-ALM-2358,Nacional | AO S | Por Categoria | Propiedades,108664,5649141914,2026-07-31,2026-07-31,,5649141914,invoiceNumber,Sin match,True,Almagro,Pendiente cartola TC julio completa
2026-07,Google Ads,Almagro Propiedades,Almagro S.A,Propiedades,Balance,I-ALM-2358,Nacional | AO S | Propiedades | Cuota impresiones,19196,5649141914,2026-07-31,2026-07-31,,5649141914,invoiceNumber,Sin match,True,Almagro,Pendiente cartola TC julio completa
2026-07,Google Ads,Almagro Propiedades,Almagro S.A,Propiedades,Balance,I-ALM-2358,Santiago | AO | DemandGen | Propiedades,16395,5649141914,2026-07-31,2026-07-31,,5649141914,invoiceNumber,Sin match,True,Almagro,Pendiente cartola TC julio completa
2026-07,Google Ads,Almagro Propiedades,Almagro S.A,Propiedades,Balance,I-ALM-2358,Santiago | AO | DemandGen | Propiedades,13827,5649141914,2026-07-31,2026-07-31,,5649141914,invoiceNumber,Sin match,True,Almagro,Pendiente cartola TC julio completa
2026-07,Google Ads,Almagro Propiedades,Almagro S.A,Propiedades,Carrera 4,I-ALM-2275,Nacional | AO S | Por Categoria | Propiedades,108664,5649141914,2026-07-31,2026-07-31,,5649141914,invoiceNumber,Sin match,True,Almagro,Pendiente cartola TC julio completa
2026-07,Google Ads,Almagro Propiedades,Almagro S.A,Propiedades,Carrera 4,I-ALM-2275,Nacional | AO S | Propiedades | Cuota impresiones,19196,5649141914,2026-07-31,2026-07-31,,5649141914,invoiceNumber,Sin match,True,Almagro,Pendiente cartola TC julio completa
2026-07,Google Ads,Almagro Propiedades,Almagro S.A,Propiedades,Carrera 4,I-ALM-2275,Santiago | AO | DemandGen | Propiedades,16395,5649141914,2026-07-31,2026-07-31,,5649141914,invoiceNumber,Sin match,True,Almagro,Pendiente cartola TC julio completa
2026-07,Google Ads,Almagro Propiedades,Almagro S.A,Propiedades,Carrera 4,I-ALM-2275,Santiago | AO | DemandGen | Propiedades,13827,5649141914,2026-07-31,2026-07-31,,5649141914,invoiceNumber,Sin match,True,Almagro,Pendiente cartola TC julio completa
2026-07,Google Ads,Almagro Propiedades,Almagro S.A,Propiedades,Indico,I-ALM-1453,Nacional | AO S | Por Categoria | Propiedades,108664,5649141914,2026-07-31,2026-07-31,,5649141914,invoiceNumber,Sin match,True,Almagro,Pendiente cartola TC julio completa
2026-07,Google Ads,Almagro Propiedades,Almagro S.A,Propiedades,Indico,I-ALM-1453,Nacional | AO S | Propiedades | Cuota impresiones,19196,5649141914,2026-07-31,2026-07-31,,5649141914,invoiceNumber,Sin match,True,Almagro,Pendiente cartola TC julio completa
2026-07,Google Ads,Almagro Propiedades,Almagro S.A,Propiedades,Indico,I-ALM-1453,Santiago | AO | DemandGen | Propiedades,16395,5649141914,2026-07-31,2026-07-31,,5649141914,invoiceNumber,Sin match,True,Almagro,Pendiente cartola TC julio completa
2026-07,Google Ads,Almagro Propiedades,Almagro S.A,Propiedades,Indico,I-ALM-1453,Santiago | AO | DemandGen | Propiedades,13827,5649141914,2026-07-31,2026-07-31,,5649141914,invoiceNumber,Sin match,True,Almagro,Pendiente cartola TC julio completa
2026-07,Google Ads,Almagro Propiedades,Almagro S.A,Propiedades,Insigne,I-ALM-2157,Costos operativos regulatorios de España,105,5649141914,2026-07-31,2026-07-31,,5649141914,invoiceNumber,Sin match,True,,Pendiente cartola TC julio completa
2026-07,Google Ads,Almagro Propiedades,Almagro S.A,Propiedades,Insigne,I-ALM-2157,Costos operativos regulatorios de Francia,40,5649141914,2026-07-31,2026-07-31,,5649141914,invoiceNumber,Sin match,True,,Pendiente cartola TC julio completa
2026-07,Google Ads,Almagro Propiedades,Almagro S.A,Propiedades,Insigne,I-ALM-2157,Costos operativos regulatorios de Italia,10,5649141914,2026-07-31,2026-07-31,,5649141914,invoiceNumber,Sin match,True,,Pendiente cartola TC julio completa
2026-07,Google Ads,Almagro Propiedades,Almagro S.A,Propiedades,Insigne,I-ALM-2157,Nacional | AO S | Por Categoria | Propiedades,108664,5649141914,2026-07-31,2026-07-31,,5649141914,invoiceNumber,Sin match,True,Almagro,Pendiente cartola TC julio completa
2026-07,Google Ads,Almagro Propiedades,Almagro S.A,Propiedades,Insigne,I-ALM-2157,Nacional | AO S | Propiedades | Cuota impresiones,19196,5649141914,2026-07-31,2026-07-31,,5649141914,invoiceNumber,Sin match,True,Almagro,Pendiente cartola TC julio completa
2026-07,Google Ads,Almagro Propiedades,Almagro S.A,Propiedades,Insigne,I-ALM-2157,Santiago | AO | DemandGen | Propiedades,16395,5649141914,2026-07-31,2026-07-31,,5649141914,invoiceNumber,Sin match,True,Almagro,Pendiente cartola TC julio completa
2026-07,Google Ads,Almagro Propiedades,Almagro S.A,Propiedades,Insigne,I-ALM-2157,Santiago | AO | DemandGen | Propiedades,13827,5649141914,2026-07-31,2026-07-31,,5649141914,invoiceNumber,Sin match,True,Almagro,Pendiente cartola TC julio completa
2026-07,Google Ads,Almagro Propiedades,Almagro S.A,Propiedades,Insigne,I-ALM-2157,Tarifa del impuesto a los servicios digitales del Reino Unido,11,5649141914,2026-07-31,2026-07-31,,5649141914,invoiceNumber,Sin match,True,,Pendiente cartola TC julio completa
2026-07,Google Ads,Almagro Propiedades,Almagro S.A,Propiedades,Los Cactus,I-ALM-2342,Nacional | AO S | Por Categoria | Propiedades,108664,5649141914,2026-07-31,2026-07-31,,5649141914,invoiceNumber,Sin match,True,Almagro,Pendiente cartola TC julio completa
2026-07,Google Ads,Almagro Propiedades,Almagro S.A,Propiedades,Los Cactus,I-ALM-2342,Nacional | AO S | Propiedades | Cuota impresiones,19196,5649141914,2026-07-31,2026-07-31,,5649141914,invoiceNumber,Sin match,True,Almagro,Pendiente cartola TC julio completa
2026-07,Google Ads,Almagro Propiedades,Almagro S.A,Propiedades,Los Cactus,I-ALM-2342,Santiago | AO | DemandGen | Propiedades,16395,5649141914,2026-07-31,2026-07-31,,5649141914,invoiceNumber,Sin match,True,Almagro,Pendiente cartola TC julio completa
2026-07,Google Ads,Almagro Propiedades,Almagro S.A,Propiedades,Los Cactus,I-ALM-2342,Santiago | AO | DemandGen | Propiedades,13827,5649141914,2026-07-31,2026-07-31,,5649141914,invoiceNumber,Sin match,True,Almagro,Pendiente cartola TC julio completa
2026-07,Google Ads,Almagro Propiedades,Almagro S.A,Propiedades,Lyon Bilbao,I-ALM-2211,Nacional | AO S | Por Categoria | Propiedades,108664,5649141914,2026-07-31,2026-07-31,,5649141914,invoiceNumber,Sin match,True,Almagro,Pendiente cartola TC julio completa
2026-07,Google Ads,Almagro Propiedades,Almagro S.A,Propiedades,Lyon Bilbao,I-ALM-2211,Nacional | AO S | Propiedades | Cuota impresiones,19196,5649141914,2026-07-31,2026-07-31,,5649141914,invoiceNumber,Sin match,True,Almagro,Pendiente cartola TC julio completa
2026-07,Google Ads,Almagro Propiedades,Almagro S.A,Propiedades,Lyon Bilbao,I-ALM-2211,Santiago | AO | DemandGen | Propiedades,16395,5649141914,2026-07-31,2026-07-31,,5649141914,invoiceNumber,Sin match,True,Almagro,Pendiente cartola TC julio completa
2026-07,Google Ads,Almagro Propiedades,Almagro S.A,Propiedades,Lyon Bilbao,I-ALM-2211,Santiago | AO | DemandGen | Propiedades,13827,5649141914,2026-07-31,2026-07-31,,5649141914,invoiceNumber,Sin match,True,Almagro,Pendiente cartola TC julio completa
2026-07,Google Ads,Almagro Propiedades,Almagro S.A,Propiedades,Parque Brasil,I-ALM-2285,Nacional | AO S | Por Categoria | Propiedades,108664,5649141914,2026-07-31,2026-07-31,,5649141914,invoiceNumber,Sin match,True,Almagro,Pendiente cartola TC julio completa
2026-07,Google Ads,Almagro Propiedades,Almagro S.A,Propiedades,Parque Brasil,I-ALM-2285,Nacional | AO S | Propiedades | Cuota impresiones,19196,5649141914,2026-07-31,2026-07-31,,5649141914,invoiceNumber,Sin match,True,Almagro,Pendiente cartola TC julio completa
2026-07,Google Ads,Almagro Propiedades,Almagro S.A,Propiedades,Parque Brasil,I-ALM-2285,Santiago | AO | DemandGen | Propiedades,16395,5649141914,2026-07-31,2026-07-31,,5649141914,invoiceNumber,Sin match,True,Almagro,Pendiente cartola TC julio completa
2026-07,Google Ads,Almagro Propiedades,Almagro S.A,Propiedades,Parque Brasil,I-ALM-2285,Santiago | AO | DemandGen | Propiedades,13826,5649141914,2026-07-31,2026-07-31,,5649141914,invoiceNumber,Sin match,True,Almagro,Pendiente cartola TC julio completa
2026-07,Google Ads,Almagro Propiedades,Almagro S.A,Propiedades,San Eugenio 2,I-ALM-2227,Nacional | AO S | Por Categoria | Propiedades,108664,5649141914,2026-07-31,2026-07-31,,5649141914,invoiceNumber,Sin match,True,Almagro,Pendiente cartola TC julio completa
2026-07,Google Ads,Almagro Propiedades,Almagro S.A,Propiedades,San Eugenio 2,I-ALM-2227,Nacional | AO S | Propiedades | Cuota impresiones,19196,5649141914,2026-07-31,2026-07-31,,5649141914,invoiceNumber,Sin match,True,Almagro,Pendiente cartola TC julio completa
2026-07,Google Ads,Almagro Propiedades,Almagro S.A,Propiedades,San Eugenio 2,I-ALM-2227,Santiago | AO | DemandGen | Propiedades,16395,5649141914,2026-07-31,2026-07-31,,5649141914,invoiceNumber,Sin match,True,Almagro,Pendiente cartola TC julio completa
2026-07,Google Ads,Almagro Propiedades,Almagro S.A,Propiedades,San Eugenio 2,I-ALM-2227,Santiago | AO | DemandGen | Propiedades,13826,5649141914,2026-07-31,2026-07-31,,5649141914,invoiceNumber,Sin match,True,Almagro,Pendiente cartola TC julio completa
2026-07,Google Ads,Almagro Propiedades,Arcilla Roja,Propiedades,Almagro Hub,I-ALM-2189,Nacional | AO S | Por Categoria | Propiedades,108664,5649141914,2026-07-31,2026-07-31,,5649141914,invoiceNumber,Sin match,True,Almagro,Pendiente cartola TC julio completa
2026-07,Google Ads,Almagro Propiedades,Arcilla Roja,Propiedades,Almagro Hub,I-ALM-2189,Nacional | AO S | Propiedades | Cuota impresiones,19196,5649141914,2026-07-31,2026-07-31,,5649141914,invoiceNumber,Sin match,True,Almagro,Pendiente cartola TC julio completa
2026-07,Google Ads,Almagro Propiedades,Arcilla Roja,Propiedades,Almagro Hub,I-ALM-2189,Santiago | AO | DemandGen | Propiedades,16396,5649141914,2026-07-31,2026-07-31,,5649141914,invoiceNumber,Sin match,True,Almagro,Pendiente cartola TC julio completa
2026-07,Google Ads,Almagro Propiedades,Arcilla Roja,Propiedades,Almagro Hub,I-ALM-2189,Santiago | AO | DemandGen | Propiedades,13827,5649141914,2026-07-31,2026-07-31,,5649141914,invoiceNumber,Sin match,True,Almagro,Pendiente cartola TC julio completa
2026-07,Google Ads,Almagro Propiedades,Arcilla Roja,Propiedades,PLP 1,I-ALM-2226,Nacional | AO S | Por Categoria | Propiedades,108664,5649141914,2026-07-31,2026-07-31,,5649141914,invoiceNumber,Sin match,True,Almagro,Pendiente cartola TC julio completa
2026-07,Google Ads,Almagro Propiedades,Arcilla Roja,Propiedades,PLP 1,I-ALM-2226,Nacional | AO S | Propiedades | Cuota impresiones,19196,5649141914,2026-07-31,2026-07-31,,5649141914,invoiceNumber,Sin match,True,Almagro,Pendiente cartola TC julio completa
2026-07,Google Ads,Almagro Propiedades,Arcilla Roja,Propiedades,PLP 1,I-ALM-2226,Santiago | AO | DemandGen | Propiedades,16395,5649141914,2026-07-31,2026-07-31,,5649141914,invoiceNumber,Sin match,True,Almagro,Pendiente cartola TC julio completa
2026-07,Google Ads,Almagro Propiedades,Arcilla Roja,Propiedades,PLP 1,I-ALM-2226,Santiago | AO | DemandGen | Propiedades,13827,5649141914,2026-07-31,2026-07-31,,5649141914,invoiceNumber,Sin match,True,Almagro,Pendiente cartola TC julio completa
2026-07,Google Ads,Almagro Propiedades,Arcilla Roja,Propiedades,PLP 2,I-ALM-2306,Nacional | AO S | Por Categoria | Propiedades,108664,5649141914,2026-07-31,2026-07-31,,5649141914,invoiceNumber,Sin match,True,Almagro,Pendiente cartola TC julio completa
2026-07,Google Ads,Almagro Propiedades,Arcilla Roja,Propiedades,PLP 2,I-ALM-2306,Nacional | AO S | Propiedades | Cuota impresiones,19196,5649141914,2026-07-31,2026-07-31,,5649141914,invoiceNumber,Sin match,True,Almagro,Pendiente cartola TC julio completa
2026-07,Google Ads,Almagro Propiedades,Arcilla Roja,Propiedades,PLP 2,I-ALM-2306,Santiago | AO | DemandGen | Propiedades,16395,5649141914,2026-07-31,2026-07-31,,5649141914,invoiceNumber,Sin match,True,Almagro,Pendiente cartola TC julio completa
2026-07,Google Ads,Almagro Propiedades,Arcilla Roja,Propiedades,PLP 2,I-ALM-2306,Santiago | AO | DemandGen | Propiedades,13827,5649141914,2026-07-31,2026-07-31,,5649141914,invoiceNumber,Sin match,True,Almagro,Pendiente cartola TC julio completa
2026-07,Google Ads,Almagro Propiedades,Arcilla Roja,Propiedades,Rengo,I-ALM-2288,Nacional | AO S | Por Categoria | Propiedades,108664,5649141914,2026-07-31,2026-07-31,,5649141914,invoiceNumber,Sin match,True,Almagro,Pendiente cartola TC julio completa
2026-07,Google Ads,Almagro Propiedades,Arcilla Roja,Propiedades,Rengo,I-ALM-2288,Nacional | AO S | Propiedades | Cuota impresiones,19196,5649141914,2026-07-31,2026-07-31,,5649141914,invoiceNumber,Sin match,True,Almagro,Pendiente cartola TC julio completa
2026-07,Google Ads,Almagro Propiedades,Arcilla Roja,Propiedades,Rengo,I-ALM-2288,Santiago | AO | DemandGen | Propiedades,16395,5649141914,2026-07-31,2026-07-31,,5649141914,invoiceNumber,Sin match,True,Almagro,Pendiente cartola TC julio completa
2026-07,Google Ads,Almagro Propiedades,Arcilla Roja,Propiedades,Rengo,I-ALM-2288,Santiago | AO | DemandGen | Propiedades,13826,5649141914,2026-07-31,2026-07-31,,5649141914,invoiceNumber,Sin match,True,Almagro,Pendiente cartola TC julio completa
2026-07,Google Ads,Almagro Propiedades,Madagascar,Propiedades,Almagro District,I-ALM-2399,Nacional | AO S | Por Categoria | Propiedades,108665,5649141914,2026-07-31,2026-07-31,,5649141914,invoiceNumber,Sin match,True,Almagro,Pendiente cartola TC julio completa
2026-07,Google Ads,Almagro Propiedades,Madagascar,Propiedades,Almagro District,I-ALM-2399,Nacional | AO S | Propiedades | Cuota impresiones,19196,5649141914,2026-07-31,2026-07-31,,5649141914,invoiceNumber,Sin match,True,Almagro,Pendiente cartola TC julio completa
2026-07,Google Ads,Almagro Propiedades,Madagascar,Propiedades,Almagro District,I-ALM-2399,Santiago | AO | DemandGen | Propiedades,16396,5649141914,2026-07-31,2026-07-31,,5649141914,invoiceNumber,Sin match,True,Almagro,Pendiente cartola TC julio completa
2026-07,Google Ads,Almagro Propiedades,Madagascar,Propiedades,Almagro District,I-ALM-2399,Santiago | AO | DemandGen | Propiedades,13827,5649141914,2026-07-31,2026-07-31,,5649141914,invoiceNumber,Sin match,True,Almagro,Pendiente cartola TC julio completa
2026-07,Google Ads,Pilares,Arcilla Roja,Santiago Centro,Franklin,I-ALM-2212,Santiago | YT | Por proyecto | Franklin | Santiago Centro,541125,5649365368,2026-07-31,2026-07-31,,5649365368,invoiceNumber,Sin match,True,Pilares,Pendiente cartola TC julio completa
2026-07,Google Ads,Pilares,ICSA,Genérico,Conde del Maule,I-SVS-2255,Santiago | AO S | Always On,127422,5649365368,2026-07-31,2026-07-31,,5649365368,invoiceNumber,Sin match,True,Pilares,Pendiente cartola TC julio completa
2026-07,Google Ads,Pilares,ICSA,Inversionista,Conde del Maule,I-SVS-2255,Santiago | AO S | Inversionistas 2,128578,5649365368,2026-07-31,2026-07-31,,5649365368,invoiceNumber,Sin match,True,Pilares,Pendiente cartola TC julio completa
2026-07,Google Ads,Pilares,ICSA,Estación Central,Conde del Maule,I-SVS-2255,Santiago | AO S | Por Comuna | Estacion Central #2,1098936,5649365368,2026-07-31,2026-07-31,,5649365368,invoiceNumber,Sin match,True,Pilares,Pendiente cartola TC julio completa
2026-07,Google Ads,Pilares,ICSA,Estación Central,Conde del Maule,I-SVS-2255,Santiago | Max. Rend. | Por proyecto | Conde Maule | Estacion Central,380749,5649365368,2026-07-31,2026-07-31,,5649365368,invoiceNumber,Sin match,True,Pilares,Pendiente cartola TC julio completa
2026-07,Google Ads,Pilares,ICSA,Estación Central,Conde del Maule,I-SVS-2255,Santiago | Max. Rend. | Por proyecto | Conde Maule | Estacion Central,34080,5649365368,2026-07-31,2026-07-31,,5649365368,invoiceNumber,Sin match,True,Pilares,Pendiente cartola TC julio completa
2026-07,Google Ads,Pilares,ICSA,Genérico,Edificio Ñuble,I-SVS-2173,Santiago | AO S | Always On,127422,5649365368,2026-07-31,2026-07-31,,5649365368,invoiceNumber,Sin match,True,Pilares,Pendiente cartola TC julio completa
2026-07,Google Ads,Pilares,ICSA,Inversionista,Edificio Ñuble,I-SVS-2173,Santiago | AO S | Inversionistas 2,128578,5649365368,2026-07-31,2026-07-31,,5649365368,invoiceNumber,Sin match,True,Pilares,Pendiente cartola TC julio completa
2026-07,Google Ads,Pilares,ICSA,Santiago Centro,Edificio Ñuble,I-SVS-2173,Santiago | AO S | Por Comuna | Santiago Centro #2,903256,5649365368,2026-07-31,2026-07-31,,5649365368,invoiceNumber,Sin match,True,Pilares,Pendiente cartola TC julio completa
2026-07,Google Ads,Pilares,ICSA,Genérico,Lo Ovalle,I-SVS-2296,Santiago | AO S | Always On,127422,5649365368,2026-07-31,2026-07-31,,5649365368,invoiceNumber,Sin match,True,Pilares,Pendiente cartola TC julio completa
2026-07,Google Ads,Pilares,ICSA,Inversionista,Lo Ovalle,I-SVS-2296,Santiago | AO S | Inversionistas 2,128577,5649365368,2026-07-31,2026-07-31,,5649365368,invoiceNumber,Sin match,True,Pilares,Pendiente cartola TC julio completa
2026-07,Google Ads,Pilares,ICSA,La Cisterna,Lo Ovalle,I-SVS-2296,Santiago | AO S | Por Comuna | La Cisterna,883425,5649365368,2026-07-31,2026-07-31,,5649365368,invoiceNumber,Sin match,True,Pilares,Pendiente cartola TC julio completa
2026-07,Google Ads,Pilares,ICSA,Genérico,Santos Dumont,I-SVS-2246,Santiago | AO S | Always On,127421,5649365368,2026-07-31,2026-07-31,,5649365368,invoiceNumber,Sin match,True,Pilares,Pendiente cartola TC julio completa
2026-07,Google Ads,Pilares,ICSA,Inversionista,Santos Dumont,I-SVS-2246,Santiago | AO S | Inversionistas 2,128577,5649365368,2026-07-31,2026-07-31,,5649365368,invoiceNumber,Sin match,True,Pilares,Pendiente cartola TC julio completa
2026-07,Google Ads,Pilares,ICSA,Independencia,Santos Dumont,I-SVS-2246,Santiago | AO S | Por Comuna | Independencia,1069944,5649365368,2026-07-31,2026-07-31,,5649365368,invoiceNumber,Sin match,True,Pilares,Pendiente cartola TC julio completa
2026-07,Google Ads,Pilares,ICSA,Independencia,Santos Dumont,I-SVS-2246,Santiago | Max. Rend. | Por proyecto | Santos Dumont | Independencia,412209,5649365368,2026-07-31,2026-07-31,,5649365368,invoiceNumber,Sin match,True,Pilares,Pendiente cartola TC julio completa
2026-07,Google Ads,Pilares,ICSA,Independencia,Santos Dumont,I-SVS-2246,Santiago | Max. Rend. | Por proyecto | Santos Dumont | Independencia,2005,5649365368,2026-07-31,2026-07-31,,5649365368,invoiceNumber,Sin match,True,Pilares,Pendiente cartola TC julio completa
2026-07,Google Ads,Pilares,Pilares S.A,AON,Guillermo Mann,I-SVS-2250,Costos operativos regulatorios de España,104,5649365368,2026-07-31,2026-07-31,,5649365368,invoiceNumber,Sin match,True,,Pendiente cartola TC julio completa
2026-07,Google Ads,Pilares,Pilares S.A,AON,Guillermo Mann,I-SVS-2250,Costos operativos regulatorios de Francia,11,5649365368,2026-07-31,2026-07-31,,5649365368,invoiceNumber,Sin match,True,,Pendiente cartola TC julio completa
2026-07,Google Ads,Pilares,Pilares S.A,AON,Guillermo Mann,I-SVS-2250,Costos operativos regulatorios de Italia,19,5649365368,2026-07-31,2026-07-31,,5649365368,invoiceNumber,Sin match,True,,Pendiente cartola TC julio completa
2026-07,Google Ads,Pilares,Pilares S.A,Genérico,Guillermo Mann,I-SVS-2250,Santiago | AO S | Always On,127422,5649365368,2026-07-31,2026-07-31,,5649365368,invoiceNumber,Sin match,True,Pilares,Pendiente cartola TC julio completa
2026-07,Google Ads,Pilares,Pilares S.A,Inversionista,Guillermo Mann,I-SVS-2250,Santiago | AO S | Inversionistas 2,128577,5649365368,2026-07-31,2026-07-31,,5649365368,invoiceNumber,Sin match,True,Pilares,Pendiente cartola TC julio completa
2026-07,Google Ads,Pilares,Pilares S.A,Ñuñoa,Guillermo Mann,I-SVS-2250,Santiago | AO S | Por Comuna | Ñuñoa #2,888328,5649365368,2026-07-31,2026-07-31,,5649365368,invoiceNumber,Sin match,True,Pilares,Pendiente cartola TC julio completa
2026-07,Google Ads,Pilares,Pilares S.A,AON,Guillermo Mann,I-SVS-2250,Tarifa del impuesto a los servicios digitales de Austria,119,5649365368,2026-07-31,2026-07-31,,5649365368,invoiceNumber,Sin match,True,,Pendiente cartola TC julio completa
2026-07,Google Ads,Pilares,Pilares S.A,AON,Guillermo Mann,I-SVS-2250,Tarifa del impuesto a los servicios digitales del Reino Unido,14,5649365368,2026-07-31,2026-07-31,,5649365368,invoiceNumber,Sin match,True,,Pendiente cartola TC julio completa
2026-07,Google Ads,Pilares,Pilares S.A,Genérico,Rodriguez Velasco,I-SVS-2289,Santiago | AO S | Always On,127422,5649365368,2026-07-31,2026-07-31,,5649365368,invoiceNumber,Sin match,True,Pilares,Pendiente cartola TC julio completa
2026-07,Google Ads,Pilares,Pilares S.A,Inversionista,Rodriguez Velasco,I-SVS-2289,Santiago | AO S | Inversionistas 2,128577,5649365368,2026-07-31,2026-07-31,,5649365368,invoiceNumber,Sin match,True,Pilares,Pendiente cartola TC julio completa
2026-07,Google Ads,Pilares,Pilares S.A,La Florida,Rodriguez Velasco,I-SVS-2289,Santiago | AO S | Por Comuna | La Florida,871682,5649365368,2026-07-31,2026-07-31,,5649365368,invoiceNumber,Sin match,True,Pilares,Pendiente cartola TC julio completa
2026-07,Google Ads,Pilares,Pilares S.A,Genérico,Vicuña Mackenna 7244,I-SVS-2131,Santiago | AO S | Always On,127421,5649365368,2026-07-31,2026-07-31,,5649365368,invoiceNumber,Sin match,True,Pilares,Pendiente cartola TC julio completa
2026-07,Google Ads,Pilares,Pilares S.A,Inversionista,Vicuña Mackenna 7244,I-SVS-2131,Santiago | AO S | Inversionistas 2,128577,5649365368,2026-07-31,2026-07-31,,5649365368,invoiceNumber,Sin match,True,Pilares,Pendiente cartola TC julio completa
2026-07,Google Ads,Pilares,Pilares S.A,La Florida,Vicuña Mackenna 7244,I-SVS-2131,Santiago | AO S | Por Comuna | La Florida,871681,5649365368,2026-07-31,2026-07-31,,5649365368,invoiceNumber,Sin match,True,Pilares,Pendiente cartola TC julio completa
2026-07,Google Ads,Socovesa,Consorcio Inmobiliario Macul,Genérico,Las Palmas,I-STG-2205,Santiago | AO S | Por Categoria | Always On Santiago,269630,5649576659,2026-07-31,2026-07-31,,5649576659,invoiceNumber,Sin match,True,Socovesa Santiago,Pendiente cartola TC julio completa
2026-07,Google Ads,Socovesa,INMOBILIARIA ENCINAS DE PEÑALOLEN,Genérico,Las Pataguas,I-STG-2366,Santiago | AO S | Por Categoria | Always On Santiago,269630,5649576659,2026-07-31,2026-07-31,,5649576659,invoiceNumber,Sin match,True,Socovesa Santiago,Pendiente cartola TC julio completa
2026-07,Google Ads,Socovesa,INMOBILIARIA ENCINAS DE PEÑALOLEN,Lampa,Las Pataguas,I-STG-2366,Santiago | AO S | Por Proyecto | Las Pataguas | Lampa,1689261,5649576659,2026-07-31,2026-07-31,,5649576659,invoiceNumber,Sin match,True,Socovesa Santiago,Pendiente cartola TC julio completa
2026-07,Google Ads,Socovesa,INMOBILIARIA ENCINAS DE PEÑALOLEN,Genérico,Los Coihues,I-STG-2325,Santiago | AO S | Por Categoria | Always On Santiago,269630,5649576659,2026-07-31,2026-07-31,,5649576659,invoiceNumber,Sin match,True,Socovesa Santiago,Pendiente cartola TC julio completa
2026-07,Google Ads,Socovesa,INMOBILIARIA ENCINAS DE PEÑALOLEN,Lampa,Los Coihues,I-STG-2325,Santiago | AO S | Por Comuna | Lampa,1620416,5649576659,2026-07-31,2026-07-31,,5649576659,invoiceNumber,Sin match,True,Socovesa Santiago,Pendiente cartola TC julio completa
2026-07,Google Ads,Socovesa,INMOBILIARIA ENCINAS DE PEÑALOLEN,Lampa,Los Coihues,I-STG-2325,Santiago | Max. Rend. | Por Proyecto | Lampa | Los Coihues,792586,5649576659,2026-07-31,2026-07-31,,5649576659,invoiceNumber,Sin match,True,Socovesa Santiago,Pendiente cartola TC julio completa
2026-07,Google Ads,Socovesa,INMOBILIARIA ENCINAS DE PEÑALOLEN,Lampa,Los Coihues,I-STG-2325,Santiago | Max. Rend. | Por Proyecto | Lampa | Los Coihues,112899,5649576659,2026-07-31,2026-07-31,,5649576659,invoiceNumber,Sin match,True,Socovesa Santiago,Pendiente cartola TC julio completa
2026-07,Google Ads,Socovesa,INSOCO,La Florida,Plaza Mirador,I-STG-2391,Santiago | Max. Rend. | Por Proyecto | La Florida | Plaza Mirador,935768,5649576659,2026-07-31,2026-07-31,,5649576659,invoiceNumber,Sin match,True,Manual,Pendiente cartola TC julio completa
2026-07,Google Ads,Socovesa,INSOCO,La Florida,Plaza Mirador,I-STG-2391,Santiago | Max. Rend. | Por Proyecto | La Florida | Plaza Mirador,5121,5649576659,2026-07-31,2026-07-31,,5649576659,invoiceNumber,Sin match,True,Manual,Pendiente cartola TC julio completa
2026-07,Google Ads,Socovesa,Inmobiliaria El Descubridor,Maipú,Pajaritos,I-STG-2204,Actividad no válida...,-67,5649576659,2026-07-31,2026-07-31,,5649576659,invoiceNumber,Sin match,True,,Pendiente cartola TC julio completa
2026-07,Google Ads,Socovesa,Inmobiliaria El Descubridor,Maipú,Pajaritos,I-STG-2204,Costos operativos regulatorios de España,671,5649576659,2026-07-31,2026-07-31,,5649576659,invoiceNumber,Sin match,True,,Pendiente cartola TC julio completa
2026-07,Google Ads,Socovesa,Inmobiliaria El Descubridor,Maipú,Pajaritos,I-STG-2204,Costos operativos regulatorios de Francia,1,5649576659,2026-07-31,2026-07-31,,5649576659,invoiceNumber,Sin match,True,,Pendiente cartola TC julio completa
2026-07,Google Ads,Socovesa,Inmobiliaria El Descubridor,Maipú,Pajaritos,I-STG-2204,Costos operativos regulatorios de Italia,52,5649576659,2026-07-31,2026-07-31,,5649576659,invoiceNumber,Sin match,True,,Pendiente cartola TC julio completa
2026-07,Google Ads,Socovesa,Inmobiliaria El Descubridor,Maipú,Pajaritos,I-STG-2204,Costos operativos regulatorios de Türkiye,35,5649576659,2026-07-31,2026-07-31,,5649576659,invoiceNumber,Sin match,True,,Pendiente cartola TC julio completa
2026-07,Google Ads,Socovesa,Inmobiliaria El Descubridor,Genérico,Pajaritos,I-STG-2204,Santiago | AO S | Por Categoria | Always On Santiago,269630,5649576659,2026-07-31,2026-07-31,,5649576659,invoiceNumber,Sin match,True,Socovesa Santiago,Pendiente cartola TC julio completa
2026-07,Google Ads,Socovesa,Inmobiliaria El Descubridor,Maipú,Pajaritos,I-STG-2204,Santiago | AO S | Por Comuna | Maipu V2,1688141,5649576659,2026-07-31,2026-07-31,,5649576659,invoiceNumber,Sin match,True,Socovesa Santiago,Pendiente cartola TC julio completa
2026-07,Google Ads,Socovesa,Inmobiliaria El Descubridor,Maipú,Pajaritos,I-STG-2204,Santiago | Max. Rend. | Por Proyecto | Maipú | Pajaritos,650247,5649576659,2026-07-31,2026-07-31,,5649576659,invoiceNumber,Sin match,True,Socovesa Santiago,Pendiente cartola TC julio completa
2026-07,Google Ads,Socovesa,Inmobiliaria El Descubridor,Maipú,Pajaritos,I-STG-2204,Santiago | Max. Rend. | Por Proyecto | Maipú | Pajaritos,293200,5649576659,2026-07-31,2026-07-31,,5649576659,invoiceNumber,Sin match,True,Socovesa Santiago,Pendiente cartola TC julio completa
2026-07,Google Ads,Socovesa,Inmobiliaria El Descubridor,Maipú,Pajaritos,I-STG-2204,Tarifa del impuesto a los servicios digitales de Austria,59,5649576659,2026-07-31,2026-07-31,,5649576659,invoiceNumber,Sin match,True,,Pendiente cartola TC julio completa
2026-07,Google Ads,Socovesa,Inmobiliaria El Descubridor,Maipú,Pajaritos,I-STG-2204,Tarifa del impuesto a los servicios digitales del Reino Unido,239,5649576659,2026-07-31,2026-07-31,,5649576659,invoiceNumber,Sin match,True,,Pendiente cartola TC julio completa
2026-07,Google Ads,Socovesa,Pilares S.A,Genérico,Marathon,I-SVS-2349,Santiago | AO S | Por Categoria | Always On Santiago,269630,5649576659,2026-07-31,2026-07-31,,5649576659,invoiceNumber,Sin match,True,Socovesa Santiago,Pendiente cartola TC julio completa
2026-07,Google Ads,Socovesa,Pilares S.A,Ñuñoa,Marathon,I-SVS-2349,Santiago | AO S | Por Comuna | Ñuñoa #2,1624776,5649576659,2026-07-31,2026-07-31,,5649576659,invoiceNumber,Sin match,True,Socovesa Santiago,Pendiente cartola TC julio completa
2026-07,Google Ads,Socovesa,Pilares S.A,Ñuñoa,Marathon,I-SVS-2349,Santiago | Max. Rend. | Por Proyecto | Ñuñoa | Marathon,406148,5649576659,2026-07-31,2026-07-31,,5649576659,invoiceNumber,Sin match,True,Socovesa Santiago,Pendiente cartola TC julio completa
2026-07,Google Ads,Socovesa,Pilares S.A,Ñuñoa,Marathon,I-SVS-2349,Santiago | Max. Rend. | Por Proyecto | Ñuñoa | Marathon,11699,5649576659,2026-07-31,2026-07-31,,5649576659,invoiceNumber,Sin match,True,Socovesa Santiago,Pendiente cartola TC julio completa
2026-07,Google Ads,Socovesa,Pilares S.A,La Florida,Rodriguez Velasco,I-SVS-2289,Santiago | AO S | Comuna | La Florida,852171,5649576659,2026-07-31,2026-07-31,,5649576659,invoiceNumber,Sin match,True,Socovesa,Pendiente cartola TC julio completa
2026-07,Google Ads,Socovesa,Pilares S.A,La Florida,Vicuña Mackenna 7244,I-SVS-2131,Santiago | AO S | Comuna | La Florida,852170,5649576659,2026-07-31,2026-07-31,,5649576659,invoiceNumber,Sin match,True,Socovesa,Pendiente cartola TC julio completa
2026-07,Google Ads,Socovesa,Sociedad Comercializadora Metropolitana,Genérico,Coipue,I-STG-2229,Santiago | AO S | Por Categoria | Always On Santiago,269630,5649576659,2026-07-31,2026-07-31,,5649576659,invoiceNumber,Sin match,True,Socovesa Santiago,Pendiente cartola TC julio completa
2026-07,Google Ads,Socovesa,Sociedad Comercializadora Metropolitana,Macul,Coipue,I-STG-2229,Santiago | AO S | Por Proyecto | Macul | Coipué,1612446,5649576659,2026-07-31,2026-07-31,,5649576659,invoiceNumber,Sin match,True,Socovesa Santiago,Pendiente cartola TC julio completa
2026-07,Google Ads,Socovesa,Sociedad Comercializadora Metropolitana,Macul,Coipue,I-STG-2229,Santiago | Max. Rend. | Por Proyecto | Macul | Coipue,892065,5649576659,2026-07-31,2026-07-31,,5649576659,invoiceNumber,Sin match,True,Manual,Pendiente cartola TC julio completa
2026-07,Google Ads,Socovesa,Sociedad Comercializadora Metropolitana,Macul,Coipue,I-STG-2229,Santiago | Max. Rend. | Por Proyecto | Macul | Coipue,10285,5649576659,2026-07-31,2026-07-31,,5649576659,invoiceNumber,Sin match,True,Manual,Pendiente cartola TC julio completa
2026-07,Google Ads,Socovesa,Socovesa Sur S.A,Los Ángeles,Alto Maderos,I-SUR-2335,Centro Sur | AO S | Por Ciudad | Los Angeles #2,258749,5649576659,2026-07-31,2026-07-31,,5649576659,invoiceNumber,Sin match,True,Socovesa Sur,Pendiente cartola TC julio completa
2026-07,Google Ads,Socovesa,Socovesa Sur S.A,Inversionista,Alto Maderos,I-SUR-2335,Sur | AO S | Inversionistas,40182,5649576659,2026-07-31,2026-07-31,,5649576659,invoiceNumber,Sin match,True,Socovesa Sur,Pendiente cartola TC julio completa
2026-07,Google Ads,Socovesa,Socovesa Sur S.A,Genérico,Alto Maderos,I-SUR-2335,Sur | AO S | Por Categoria | Always On Sur,40641,5649576659,2026-07-31,2026-07-31,,5649576659,invoiceNumber,Sin match,True,Socovesa Sur,Pendiente cartola TC julio completa
2026-07,Google Ads,Socovesa,Socovesa Sur S.A,Inversionista,Edificio Vértice,I-SUR-2297,Sur | AO S | Inversionistas,40182,5649576659,2026-07-31,2026-07-31,,5649576659,invoiceNumber,Sin match,True,Socovesa Sur,Pendiente cartola TC julio completa
2026-07,Google Ads,Socovesa,Socovesa Sur S.A,Genérico,Edificio Vértice,I-SUR-2297,Sur | AO S | Por Categoria | Always On Sur,40641,5649576659,2026-07-31,2026-07-31,,5649576659,invoiceNumber,Sin match,True,Socovesa Sur,Pendiente cartola TC julio completa
2026-07,Google Ads,Socovesa,Socovesa Sur S.A,Temuco,Edificio Vértice,I-SUR-2297,Sur | AO S | Por Ciudad | Temuco,478862,5649576659,2026-07-31,2026-07-31,,5649576659,invoiceNumber,Sin match,True,Socovesa Sur,Pendiente cartola TC julio completa
2026-07,Google Ads,Socovesa,Socovesa Sur S.A,Inversionista,García Reyes,I-SUR-2283,Sur | AO S | Inversionistas,40182,5649576659,2026-07-31,2026-07-31,,5649576659,invoiceNumber,Sin match,True,Socovesa Sur,Pendiente cartola TC julio completa
2026-07,Google Ads,Socovesa,Socovesa Sur S.A,Genérico,García Reyes,I-SUR-2283,Sur | AO S | Por Categoria | Always On Sur,40641,5649576659,2026-07-31,2026-07-31,,5649576659,invoiceNumber,Sin match,True,Socovesa Sur,Pendiente cartola TC julio completa
2026-07,Google Ads,Socovesa,Socovesa Sur S.A,Valdivia,García Reyes,I-SUR-2283,Sur | AO S | Valdivia,335273,5649576659,2026-07-31,2026-07-31,,5649576659,invoiceNumber,Sin match,True,Socovesa Sur,Pendiente cartola TC julio completa
2026-07,Google Ads,Socovesa,Socovesa Sur S.A,Valdivia,García Reyes,I-SUR-2283,Sur | Max. Rend. | Por Proyecto | Valdivia | Garcia Reyes,353610,5649576659,2026-07-31,2026-07-31,,5649576659,invoiceNumber,Sin match,True,Manual,Pendiente cartola TC julio completa
2026-07,Google Ads,Socovesa,Socovesa Sur S.A,Valdivia,García Reyes,I-SUR-2283,Sur | Max. Rend. | Por Proyecto | Valdivia | Garcia Reyes,3556,5649576659,2026-07-31,2026-07-31,,5649576659,invoiceNumber,Sin match,True,Manual,Pendiente cartola TC julio completa
2026-07,Google Ads,Socovesa,Socovesa Sur S.A,Inversionista,Icono,,Sur | AO S | Inversionistas,40182,5649576659,2026-07-31,2026-07-31,,5649576659,invoiceNumber,Sin match,True,Socovesa Sur,Pendiente cartola TC julio completa
2026-07,Google Ads,Socovesa,Socovesa Sur S.A,Genérico,Icono,,Sur | AO S | Por Categoria | Always On Sur,40641,5649576659,2026-07-31,2026-07-31,,5649576659,invoiceNumber,Sin match,True,Socovesa Sur,Pendiente cartola TC julio completa
2026-07,Google Ads,Socovesa,Socovesa Sur S.A,Temuco,Icono,,Sur | AO S | Por Ciudad | Temuco,482188,5649576659,2026-07-31,2026-07-31,,5649576659,invoiceNumber,Sin match,True,Socovesa Sur,Pendiente cartola TC julio completa
2026-07,Google Ads,Socovesa,Socovesa Sur S.A,Inversionista,N3,I-SUR-2331,Sur | AO S | Inversionistas,40182,5649576659,2026-07-31,2026-07-31,,5649576659,invoiceNumber,Sin match,True,Socovesa Sur,Pendiente cartola TC julio completa
2026-07,Google Ads,Socovesa,Socovesa Sur S.A,Genérico,N3,I-SUR-2331,Sur | AO S | Por Categoria | Always On Sur,40641,5649576659,2026-07-31,2026-07-31,,5649576659,invoiceNumber,Sin match,True,Socovesa Sur,Pendiente cartola TC julio completa
2026-07,Google Ads,Socovesa,Socovesa Sur S.A,Temuco,N3,I-SUR-2331,Sur | AO S | Por Ciudad | Temuco,482188,5649576659,2026-07-31,2026-07-31,,5649576659,invoiceNumber,Sin match,True,Socovesa Sur,Pendiente cartola TC julio completa
2026-07,Google Ads,Socovesa,Socovesa Sur S.A,Temuco,N3,I-SUR-2331,Sur | Max. Rend. | Por Proyecto | Temuco | N3,375231,5649576659,2026-07-31,2026-07-31,,5649576659,invoiceNumber,Sin match,True,Manual,Pendiente cartola TC julio completa
2026-07,Google Ads,Socovesa,Socovesa Sur S.A,Temuco,N3,I-SUR-2331,Sur | Max. Rend. | Por Proyecto | Temuco | N3,53,5649576659,2026-07-31,2026-07-31,,5649576659,invoiceNumber,Sin match,True,Manual,Pendiente cartola TC julio completa
2026-07,Google Ads,Socovesa,Socovesa Sur S.A,Chillán,Nueva Toledo,I-SUR-2334,Centro Sur | AO S | Por Ciudad | Chillan 2,421120,5649576659,2026-07-31,2026-07-31,,5649576659,invoiceNumber,Sin match,True,Socovesa Sur,Pendiente cartola TC julio completa
2026-07,Google Ads,Socovesa,Socovesa Sur S.A,Inversionista,Nueva Toledo,I-SUR-2334,Sur | AO S | Inversionistas,40182,5649576659,2026-07-31,2026-07-31,,5649576659,invoiceNumber,Sin match,True,Socovesa Sur,Pendiente cartola TC julio completa
2026-07,Google Ads,Socovesa,Socovesa Sur S.A,Genérico,Nueva Toledo,I-SUR-2334,Sur | AO S | Por Categoria | Always On Sur,40641,5649576659,2026-07-31,2026-07-31,,5649576659,invoiceNumber,Sin match,True,Socovesa Sur,Pendiente cartola TC julio completa
2026-07,Google Ads,Socovesa,Socovesa Sur S.A,Inversionista,O3,I-SUR-2373,Sur | AO S | Inversionistas,40182,5649576659,2026-07-31,2026-07-31,,5649576659,invoiceNumber,Sin match,True,Socovesa Sur,Pendiente cartola TC julio completa
2026-07,Google Ads,Socovesa,Socovesa Sur S.A,Genérico,O3,I-SUR-2373,Sur | AO S | Por Categoria | Always On Sur,40641,5649576659,2026-07-31,2026-07-31,,5649576659,invoiceNumber,Sin match,True,Socovesa Sur,Pendiente cartola TC julio completa
2026-07,Google Ads,Socovesa,Socovesa Sur S.A,Temuco,O3,I-SUR-2373,Sur | AO S | Por Ciudad | Temuco,482188,5649576659,2026-07-31,2026-07-31,,5649576659,invoiceNumber,Sin match,True,Socovesa Sur,Pendiente cartola TC julio completa
2026-07,Google Ads,Socovesa,Socovesa Sur S.A,Inversionista,Origen,I-SUR-2346,Sur | AO S | Inversionistas,40182,5649576659,2026-07-31,2026-07-31,,5649576659,invoiceNumber,Sin match,True,Socovesa Sur,Pendiente cartola TC julio completa
2026-07,Google Ads,Socovesa,Socovesa Sur S.A,Genérico,Origen,I-SUR-2346,Sur | AO S | Por Categoria | Always On Sur,40641,5649576659,2026-07-31,2026-07-31,,5649576659,invoiceNumber,Sin match,True,Socovesa Sur,Pendiente cartola TC julio completa
2026-07,Google Ads,Socovesa,Socovesa Sur S.A,Temuco,Origen,I-SUR-2346,Sur | AO S | Por Ciudad | Temuco,482188,5649576659,2026-07-31,2026-07-31,,5649576659,invoiceNumber,Sin match,True,Socovesa Sur,Pendiente cartola TC julio completa
2026-07,Google Ads,Socovesa,Socovesa Sur S.A,Chillán,PDL,I-SUR-2372,Centro Sur | AO S | Por Ciudad | Chillan 2,421120,5649576659,2026-07-31,2026-07-31,,5649576659,invoiceNumber,Sin match,True,Socovesa Sur,Pendiente cartola TC julio completa
2026-07,Google Ads,Socovesa,Socovesa Sur S.A,Inversionista,PDL,I-SUR-2372,Sur | AO S | Inversionistas,40182,5649576659,2026-07-31,2026-07-31,,5649576659,invoiceNumber,Sin match,True,Socovesa Sur,Pendiente cartola TC julio completa
2026-07,Google Ads,Socovesa,Socovesa Sur S.A,Genérico,PDL,I-SUR-2372,Sur | AO S | Por Categoria | Always On Sur,40641,5649576659,2026-07-31,2026-07-31,,5649576659,invoiceNumber,Sin match,True,Socovesa Sur,Pendiente cartola TC julio completa
2026-07,Google Ads,Socovesa,Socovesa Sur S.A,Chillán,PDL,I-SUR-2372,Sur | Max. Rend. | Portal del Libertador IX,359407,5649576659,2026-07-31,2026-07-31,,5649576659,invoiceNumber,Sin match,True,Manual,Pendiente cartola TC julio completa
2026-07,Google Ads,Socovesa,Socovesa Sur S.A,Chillán,PDL,I-SUR-2372,Sur | Max. Rend. | Portal del Libertador IX,707,5649576659,2026-07-31,2026-07-31,,5649576659,invoiceNumber,Sin match,True,Manual,Pendiente cartola TC julio completa
2026-07,Google Ads,Socovesa,Socovesa Sur S.A,Los Ángeles,Parque Avellanos,I-SUR-2336,Centro Sur | AO S | Por Ciudad | Los Angeles #2,258748,5649576659,2026-07-31,2026-07-31,,5649576659,invoiceNumber,Sin match,True,Socovesa Sur,Pendiente cartola TC julio completa
2026-07,Google Ads,Socovesa,Socovesa Sur S.A,Inversionista,Parque Avellanos,I-SUR-2336,Sur | AO S | Inversionistas,40182,5649576659,2026-07-31,2026-07-31,,5649576659,invoiceNumber,Sin match,True,Socovesa Sur,Pendiente cartola TC julio completa
2026-07,Google Ads,Socovesa,Socovesa Sur S.A,Genérico,Parque Avellanos,I-SUR-2336,Sur | AO S | Por Categoria | Always On Sur,40640,5649576659,2026-07-31,2026-07-31,,5649576659,invoiceNumber,Sin match,True,Socovesa Sur,Pendiente cartola TC julio completa
2026-07,Google Ads,Socovesa,Socovesa Sur S.A,Puerto Montt,Portal Austral,I-SUR-2340,Sur Austral | AO S | Por Ciudad | Puerto Montt,429235,5649576659,2026-07-31,2026-07-31,,5649576659,invoiceNumber,Sin match,True,Socovesa Sur,Pendiente cartola TC julio completa
2026-07,Google Ads,Socovesa,Socovesa Sur S.A,Inversionista,Portal Austral,I-SUR-2340,Sur | AO S | Inversionistas,40182,5649576659,2026-07-31,2026-07-31,,5649576659,invoiceNumber,Sin match,True,Socovesa Sur,Pendiente cartola TC julio completa
2026-07,Google Ads,Socovesa,Socovesa Sur S.A,Genérico,Portal Austral,I-SUR-2340,Sur | AO S | Por Categoria | Always On Sur,40640,5649576659,2026-07-31,2026-07-31,,5649576659,invoiceNumber,Sin match,True,Socovesa Sur,Pendiente cartola TC julio completa
2026-07,Google Ads,Socovesa,Socovesa Sur S.A,Punta Arenas,Reserva Magallanes,I-SUR-2323,Sur Austral | AO S | Por Ciudad | Punta Arenas,515012,5649576659,2026-07-31,2026-07-31,,5649576659,invoiceNumber,Sin match,True,Socovesa Sur,Pendiente cartola TC julio completa
2026-07,Google Ads,Socovesa,Socovesa Sur S.A,Inversionista,Reserva Magallanes,I-SUR-2323,Sur | AO S | Inversionistas,40182,5649576659,2026-07-31,2026-07-31,,5649576659,invoiceNumber,Sin match,True,Socovesa Sur,Pendiente cartola TC julio completa
2026-07,Google Ads,Socovesa,Socovesa Sur S.A,Genérico,Reserva Magallanes,I-SUR-2323,Sur | AO S | Por Categoria | Always On Sur,40640,5649576659,2026-07-31,2026-07-31,,5649576659,invoiceNumber,Sin match,True,Socovesa Sur,Pendiente cartola TC julio completa
2026-07,Google Ads,Socovesa,Socovesa Sur S.A,Puerto Montt,Terraza Mirador,I-SUR-2333,Sur Austral | AO S | Por Ciudad | Puerto Montt,429235,5649576659,2026-07-31,2026-07-31,,5649576659,invoiceNumber,Sin match,True,Socovesa Sur,Pendiente cartola TC julio completa
2026-07,Google Ads,Socovesa,Socovesa Sur S.A,Inversionista,Terraza Mirador,I-SUR-2333,Sur | AO S | Inversionistas,40182,5649576659,2026-07-31,2026-07-31,,5649576659,invoiceNumber,Sin match,True,Socovesa Sur,Pendiente cartola TC julio completa
2026-07,Google Ads,Socovesa,Socovesa Sur S.A,Genérico,Terraza Mirador,I-SUR-2333,Sur | AO S | Por Categoria | Always On Sur,40640,5649576659,2026-07-31,2026-07-31,,5649576659,invoiceNumber,Sin match,True,Socovesa Sur,Pendiente cartola TC julio completa
2026-07,Meta,Almagro Inmobiliaria,Almagro S.A,Almagro Plus,Almagro Plus,I-ALM-2234,FB_AOL_Santiago_AlmagroPlus,4376,meta-almagro-inmobiliaria-2026-07,2026-07-15,2026-07-01,45EMNVV5E2,27317382001280489-27372223735796314,transactionId,No aplica,True,Almagro,Pendiente cartola TC julio completa
2026-07,Meta,Almagro Inmobiliaria,Almagro S.A,Almagro Plus,Almagro Plus,I-ALM-2234,FB_AOL_Santiago_AlmagroPlus,68,meta-almagro-inmobiliaria-2026-07,2026-07-15,2026-07-08,A9H5NTD3A2,27413862884965731-27458138807204806,transactionId,No aplica,True,Almagro,Pendiente cartola TC julio completa
2026-07,Meta,Almagro Inmobiliaria,Almagro S.A,Almagro Plus,Almagro Plus,I-ALM-2234,FB_AOL_Santiago_AlmagroPlus,171289,254365081,2026-08-01,2026-08-01,,254365081,transactionId,No aplica,True,Almagro,Pendiente cartola TC julio completa
2026-07,Meta,Almagro Inmobiliaria,Almagro S.A,Ñuñoa,Almagro Plus,I-ALM-2234,FB_AOT_Santiago_AlmagroPlus,33493,meta-almagro-inmobiliaria-2026-07,2026-07-15,2026-07-01,45EMNVV5E2,27317382001280489-27372223735796314,transactionId,No aplica,True,Almagro,Pendiente cartola TC julio completa
2026-07,Meta,Almagro Inmobiliaria,Almagro S.A,Ñuñoa,Almagro Plus,I-ALM-2234,FB_AOT_Santiago_AlmagroPlus,7,meta-almagro-inmobiliaria-2026-07,2026-07-15,2026-07-08,A9H5NTD3A2,27413862884965731-27458138807204806,transactionId,No aplica,True,Almagro,Pendiente cartola TC julio completa
2026-07,Meta,Almagro Inmobiliaria,Almagro S.A,Ñuñoa,Almagro Plus,I-ALM-2234,FB_AOT_Santiago_AlmagroPlus,1175186,254365081,2026-08-01,2026-08-01,,254365081,transactionId,No aplica,True,Almagro,Pendiente cartola TC julio completa
2026-07,Meta,Almagro Inmobiliaria,Almagro S.A,Marca,Almagro Plus,I-ALM-2234,FB_Almagro_Awareness,6183,meta-almagro-inmobiliaria-2026-07,2026-07-15,2026-07-01,45EMNVV5E2,27317382001280489-27372223735796314,transactionId,No aplica,True,Almagro,Pendiente cartola TC julio completa
2026-07,Meta,Almagro Inmobiliaria,Almagro S.A,Marca,Almagro Plus,I-ALM-2234,FB_Almagro_Awareness,13,meta-almagro-inmobiliaria-2026-07,2026-07-15,2026-07-08,A9H5NTD3A2,27413862884965731-27458138807204806,transactionId,No aplica,True,Almagro,Pendiente cartola TC julio completa
2026-07,Meta,Almagro Inmobiliaria,Almagro S.A,Marca,Almagro Plus,I-ALM-2234,FB_Almagro_Awareness,227394,254365081,2026-08-01,2026-08-01,,254365081,transactionId,No aplica,True,Almagro,Pendiente cartola TC julio completa
2026-07,Meta,Almagro Inmobiliaria,Almagro S.A,Blog,Almagro Plus,I-ALM-2234,FB_Almagro_Patrocinado_Blog,194,meta-almagro-inmobiliaria-2026-07,2026-07-15,2026-07-01,45EMNVV5E2,27317382001280489-27372223735796314,transactionId,No aplica,True,Almagro,Pendiente cartola TC julio completa
2026-07,Meta,Almagro Inmobiliaria,Almagro S.A,Blog,Almagro Plus,I-ALM-2234,FB_Almagro_Patrocinado_Blog,1,meta-almagro-inmobiliaria-2026-07,2026-07-15,2026-07-08,A9H5NTD3A2,27413862884965731-27458138807204806,transactionId,No aplica,True,Almagro,Pendiente cartola TC julio completa
2026-07,Meta,Almagro Inmobiliaria,Almagro S.A,Blog,Almagro Plus,I-ALM-2234,FB_Almagro_Patrocinado_Blog,7612,254365081,2026-08-01,2026-08-01,,254365081,transactionId,No aplica,True,Almagro,Pendiente cartola TC julio completa
2026-07,Meta,Almagro Inmobiliaria,Almagro S.A,PPP,Almagro Plus,I-ALM-2234,FB_Almagro_TuDeptoEsTuPie,2181,meta-almagro-inmobiliaria-2026-07,2026-07-15,2026-07-01,45EMNVV5E2,27317382001280489-27372223735796314,transactionId,No aplica,True,Almagro,Pendiente cartola TC julio completa
2026-07,Meta,Almagro Inmobiliaria,Almagro S.A,PPP,Almagro Plus,I-ALM-2234,FB_Almagro_TuDeptoEsTuPie,12,meta-almagro-inmobiliaria-2026-07,2026-07-15,2026-07-08,A9H5NTD3A2,27413862884965731-27458138807204806,transactionId,No aplica,True,Almagro,Pendiente cartola TC julio completa
2026-07,Meta,Almagro Inmobiliaria,Almagro S.A,PPP,Almagro Plus,I-ALM-2234,FB_Almagro_TuDeptoEsTuPie,70995,254365081,2026-08-01,2026-08-01,,254365081,transactionId,No aplica,True,Almagro,Pendiente cartola TC julio completa
2026-07,Meta,Almagro Inmobiliaria,Almagro S.A,Antofagasta,Almagro Terra,I-ALM-2360,FB_AOL_Antofagasta_AlmagroTerra,8040,meta-almagro-inmobiliaria-2026-07,2026-07-15,2026-07-01,45EMNVV5E2,27317382001280489-27372223735796314,transactionId,No aplica,True,Almagro,Pendiente cartola TC julio completa
2026-07,Meta,Almagro Inmobiliaria,Almagro S.A,Antofagasta,Almagro Terra,I-ALM-2360,FB_AOL_Antofagasta_AlmagroTerra,88,meta-almagro-inmobiliaria-2026-07,2026-07-15,2026-07-08,A9H5NTD3A2,27413862884965731-27458138807204806,transactionId,No aplica,True,Almagro,Pendiente cartola TC julio completa
2026-07,Meta,Almagro Inmobiliaria,Almagro S.A,Antofagasta,Almagro Terra,I-ALM-2360,FB_AOL_Antofagasta_AlmagroTerra,332337,254365081,2026-08-01,2026-08-01,,254365081,transactionId,No aplica,True,Almagro,Pendiente cartola TC julio completa
2026-07,Meta,Almagro Inmobiliaria,Almagro S.A,Antofagasta,Almagro Terra,I-ALM-2360,FB_AOT_Antofagasta_AlmagroTerra,24475,meta-almagro-inmobiliaria-2026-07,2026-07-15,2026-07-01,45EMNVV5E2,27317382001280489-27372223735796314,transactionId,No aplica,True,Almagro,Pendiente cartola TC julio completa
2026-07,Meta,Almagro Inmobiliaria,Almagro S.A,Antofagasta,Almagro Terra,I-ALM-2360,FB_AOT_Antofagasta_AlmagroTerra,137,meta-almagro-inmobiliaria-2026-07,2026-07-15,2026-07-08,A9H5NTD3A2,27413862884965731-27458138807204806,transactionId,No aplica,True,Almagro,Pendiente cartola TC julio completa
2026-07,Meta,Almagro Inmobiliaria,Almagro S.A,Antofagasta,Almagro Terra,I-ALM-2360,FB_AOT_Antofagasta_AlmagroTerra,517155,254365081,2026-08-01,2026-08-01,,254365081,transactionId,No aplica,True,Almagro,Pendiente cartola TC julio completa
2026-07,Meta,Almagro Inmobiliaria,Almagro S.A,Providencia,Balance,I-ALM-2358,FB_AOL_Santiago_Balance,6253,meta-almagro-inmobiliaria-2026-07,2026-07-15,2026-07-01,45EMNVV5E2,27317382001280489-27372223735796314,transactionId,No aplica,True,Almagro,Pendiente cartola TC julio completa
2026-07,Meta,Almagro Inmobiliaria,Almagro S.A,Providencia,Balance,I-ALM-2358,FB_AOL_Santiago_Balance,95,meta-almagro-inmobiliaria-2026-07,2026-07-15,2026-07-08,A9H5NTD3A2,27413862884965731-27458138807204806,transactionId,No aplica,True,Almagro,Pendiente cartola TC julio completa
2026-07,Meta,Almagro Inmobiliaria,Almagro S.A,Providencia,Balance,I-ALM-2358,FB_AOL_Santiago_Balance,179478,254365081,2026-08-01,2026-08-01,,254365081,transactionId,No aplica,True,Almagro,Pendiente cartola TC julio completa
2026-07,Meta,Almagro Inmobiliaria,Almagro S.A,Marca,Balance,I-ALM-2358,FB_Almagro_Awareness,6183,meta-almagro-inmobiliaria-2026-07,2026-07-15,2026-07-01,45EMNVV5E2,27317382001280489-27372223735796314,transactionId,No aplica,True,Almagro,Pendiente cartola TC julio completa
2026-07,Meta,Almagro Inmobiliaria,Almagro S.A,Marca,Balance,I-ALM-2358,FB_Almagro_Awareness,13,meta-almagro-inmobiliaria-2026-07,2026-07-15,2026-07-08,A9H5NTD3A2,27413862884965731-27458138807204806,transactionId,No aplica,True,Almagro,Pendiente cartola TC julio completa
2026-07,Meta,Almagro Inmobiliaria,Almagro S.A,Marca,Balance,I-ALM-2358,FB_Almagro_Awareness,227393,254365081,2026-08-01,2026-08-01,,254365081,transactionId,No aplica,True,Almagro,Pendiente cartola TC julio completa
2026-07,Meta,Almagro Inmobiliaria,Almagro S.A,Blog,Balance,I-ALM-2358,FB_Almagro_Patrocinado_Blog,194,meta-almagro-inmobiliaria-2026-07,2026-07-15,2026-07-01,45EMNVV5E2,27317382001280489-27372223735796314,transactionId,No aplica,True,Almagro,Pendiente cartola TC julio completa
2026-07,Meta,Almagro Inmobiliaria,Almagro S.A,Blog,Balance,I-ALM-2358,FB_Almagro_Patrocinado_Blog,1,meta-almagro-inmobiliaria-2026-07,2026-07-15,2026-07-08,A9H5NTD3A2,27413862884965731-27458138807204806,transactionId,No aplica,True,Almagro,Pendiente cartola TC julio completa
2026-07,Meta,Almagro Inmobiliaria,Almagro S.A,Blog,Balance,I-ALM-2358,FB_Almagro_Patrocinado_Blog,7612,254365081,2026-08-01,2026-08-01,,254365081,transactionId,No aplica,True,Almagro,Pendiente cartola TC julio completa
2026-07,Meta,Almagro Inmobiliaria,Almagro S.A,PPP,Balance,I-ALM-2358,FB_Almagro_TuDeptoEsTuPie,2181,meta-almagro-inmobiliaria-2026-07,2026-07-15,2026-07-01,45EMNVV5E2,27317382001280489-27372223735796314,transactionId,No aplica,True,Almagro,Pendiente cartola TC julio completa
2026-07,Meta,Almagro Inmobiliaria,Almagro S.A,PPP,Balance,I-ALM-2358,FB_Almagro_TuDeptoEsTuPie,12,meta-almagro-inmobiliaria-2026-07,2026-07-15,2026-07-08,A9H5NTD3A2,27413862884965731-27458138807204806,transactionId,No aplica,True,Almagro,Pendiente cartola TC julio completa
2026-07,Meta,Almagro Inmobiliaria,Almagro S.A,PPP,Balance,I-ALM-2358,FB_Almagro_TuDeptoEsTuPie,70995,254365081,2026-08-01,2026-08-01,,254365081,transactionId,No aplica,True,Almagro,Pendiente cartola TC julio completa
2026-07,Meta,Almagro Inmobiliaria,Almagro S.A,Santiago Centro,Carrera 4,I-ALM-2275,FB_AOL_Santiago_Carrera_IV,6206,meta-almagro-inmobiliaria-2026-07,2026-07-15,2026-07-01,45EMNVV5E2,27317382001280489-27372223735796314,transactionId,No aplica,True,Almagro,Pendiente cartola TC julio completa
2026-07,Meta,Almagro Inmobiliaria,Almagro S.A,Santiago Centro,Carrera 4,I-ALM-2275,FB_AOL_Santiago_Carrera_IV,221,meta-almagro-inmobiliaria-2026-07,2026-07-15,2026-07-08,A9H5NTD3A2,27413862884965731-27458138807204806,transactionId,No aplica,True,Almagro,Pendiente cartola TC julio completa
2026-07,Meta,Almagro Inmobiliaria,Almagro S.A,Santiago Centro,Carrera 4,I-ALM-2275,FB_AOL_Santiago_Carrera_IV,168767,254365081,2026-08-01,2026-08-01,,254365081,transactionId,No aplica,True,Almagro,Pendiente cartola TC julio completa
2026-07,Meta,Almagro Inmobiliaria,Almagro S.A,Santiago,Carrera 4,I-ALM-2275,FB_AOT_Santiago_Carrera_IV,27360,meta-almagro-inmobiliaria-2026-07,2026-07-15,2026-07-01,45EMNVV5E2,27317382001280489-27372223735796314,transactionId,No aplica,True,Manual,Pendiente cartola TC julio completa
2026-07,Meta,Almagro Inmobiliaria,Almagro S.A,Santiago,Carrera 4,I-ALM-2275,FB_AOT_Santiago_Carrera_IV,44,meta-almagro-inmobiliaria-2026-07,2026-07-15,2026-07-08,A9H5NTD3A2,27413862884965731-27458138807204806,transactionId,No aplica,True,Manual,Pendiente cartola TC julio completa
2026-07,Meta,Almagro Inmobiliaria,Almagro S.A,Santiago,Carrera 4,I-ALM-2275,FB_AOT_Santiago_Carrera_IV,1177361,254365081,2026-08-01,2026-08-01,,254365081,transactionId,No aplica,True,Manual,Pendiente cartola TC julio completa
2026-07,Meta,Almagro Inmobiliaria,Almagro S.A,AON,Carrera 4,I-ALM-2275,FB_Advantage_Almagro,13090,meta-almagro-inmobiliaria-2026-07,2026-07-15,2026-07-01,45EMNVV5E2,27317382001280489-27372223735796314,transactionId,No aplica,True,Almagro,Pendiente cartola TC julio completa
2026-07,Meta,Almagro Inmobiliaria,Almagro S.A,AON,Carrera 4,I-ALM-2275,FB_Advantage_Almagro,66,meta-almagro-inmobiliaria-2026-07,2026-07-15,2026-07-08,A9H5NTD3A2,27413862884965731-27458138807204806,transactionId,No aplica,True,Almagro,Pendiente cartola TC julio completa
2026-07,Meta,Almagro Inmobiliaria,Almagro S.A,AON,Carrera 4,I-ALM-2275,FB_Advantage_Almagro,523364,254365081,2026-08-01,2026-08-01,,254365081,transactionId,No aplica,True,Almagro,Pendiente cartola TC julio completa
2026-07,Meta,Almagro Inmobiliaria,Almagro S.A,Marca,Carrera 4,I-ALM-2275,FB_Almagro_Awareness,6183,meta-almagro-inmobiliaria-2026-07,2026-07-15,2026-07-01,45EMNVV5E2,27317382001280489-27372223735796314,transactionId,No aplica,True,Almagro,Pendiente cartola TC julio completa
2026-07,Meta,Almagro Inmobiliaria,Almagro S.A,Marca,Carrera 4,I-ALM-2275,FB_Almagro_Awareness,13,meta-almagro-inmobiliaria-2026-07,2026-07-15,2026-07-08,A9H5NTD3A2,27413862884965731-27458138807204806,transactionId,No aplica,True,Almagro,Pendiente cartola TC julio completa
2026-07,Meta,Almagro Inmobiliaria,Almagro S.A,Marca,Carrera 4,I-ALM-2275,FB_Almagro_Awareness,227393,254365081,2026-08-01,2026-08-01,,254365081,transactionId,No aplica,True,Almagro,Pendiente cartola TC julio completa
2026-07,Meta,Almagro Inmobiliaria,Almagro S.A,Blog,Carrera 4,I-ALM-2275,FB_Almagro_Patrocinado_Blog,194,meta-almagro-inmobiliaria-2026-07,2026-07-15,2026-07-01,45EMNVV5E2,27317382001280489-27372223735796314,transactionId,No aplica,True,Almagro,Pendiente cartola TC julio completa
2026-07,Meta,Almagro Inmobiliaria,Almagro S.A,Blog,Carrera 4,I-ALM-2275,FB_Almagro_Patrocinado_Blog,1,meta-almagro-inmobiliaria-2026-07,2026-07-15,2026-07-08,A9H5NTD3A2,27413862884965731-27458138807204806,transactionId,No aplica,True,Almagro,Pendiente cartola TC julio completa
2026-07,Meta,Almagro Inmobiliaria,Almagro S.A,Blog,Carrera 4,I-ALM-2275,FB_Almagro_Patrocinado_Blog,7612,254365081,2026-08-01,2026-08-01,,254365081,transactionId,No aplica,True,Almagro,Pendiente cartola TC julio completa
2026-07,Meta,Almagro Inmobiliaria,Almagro S.A,PPP,Carrera 4,I-ALM-2275,FB_Almagro_TuDeptoEsTuPie,2181,meta-almagro-inmobiliaria-2026-07,2026-07-15,2026-07-01,45EMNVV5E2,27317382001280489-27372223735796314,transactionId,No aplica,True,Almagro,Pendiente cartola TC julio completa
2026-07,Meta,Almagro Inmobiliaria,Almagro S.A,PPP,Carrera 4,I-ALM-2275,FB_Almagro_TuDeptoEsTuPie,12,meta-almagro-inmobiliaria-2026-07,2026-07-15,2026-07-08,A9H5NTD3A2,27413862884965731-27458138807204806,transactionId,No aplica,True,Almagro,Pendiente cartola TC julio completa
2026-07,Meta,Almagro Inmobiliaria,Almagro S.A,PPP,Carrera 4,I-ALM-2275,FB_Almagro_TuDeptoEsTuPie,70994,254365081,2026-08-01,2026-08-01,,254365081,transactionId,No aplica,True,Almagro,Pendiente cartola TC julio completa
2026-07,Meta,Almagro Inmobiliaria,Almagro S.A,Antofagasta,Indico,I-ALM-1453,FB_AOL_Antofagasta_Indico,13903,meta-almagro-inmobiliaria-2026-07,2026-07-15,2026-07-01,45EMNVV5E2,27317382001280489-27372223735796314,transactionId,No aplica,True,Almagro,Pendiente cartola TC julio completa
2026-07,Meta,Almagro Inmobiliaria,Almagro S.A,Antofagasta,Indico,I-ALM-1453,FB_AOL_Antofagasta_Indico,350,meta-almagro-inmobiliaria-2026-07,2026-07-15,2026-07-08,A9H5NTD3A2,27413862884965731-27458138807204806,transactionId,No aplica,True,Almagro,Pendiente cartola TC julio completa
2026-07,Meta,Almagro Inmobiliaria,Almagro S.A,Antofagasta,Indico,I-ALM-1453,FB_AOL_Antofagasta_Indico,522243,254365081,2026-08-01,2026-08-01,,254365081,transactionId,No aplica,True,Almagro,Pendiente cartola TC julio completa
2026-07,Meta,Almagro Inmobiliaria,Almagro S.A,AON,Indico,I-ALM-1453,FB_Advantage_Almagro,13090,meta-almagro-inmobiliaria-2026-07,2026-07-15,2026-07-01,45EMNVV5E2,27317382001280489-27372223735796314,transactionId,No aplica,True,Almagro,Pendiente cartola TC julio completa
2026-07,Meta,Almagro Inmobiliaria,Almagro S.A,AON,Indico,I-ALM-1453,FB_Advantage_Almagro,66,meta-almagro-inmobiliaria-2026-07,2026-07-15,2026-07-08,A9H5NTD3A2,27413862884965731-27458138807204806,transactionId,No aplica,True,Almagro,Pendiente cartola TC julio completa
2026-07,Meta,Almagro Inmobiliaria,Almagro S.A,AON,Indico,I-ALM-1453,FB_Advantage_Almagro,523364,254365081,2026-08-01,2026-08-01,,254365081,transactionId,No aplica,True,Almagro,Pendiente cartola TC julio completa
2026-07,Meta,Almagro Inmobiliaria,Almagro S.A,Marca,Indico,I-ALM-1453,FB_Almagro_Awareness,6182,meta-almagro-inmobiliaria-2026-07,2026-07-15,2026-07-01,45EMNVV5E2,27317382001280489-27372223735796314,transactionId,No aplica,True,Almagro,Pendiente cartola TC julio completa
2026-07,Meta,Almagro Inmobiliaria,Almagro S.A,Marca,Indico,I-ALM-1453,FB_Almagro_Awareness,13,meta-almagro-inmobiliaria-2026-07,2026-07-15,2026-07-08,A9H5NTD3A2,27413862884965731-27458138807204806,transactionId,No aplica,True,Almagro,Pendiente cartola TC julio completa
2026-07,Meta,Almagro Inmobiliaria,Almagro S.A,Marca,Indico,I-ALM-1453,FB_Almagro_Awareness,227393,254365081,2026-08-01,2026-08-01,,254365081,transactionId,No aplica,True,Almagro,Pendiente cartola TC julio completa
2026-07,Meta,Almagro Inmobiliaria,Almagro S.A,Blog,Indico,I-ALM-1453,FB_Almagro_Patrocinado_Blog,194,meta-almagro-inmobiliaria-2026-07,2026-07-15,2026-07-01,45EMNVV5E2,27317382001280489-27372223735796314,transactionId,No aplica,True,Almagro,Pendiente cartola TC julio completa
2026-07,Meta,Almagro Inmobiliaria,Almagro S.A,Blog,Indico,I-ALM-1453,FB_Almagro_Patrocinado_Blog,1,meta-almagro-inmobiliaria-2026-07,2026-07-15,2026-07-08,A9H5NTD3A2,27413862884965731-27458138807204806,transactionId,No aplica,True,Almagro,Pendiente cartola TC julio completa
2026-07,Meta,Almagro Inmobiliaria,Almagro S.A,Blog,Indico,I-ALM-1453,FB_Almagro_Patrocinado_Blog,7612,254365081,2026-08-01,2026-08-01,,254365081,transactionId,No aplica,True,Almagro,Pendiente cartola TC julio completa
2026-07,Meta,Almagro Inmobiliaria,Almagro S.A,PPP,Indico,I-ALM-1453,FB_Almagro_TuDeptoEsTuPie,2181,meta-almagro-inmobiliaria-2026-07,2026-07-15,2026-07-01,45EMNVV5E2,27317382001280489-27372223735796314,transactionId,No aplica,True,Almagro,Pendiente cartola TC julio completa
2026-07,Meta,Almagro Inmobiliaria,Almagro S.A,PPP,Indico,I-ALM-1453,FB_Almagro_TuDeptoEsTuPie,12,meta-almagro-inmobiliaria-2026-07,2026-07-15,2026-07-08,A9H5NTD3A2,27413862884965731-27458138807204806,transactionId,No aplica,True,Almagro,Pendiente cartola TC julio completa
2026-07,Meta,Almagro Inmobiliaria,Almagro S.A,PPP,Indico,I-ALM-1453,FB_Almagro_TuDeptoEsTuPie,70994,254365081,2026-08-01,2026-08-01,,254365081,transactionId,No aplica,True,Almagro,Pendiente cartola TC julio completa
2026-07,Meta,Almagro Inmobiliaria,Almagro S.A,Macul,Insigne,I-ALM-2157,FB_AOL_Santiago_Insigne,5412,meta-almagro-inmobiliaria-2026-07,2026-07-15,2026-07-01,45EMNVV5E2,27317382001280489-27372223735796314,transactionId,No aplica,True,Almagro,Pendiente cartola TC julio completa
2026-07,Meta,Almagro Inmobiliaria,Almagro S.A,Macul,Insigne,I-ALM-2157,FB_AOL_Santiago_Insigne,226721,254365081,2026-08-01,2026-08-01,,254365081,transactionId,No aplica,True,Almagro,Pendiente cartola TC julio completa
2026-07,Meta,Almagro Inmobiliaria,Almagro S.A,Santiago,Insigne,I-ALM-2157,FB_AOT_Inversionistas,36012,meta-almagro-inmobiliaria-2026-07,2026-07-15,2026-07-01,45EMNVV5E2,27317382001280489-27372223735796314,transactionId,No aplica,True,Manual,Pendiente cartola TC julio completa
2026-07,Meta,Almagro Inmobiliaria,Almagro S.A,Santiago,Insigne,I-ALM-2157,FB_AOT_Inversionistas,795,meta-almagro-inmobiliaria-2026-07,2026-07-15,2026-07-08,A9H5NTD3A2,27413862884965731-27458138807204806,transactionId,No aplica,True,Manual,Pendiente cartola TC julio completa
2026-07,Meta,Almagro Inmobiliaria,Almagro S.A,Santiago,Insigne,I-ALM-2157,FB_AOT_Inversionistas,1445884,254365081,2026-08-01,2026-08-01,,254365081,transactionId,No aplica,True,Manual,Pendiente cartola TC julio completa
2026-07,Meta,Almagro Inmobiliaria,Almagro S.A,Macul,Insigne,I-ALM-2157,FB_AOT_Santiago_Insigne,24732,meta-almagro-inmobiliaria-2026-07,2026-07-15,2026-07-01,45EMNVV5E2,27317382001280489-27372223735796314,transactionId,No aplica,True,Almagro,Pendiente cartola TC julio completa
2026-07,Meta,Almagro Inmobiliaria,Almagro S.A,Macul,Insigne,I-ALM-2157,FB_AOT_Santiago_Insigne,28,meta-almagro-inmobiliaria-2026-07,2026-07-15,2026-07-08,A9H5NTD3A2,27413862884965731-27458138807204806,transactionId,No aplica,True,Almagro,Pendiente cartola TC julio completa
2026-07,Meta,Almagro Inmobiliaria,Almagro S.A,Macul,Insigne,I-ALM-2157,FB_AOT_Santiago_Insigne,1178021,254365081,2026-08-01,2026-08-01,,254365081,transactionId,No aplica,True,Almagro,Pendiente cartola TC julio completa
2026-07,Meta,Almagro Inmobiliaria,Almagro S.A,Marca,Insigne,I-ALM-2157,FB_Almagro_Awareness,6182,meta-almagro-inmobiliaria-2026-07,2026-07-15,2026-07-01,45EMNVV5E2,27317382001280489-27372223735796314,transactionId,No aplica,True,Almagro,Pendiente cartola TC julio completa
2026-07,Meta,Almagro Inmobiliaria,Almagro S.A,Marca,Insigne,I-ALM-2157,FB_Almagro_Awareness,13,meta-almagro-inmobiliaria-2026-07,2026-07-15,2026-07-08,A9H5NTD3A2,27413862884965731-27458138807204806,transactionId,No aplica,True,Almagro,Pendiente cartola TC julio completa
2026-07,Meta,Almagro Inmobiliaria,Almagro S.A,Marca,Insigne,I-ALM-2157,FB_Almagro_Awareness,227393,254365081,2026-08-01,2026-08-01,,254365081,transactionId,No aplica,True,Almagro,Pendiente cartola TC julio completa
2026-07,Meta,Almagro Inmobiliaria,Almagro S.A,Blog,Insigne,I-ALM-2157,FB_Almagro_Patrocinado_Blog,194,meta-almagro-inmobiliaria-2026-07,2026-07-15,2026-07-01,45EMNVV5E2,27317382001280489-27372223735796314,transactionId,No aplica,True,Almagro,Pendiente cartola TC julio completa
2026-07,Meta,Almagro Inmobiliaria,Almagro S.A,Blog,Insigne,I-ALM-2157,FB_Almagro_Patrocinado_Blog,1,meta-almagro-inmobiliaria-2026-07,2026-07-15,2026-07-08,A9H5NTD3A2,27413862884965731-27458138807204806,transactionId,No aplica,True,Almagro,Pendiente cartola TC julio completa
2026-07,Meta,Almagro Inmobiliaria,Almagro S.A,Blog,Insigne,I-ALM-2157,FB_Almagro_Patrocinado_Blog,7612,254365081,2026-08-01,2026-08-01,,254365081,transactionId,No aplica,True,Almagro,Pendiente cartola TC julio completa
2026-07,Meta,Almagro Inmobiliaria,Almagro S.A,PPP,Insigne,I-ALM-2157,FB_Almagro_TuDeptoEsTuPie,2181,meta-almagro-inmobiliaria-2026-07,2026-07-15,2026-07-01,45EMNVV5E2,27317382001280489-27372223735796314,transactionId,No aplica,True,Almagro,Pendiente cartola TC julio completa
2026-07,Meta,Almagro Inmobiliaria,Almagro S.A,PPP,Insigne,I-ALM-2157,FB_Almagro_TuDeptoEsTuPie,12,meta-almagro-inmobiliaria-2026-07,2026-07-15,2026-07-08,A9H5NTD3A2,27413862884965731-27458138807204806,transactionId,No aplica,True,Almagro,Pendiente cartola TC julio completa
2026-07,Meta,Almagro Inmobiliaria,Almagro S.A,PPP,Insigne,I-ALM-2157,FB_Almagro_TuDeptoEsTuPie,70994,254365081,2026-08-01,2026-08-01,,254365081,transactionId,No aplica,True,Almagro,Pendiente cartola TC julio completa
2026-07,Meta,Almagro Inmobiliaria,Almagro S.A,Lo Barnechea,Los Cactus,I-ALM-2342,FB_AOL_Santiago_LosCactus,8912,meta-almagro-inmobiliaria-2026-07,2026-07-15,2026-07-01,45EMNVV5E2,27317382001280489-27372223735796314,transactionId,No aplica,True,Almagro,Pendiente cartola TC julio completa
2026-07,Meta,Almagro Inmobiliaria,Almagro S.A,Lo Barnechea,Los Cactus,I-ALM-2342,FB_AOL_Santiago_LosCactus,2,meta-almagro-inmobiliaria-2026-07,2026-07-15,2026-07-08,A9H5NTD3A2,27413862884965731-27458138807204806,transactionId,No aplica,True,Almagro,Pendiente cartola TC julio completa
2026-07,Meta,Almagro Inmobiliaria,Almagro S.A,Lo Barnechea,Los Cactus,I-ALM-2342,FB_AOL_Santiago_LosCactus,175551,254365081,2026-08-01,2026-08-01,,254365081,transactionId,No aplica,True,Almagro,Pendiente cartola TC julio completa
2026-07,Meta,Almagro Inmobiliaria,Almagro S.A,AON,Los Cactus,I-ALM-2342,FB_Advantage_Almagro,13090,meta-almagro-inmobiliaria-2026-07,2026-07-15,2026-07-01,45EMNVV5E2,27317382001280489-27372223735796314,transactionId,No aplica,True,Almagro,Pendiente cartola TC julio completa
2026-07,Meta,Almagro Inmobiliaria,Almagro S.A,AON,Los Cactus,I-ALM-2342,FB_Advantage_Almagro,66,meta-almagro-inmobiliaria-2026-07,2026-07-15,2026-07-08,A9H5NTD3A2,27413862884965731-27458138807204806,transactionId,No aplica,True,Almagro,Pendiente cartola TC julio completa
2026-07,Meta,Almagro Inmobiliaria,Almagro S.A,AON,Los Cactus,I-ALM-2342,FB_Advantage_Almagro,523364,254365081,2026-08-01,2026-08-01,,254365081,transactionId,No aplica,True,Almagro,Pendiente cartola TC julio completa
2026-07,Meta,Almagro Inmobiliaria,Almagro S.A,Marca,Los Cactus,I-ALM-2342,FB_Almagro_Awareness,6182,meta-almagro-inmobiliaria-2026-07,2026-07-15,2026-07-01,45EMNVV5E2,27317382001280489-27372223735796314,transactionId,No aplica,True,Almagro,Pendiente cartola TC julio completa
2026-07,Meta,Almagro Inmobiliaria,Almagro S.A,Marca,Los Cactus,I-ALM-2342,FB_Almagro_Awareness,13,meta-almagro-inmobiliaria-2026-07,2026-07-15,2026-07-08,A9H5NTD3A2,27413862884965731-27458138807204806,transactionId,No aplica,True,Almagro,Pendiente cartola TC julio completa
2026-07,Meta,Almagro Inmobiliaria,Almagro S.A,Marca,Los Cactus,I-ALM-2342,FB_Almagro_Awareness,227393,254365081,2026-08-01,2026-08-01,,254365081,transactionId,No aplica,True,Almagro,Pendiente cartola TC julio completa
2026-07,Meta,Almagro Inmobiliaria,Almagro S.A,Blog,Los Cactus,I-ALM-2342,FB_Almagro_Patrocinado_Blog,194,meta-almagro-inmobiliaria-2026-07,2026-07-15,2026-07-01,45EMNVV5E2,27317382001280489-27372223735796314,transactionId,No aplica,True,Almagro,Pendiente cartola TC julio completa
2026-07,Meta,Almagro Inmobiliaria,Almagro S.A,Blog,Los Cactus,I-ALM-2342,FB_Almagro_Patrocinado_Blog,7612,254365081,2026-08-01,2026-08-01,,254365081,transactionId,No aplica,True,Almagro,Pendiente cartola TC julio completa
2026-07,Meta,Almagro Inmobiliaria,Almagro S.A,PPP,Los Cactus,I-ALM-2342,FB_Almagro_TuDeptoEsTuPie,2181,meta-almagro-inmobiliaria-2026-07,2026-07-15,2026-07-01,45EMNVV5E2,27317382001280489-27372223735796314,transactionId,No aplica,True,Almagro,Pendiente cartola TC julio completa
2026-07,Meta,Almagro Inmobiliaria,Almagro S.A,PPP,Los Cactus,I-ALM-2342,FB_Almagro_TuDeptoEsTuPie,12,meta-almagro-inmobiliaria-2026-07,2026-07-15,2026-07-08,A9H5NTD3A2,27413862884965731-27458138807204806,transactionId,No aplica,True,Almagro,Pendiente cartola TC julio completa
2026-07,Meta,Almagro Inmobiliaria,Almagro S.A,PPP,Los Cactus,I-ALM-2342,FB_Almagro_TuDeptoEsTuPie,70994,254365081,2026-08-01,2026-08-01,,254365081,transactionId,No aplica,True,Almagro,Pendiente cartola TC julio completa
2026-07,Meta,Almagro Inmobiliaria,Almagro S.A,Providencia,Lyon Bilbao,I-ALM-2211,FB_AOL_Santiago_LyonBilbao,4528,meta-almagro-inmobiliaria-2026-07,2026-07-15,2026-07-01,45EMNVV5E2,27317382001280489-27372223735796314,transactionId,No aplica,True,Almagro,Pendiente cartola TC julio completa
2026-07,Meta,Almagro Inmobiliaria,Almagro S.A,Providencia,Lyon Bilbao,I-ALM-2211,FB_AOL_Santiago_LyonBilbao,179058,254365081,2026-08-01,2026-08-01,,254365081,transactionId,No aplica,True,Almagro,Pendiente cartola TC julio completa
2026-07,Meta,Almagro Inmobiliaria,Almagro S.A,AON,Lyon Bilbao,I-ALM-2211,FB_Advantage_Almagro,13089,meta-almagro-inmobiliaria-2026-07,2026-07-15,2026-07-01,45EMNVV5E2,27317382001280489-27372223735796314,transactionId,No aplica,True,Almagro,Pendiente cartola TC julio completa
2026-07,Meta,Almagro Inmobiliaria,Almagro S.A,AON,Lyon Bilbao,I-ALM-2211,FB_Advantage_Almagro,66,meta-almagro-inmobiliaria-2026-07,2026-07-15,2026-07-08,A9H5NTD3A2,27413862884965731-27458138807204806,transactionId,No aplica,True,Almagro,Pendiente cartola TC julio completa
2026-07,Meta,Almagro Inmobiliaria,Almagro S.A,AON,Lyon Bilbao,I-ALM-2211,FB_Advantage_Almagro,523363,254365081,2026-08-01,2026-08-01,,254365081,transactionId,No aplica,True,Almagro,Pendiente cartola TC julio completa
2026-07,Meta,Almagro Inmobiliaria,Almagro S.A,Marca,Lyon Bilbao,I-ALM-2211,FB_Almagro_Awareness,6182,meta-almagro-inmobiliaria-2026-07,2026-07-15,2026-07-01,45EMNVV5E2,27317382001280489-27372223735796314,transactionId,No aplica,True,Almagro,Pendiente cartola TC julio completa
2026-07,Meta,Almagro Inmobiliaria,Almagro S.A,Marca,Lyon Bilbao,I-ALM-2211,FB_Almagro_Awareness,13,meta-almagro-inmobiliaria-2026-07,2026-07-15,2026-07-08,A9H5NTD3A2,27413862884965731-27458138807204806,transactionId,No aplica,True,Almagro,Pendiente cartola TC julio completa
2026-07,Meta,Almagro Inmobiliaria,Almagro S.A,Marca,Lyon Bilbao,I-ALM-2211,FB_Almagro_Awareness,227393,254365081,2026-08-01,2026-08-01,,254365081,transactionId,No aplica,True,Almagro,Pendiente cartola TC julio completa
2026-07,Meta,Almagro Inmobiliaria,Almagro S.A,Blog,Lyon Bilbao,I-ALM-2211,FB_Almagro_Patrocinado_Blog,194,meta-almagro-inmobiliaria-2026-07,2026-07-15,2026-07-01,45EMNVV5E2,27317382001280489-27372223735796314,transactionId,No aplica,True,Almagro,Pendiente cartola TC julio completa
2026-07,Meta,Almagro Inmobiliaria,Almagro S.A,Blog,Lyon Bilbao,I-ALM-2211,FB_Almagro_Patrocinado_Blog,7612,254365081,2026-08-01,2026-08-01,,254365081,transactionId,No aplica,True,Almagro,Pendiente cartola TC julio completa
2026-07,Meta,Almagro Inmobiliaria,Almagro S.A,PPP,Lyon Bilbao,I-ALM-2211,FB_Almagro_TuDeptoEsTuPie,2181,meta-almagro-inmobiliaria-2026-07,2026-07-15,2026-07-01,45EMNVV5E2,27317382001280489-27372223735796314,transactionId,No aplica,True,Almagro,Pendiente cartola TC julio completa
2026-07,Meta,Almagro Inmobiliaria,Almagro S.A,PPP,Lyon Bilbao,I-ALM-2211,FB_Almagro_TuDeptoEsTuPie,12,meta-almagro-inmobiliaria-2026-07,2026-07-15,2026-07-08,A9H5NTD3A2,27413862884965731-27458138807204806,transactionId,No aplica,True,Almagro,Pendiente cartola TC julio completa
2026-07,Meta,Almagro Inmobiliaria,Almagro S.A,PPP,Lyon Bilbao,I-ALM-2211,FB_Almagro_TuDeptoEsTuPie,70994,254365081,2026-08-01,2026-08-01,,254365081,transactionId,No aplica,True,Almagro,Pendiente cartola TC julio completa
2026-07,Meta,Almagro Inmobiliaria,Almagro S.A,Antofagasta,Parque Brasil,I-ALM-2285,Coupons: goodwill/bugs,-56,254365081,2026-08-01,2026-08-01,,254365081,transactionId,No aplica,True,,Pendiente cartola TC julio completa
2026-07,Meta,Almagro Inmobiliaria,Almagro S.A,Antofagasta,Parque Brasil,I-ALM-2285,FB_AOL_Antofagasta_ParqueBrasil,8004,meta-almagro-inmobiliaria-2026-07,2026-07-15,2026-07-01,45EMNVV5E2,27317382001280489-27372223735796314,transactionId,No aplica,True,Almagro,Pendiente cartola TC julio completa
2026-07,Meta,Almagro Inmobiliaria,Almagro S.A,Antofagasta,Parque Brasil,I-ALM-2285,FB_AOL_Antofagasta_ParqueBrasil,27,meta-almagro-inmobiliaria-2026-07,2026-07-15,2026-07-08,A9H5NTD3A2,27413862884965731-27458138807204806,transactionId,No aplica,True,Almagro,Pendiente cartola TC julio completa
2026-07,Meta,Almagro Inmobiliaria,Almagro S.A,Antofagasta,Parque Brasil,I-ALM-2285,FB_AOL_Antofagasta_ParqueBrasil,337146,254365081,2026-08-01,2026-08-01,,254365081,transactionId,No aplica,True,Almagro,Pendiente cartola TC julio completa
2026-07,Meta,Almagro Inmobiliaria,Almagro S.A,Antofagasta,Parque Brasil,I-ALM-2285,FB_AOT_Antofagasta_ParqueBrasil,25544,meta-almagro-inmobiliaria-2026-07,2026-07-15,2026-07-01,45EMNVV5E2,27317382001280489-27372223735796314,transactionId,No aplica,True,Almagro,Pendiente cartola TC julio completa
2026-07,Meta,Almagro Inmobiliaria,Almagro S.A,Antofagasta,Parque Brasil,I-ALM-2285,FB_AOT_Antofagasta_ParqueBrasil,41,meta-almagro-inmobiliaria-2026-07,2026-07-15,2026-07-08,A9H5NTD3A2,27413862884965731-27458138807204806,transactionId,No aplica,True,Almagro,Pendiente cartola TC julio completa
2026-07,Meta,Almagro Inmobiliaria,Almagro S.A,Antofagasta,Parque Brasil,I-ALM-2285,FB_AOT_Antofagasta_ParqueBrasil,1173925,254365081,2026-08-01,2026-08-01,,254365081,transactionId,No aplica,True,Almagro,Pendiente cartola TC julio completa
2026-07,Meta,Almagro Inmobiliaria,Almagro S.A,Marca,Parque Brasil,I-ALM-2285,FB_Almagro_Awareness,6182,meta-almagro-inmobiliaria-2026-07,2026-07-15,2026-07-01,45EMNVV5E2,27317382001280489-27372223735796314,transactionId,No aplica,True,Almagro,Pendiente cartola TC julio completa
2026-07,Meta,Almagro Inmobiliaria,Almagro S.A,Marca,Parque Brasil,I-ALM-2285,FB_Almagro_Awareness,13,meta-almagro-inmobiliaria-2026-07,2026-07-15,2026-07-08,A9H5NTD3A2,27413862884965731-27458138807204806,transactionId,No aplica,True,Almagro,Pendiente cartola TC julio completa
2026-07,Meta,Almagro Inmobiliaria,Almagro S.A,Marca,Parque Brasil,I-ALM-2285,FB_Almagro_Awareness,227393,254365081,2026-08-01,2026-08-01,,254365081,transactionId,No aplica,True,Almagro,Pendiente cartola TC julio completa
2026-07,Meta,Almagro Inmobiliaria,Almagro S.A,Blog,Parque Brasil,I-ALM-2285,FB_Almagro_Patrocinado_Blog,194,meta-almagro-inmobiliaria-2026-07,2026-07-15,2026-07-01,45EMNVV5E2,27317382001280489-27372223735796314,transactionId,No aplica,True,Almagro,Pendiente cartola TC julio completa
2026-07,Meta,Almagro Inmobiliaria,Almagro S.A,Blog,Parque Brasil,I-ALM-2285,FB_Almagro_Patrocinado_Blog,7611,254365081,2026-08-01,2026-08-01,,254365081,transactionId,No aplica,True,Almagro,Pendiente cartola TC julio completa
2026-07,Meta,Almagro Inmobiliaria,Almagro S.A,PPP,Parque Brasil,I-ALM-2285,FB_Almagro_TuDeptoEsTuPie,2180,meta-almagro-inmobiliaria-2026-07,2026-07-15,2026-07-01,45EMNVV5E2,27317382001280489-27372223735796314,transactionId,No aplica,True,Almagro,Pendiente cartola TC julio completa
2026-07,Meta,Almagro Inmobiliaria,Almagro S.A,PPP,Parque Brasil,I-ALM-2285,FB_Almagro_TuDeptoEsTuPie,12,meta-almagro-inmobiliaria-2026-07,2026-07-15,2026-07-08,A9H5NTD3A2,27413862884965731-27458138807204806,transactionId,No aplica,True,Almagro,Pendiente cartola TC julio completa
2026-07,Meta,Almagro Inmobiliaria,Almagro S.A,PPP,Parque Brasil,I-ALM-2285,FB_Almagro_TuDeptoEsTuPie,70994,254365081,2026-08-01,2026-08-01,,254365081,transactionId,No aplica,True,Almagro,Pendiente cartola TC julio completa
2026-07,Meta,Almagro Inmobiliaria,Almagro S.A,Ñuñoa,San Eugenio 2,I-ALM-2227,FB_AOL_Santiago_SanEugenio,9674,meta-almagro-inmobiliaria-2026-07,2026-07-15,2026-07-01,45EMNVV5E2,27317382001280489-27372223735796314,transactionId,No aplica,True,Almagro,Pendiente cartola TC julio completa
2026-07,Meta,Almagro Inmobiliaria,Almagro S.A,Ñuñoa,San Eugenio 2,I-ALM-2227,FB_AOL_Santiago_SanEugenio,8,meta-almagro-inmobiliaria-2026-07,2026-07-15,2026-07-08,A9H5NTD3A2,27413862884965731-27458138807204806,transactionId,No aplica,True,Almagro,Pendiente cartola TC julio completa
2026-07,Meta,Almagro Inmobiliaria,Almagro S.A,Ñuñoa,San Eugenio 2,I-ALM-2227,FB_AOL_Santiago_SanEugenio,332390,254365081,2026-08-01,2026-08-01,,254365081,transactionId,No aplica,True,Almagro,Pendiente cartola TC julio completa
2026-07,Meta,Almagro Inmobiliaria,Almagro S.A,Santiago,San Eugenio 2,I-ALM-2227,FB_AOT_Santiago_SanEugenio,28121,meta-almagro-inmobiliaria-2026-07,2026-07-15,2026-07-01,45EMNVV5E2,27317382001280489-27372223735796314,transactionId,No aplica,True,Manual,Pendiente cartola TC julio completa
2026-07,Meta,Almagro Inmobiliaria,Almagro S.A,Santiago,San Eugenio 2,I-ALM-2227,FB_AOT_Santiago_SanEugenio,55,meta-almagro-inmobiliaria-2026-07,2026-07-15,2026-07-08,A9H5NTD3A2,27413862884965731-27458138807204806,transactionId,No aplica,True,Manual,Pendiente cartola TC julio completa
2026-07,Meta,Almagro Inmobiliaria,Almagro S.A,Santiago,San Eugenio 2,I-ALM-2227,FB_AOT_Santiago_SanEugenio,1174918,254365081,2026-08-01,2026-08-01,,254365081,transactionId,No aplica,True,Manual,Pendiente cartola TC julio completa
2026-07,Meta,Almagro Inmobiliaria,Almagro S.A,AON,San Eugenio 2,I-ALM-2227,FB_Advantage_Almagro,13089,meta-almagro-inmobiliaria-2026-07,2026-07-15,2026-07-01,45EMNVV5E2,27317382001280489-27372223735796314,transactionId,No aplica,True,Almagro,Pendiente cartola TC julio completa
2026-07,Meta,Almagro Inmobiliaria,Almagro S.A,AON,San Eugenio 2,I-ALM-2227,FB_Advantage_Almagro,66,meta-almagro-inmobiliaria-2026-07,2026-07-15,2026-07-08,A9H5NTD3A2,27413862884965731-27458138807204806,transactionId,No aplica,True,Almagro,Pendiente cartola TC julio completa
2026-07,Meta,Almagro Inmobiliaria,Almagro S.A,AON,San Eugenio 2,I-ALM-2227,FB_Advantage_Almagro,523363,254365081,2026-08-01,2026-08-01,,254365081,transactionId,No aplica,True,Almagro,Pendiente cartola TC julio completa
2026-07,Meta,Almagro Inmobiliaria,Almagro S.A,Marca,San Eugenio 2,I-ALM-2227,FB_Almagro_Awareness,6182,meta-almagro-inmobiliaria-2026-07,2026-07-15,2026-07-01,45EMNVV5E2,27317382001280489-27372223735796314,transactionId,No aplica,True,Almagro,Pendiente cartola TC julio completa
2026-07,Meta,Almagro Inmobiliaria,Almagro S.A,Marca,San Eugenio 2,I-ALM-2227,FB_Almagro_Awareness,13,meta-almagro-inmobiliaria-2026-07,2026-07-15,2026-07-08,A9H5NTD3A2,27413862884965731-27458138807204806,transactionId,No aplica,True,Almagro,Pendiente cartola TC julio completa
2026-07,Meta,Almagro Inmobiliaria,Almagro S.A,Marca,San Eugenio 2,I-ALM-2227,FB_Almagro_Awareness,227393,254365081,2026-08-01,2026-08-01,,254365081,transactionId,No aplica,True,Almagro,Pendiente cartola TC julio completa
2026-07,Meta,Almagro Inmobiliaria,Almagro S.A,Blog,San Eugenio 2,I-ALM-2227,FB_Almagro_Patrocinado_Blog,194,meta-almagro-inmobiliaria-2026-07,2026-07-15,2026-07-01,45EMNVV5E2,27317382001280489-27372223735796314,transactionId,No aplica,True,Almagro,Pendiente cartola TC julio completa
2026-07,Meta,Almagro Inmobiliaria,Almagro S.A,Blog,San Eugenio 2,I-ALM-2227,FB_Almagro_Patrocinado_Blog,7611,254365081,2026-08-01,2026-08-01,,254365081,transactionId,No aplica,True,Almagro,Pendiente cartola TC julio completa
2026-07,Meta,Almagro Inmobiliaria,Almagro S.A,PPP,San Eugenio 2,I-ALM-2227,FB_Almagro_TuDeptoEsTuPie,2180,meta-almagro-inmobiliaria-2026-07,2026-07-15,2026-07-01,45EMNVV5E2,27317382001280489-27372223735796314,transactionId,No aplica,True,Almagro,Pendiente cartola TC julio completa
2026-07,Meta,Almagro Inmobiliaria,Almagro S.A,PPP,San Eugenio 2,I-ALM-2227,FB_Almagro_TuDeptoEsTuPie,12,meta-almagro-inmobiliaria-2026-07,2026-07-15,2026-07-08,A9H5NTD3A2,27413862884965731-27458138807204806,transactionId,No aplica,True,Almagro,Pendiente cartola TC julio completa
2026-07,Meta,Almagro Inmobiliaria,Almagro S.A,PPP,San Eugenio 2,I-ALM-2227,FB_Almagro_TuDeptoEsTuPie,70994,254365081,2026-08-01,2026-08-01,,254365081,transactionId,No aplica,True,Almagro,Pendiente cartola TC julio completa
2026-07,Meta,Almagro Inmobiliaria,Almagro S.A,Santiago,Signature,I-ALM-2354,FB_AOT_Santiago_Signature,32394,meta-almagro-inmobiliaria-2026-07,2026-07-15,2026-07-01,45EMNVV5E2,27317382001280489-27372223735796314,transactionId,No aplica,True,Manual,Pendiente cartola TC julio completa
2026-07,Meta,Almagro Inmobiliaria,Almagro S.A,Santiago,Signature,I-ALM-2354,FB_AOT_Santiago_Signature,13,meta-almagro-inmobiliaria-2026-07,2026-07-15,2026-07-08,A9H5NTD3A2,27413862884965731-27458138807204806,transactionId,No aplica,True,Manual,Pendiente cartola TC julio completa
2026-07,Meta,Almagro Inmobiliaria,Almagro S.A,Santiago,Signature,I-ALM-2354,FB_AOT_Santiago_Signature,1269330,254365081,2026-08-01,2026-08-01,,254365081,transactionId,No aplica,True,Manual,Pendiente cartola TC julio completa
2026-07,Meta,Almagro Inmobiliaria,Almagro S.A,Antofagasta,Valle del Mar,I-ALM-1453,FB_AOT_Antofagasta_ValleDelMar,35911,meta-almagro-inmobiliaria-2026-07,2026-07-15,2026-07-01,45EMNVV5E2,27317382001280489-27372223735796314,transactionId,No aplica,True,Manual,Pendiente cartola TC julio completa
2026-07,Meta,Almagro Inmobiliaria,Almagro S.A,Antofagasta,Valle del Mar,I-ALM-1453,FB_AOT_Antofagasta_ValleDelMar,49,meta-almagro-inmobiliaria-2026-07,2026-07-15,2026-07-08,A9H5NTD3A2,27413862884965731-27458138807204806,transactionId,No aplica,True,Manual,Pendiente cartola TC julio completa
2026-07,Meta,Almagro Inmobiliaria,Almagro S.A,Antofagasta,Valle del Mar,I-ALM-1453,FB_AOT_Antofagasta_ValleDelMar,1562101,254365081,2026-08-01,2026-08-01,,254365081,transactionId,No aplica,True,Manual,Pendiente cartola TC julio completa
2026-07,Meta,Almagro Inmobiliaria,Arcilla Roja,Providencia,Almagro Hub,I-ALM-2189,FB_AOL_Santiago_AlmagroHub,4477,meta-almagro-inmobiliaria-2026-07,2026-07-15,2026-07-01,45EMNVV5E2,27317382001280489-27372223735796314,transactionId,No aplica,True,Almagro,Pendiente cartola TC julio completa
2026-07,Meta,Almagro Inmobiliaria,Arcilla Roja,Providencia,Almagro Hub,I-ALM-2189,FB_AOL_Santiago_AlmagroHub,25,meta-almagro-inmobiliaria-2026-07,2026-07-15,2026-07-08,A9H5NTD3A2,27413862884965731-27458138807204806,transactionId,No aplica,True,Almagro,Pendiente cartola TC julio completa
2026-07,Meta,Almagro Inmobiliaria,Arcilla Roja,Providencia,Almagro Hub,I-ALM-2189,FB_AOL_Santiago_AlmagroHub,184267,254365081,2026-08-01,2026-08-01,,254365081,transactionId,No aplica,True,Almagro,Pendiente cartola TC julio completa
2026-07,Meta,Almagro Inmobiliaria,Arcilla Roja,Providencia,Almagro Hub,I-ALM-2189,FB_AOT_Santiago_AlmagroHub,765310,254365081,2026-08-01,2026-08-01,,254365081,transactionId,No aplica,True,Manual,Pendiente cartola TC julio completa
2026-07,Meta,Almagro Inmobiliaria,Arcilla Roja,AON,Almagro Hub,I-ALM-2189,FB_Advantage_Almagro,13090,meta-almagro-inmobiliaria-2026-07,2026-07-15,2026-07-01,45EMNVV5E2,27317382001280489-27372223735796314,transactionId,No aplica,True,Almagro,Pendiente cartola TC julio completa
2026-07,Meta,Almagro Inmobiliaria,Arcilla Roja,AON,Almagro Hub,I-ALM-2189,FB_Advantage_Almagro,67,meta-almagro-inmobiliaria-2026-07,2026-07-15,2026-07-08,A9H5NTD3A2,27413862884965731-27458138807204806,transactionId,No aplica,True,Almagro,Pendiente cartola TC julio completa
2026-07,Meta,Almagro Inmobiliaria,Arcilla Roja,AON,Almagro Hub,I-ALM-2189,FB_Advantage_Almagro,523364,254365081,2026-08-01,2026-08-01,,254365081,transactionId,No aplica,True,Almagro,Pendiente cartola TC julio completa
2026-07,Meta,Almagro Inmobiliaria,Arcilla Roja,Marca,Almagro Hub,I-ALM-2189,FB_Almagro_Awareness,6183,meta-almagro-inmobiliaria-2026-07,2026-07-15,2026-07-01,45EMNVV5E2,27317382001280489-27372223735796314,transactionId,No aplica,True,Almagro,Pendiente cartola TC julio completa
2026-07,Meta,Almagro Inmobiliaria,Arcilla Roja,Marca,Almagro Hub,I-ALM-2189,FB_Almagro_Awareness,13,meta-almagro-inmobiliaria-2026-07,2026-07-15,2026-07-08,A9H5NTD3A2,27413862884965731-27458138807204806,transactionId,No aplica,True,Almagro,Pendiente cartola TC julio completa
2026-07,Meta,Almagro Inmobiliaria,Arcilla Roja,Marca,Almagro Hub,I-ALM-2189,FB_Almagro_Awareness,227394,254365081,2026-08-01,2026-08-01,,254365081,transactionId,No aplica,True,Almagro,Pendiente cartola TC julio completa
2026-07,Meta,Almagro Inmobiliaria,Arcilla Roja,Blog,Almagro Hub,I-ALM-2189,FB_Almagro_Patrocinado_Blog,194,meta-almagro-inmobiliaria-2026-07,2026-07-15,2026-07-01,45EMNVV5E2,27317382001280489-27372223735796314,transactionId,No aplica,True,Almagro,Pendiente cartola TC julio completa
2026-07,Meta,Almagro Inmobiliaria,Arcilla Roja,Blog,Almagro Hub,I-ALM-2189,FB_Almagro_Patrocinado_Blog,1,meta-almagro-inmobiliaria-2026-07,2026-07-15,2026-07-08,A9H5NTD3A2,27413862884965731-27458138807204806,transactionId,No aplica,True,Almagro,Pendiente cartola TC julio completa
2026-07,Meta,Almagro Inmobiliaria,Arcilla Roja,Blog,Almagro Hub,I-ALM-2189,FB_Almagro_Patrocinado_Blog,7612,254365081,2026-08-01,2026-08-01,,254365081,transactionId,No aplica,True,Almagro,Pendiente cartola TC julio completa
2026-07,Meta,Almagro Inmobiliaria,Arcilla Roja,PPP,Almagro Hub,I-ALM-2189,FB_Almagro_TuDeptoEsTuPie,2181,meta-almagro-inmobiliaria-2026-07,2026-07-15,2026-07-01,45EMNVV5E2,27317382001280489-27372223735796314,transactionId,No aplica,True,Almagro,Pendiente cartola TC julio completa
2026-07,Meta,Almagro Inmobiliaria,Arcilla Roja,PPP,Almagro Hub,I-ALM-2189,FB_Almagro_TuDeptoEsTuPie,12,meta-almagro-inmobiliaria-2026-07,2026-07-15,2026-07-08,A9H5NTD3A2,27413862884965731-27458138807204806,transactionId,No aplica,True,Almagro,Pendiente cartola TC julio completa
2026-07,Meta,Almagro Inmobiliaria,Arcilla Roja,PPP,Almagro Hub,I-ALM-2189,FB_Almagro_TuDeptoEsTuPie,70995,254365081,2026-08-01,2026-08-01,,254365081,transactionId,No aplica,True,Almagro,Pendiente cartola TC julio completa
2026-07,Meta,Almagro Inmobiliaria,Arcilla Roja,AON,Almagro Hub,I-ALM-2189,FB_WA_Almagro_Advantage_Proyectos,1834,meta-almagro-inmobiliaria-2026-07,2026-07-15,2026-07-01,45EMNVV5E2,27317382001280489-27372223735796314,transactionId,No aplica,True,Manual,Pendiente cartola TC julio completa
2026-07,Meta,Almagro Inmobiliaria,Arcilla Roja,AON,Almagro Hub,I-ALM-2189,FB_WA_Almagro_Advantage_Proyectos,520946,254365081,2026-08-01,2026-08-01,,254365081,transactionId,No aplica,True,Manual,Pendiente cartola TC julio completa
2026-07,Meta,Almagro Inmobiliaria,Arcilla Roja,Las Condes,PLP 1,I-ALM-2226,FB_AOL_Santiago_PadreLePaige,7303,meta-almagro-inmobiliaria-2026-07,2026-07-15,2026-07-01,45EMNVV5E2,27317382001280489-27372223735796314,transactionId,No aplica,True,Almagro,Pendiente cartola TC julio completa
2026-07,Meta,Almagro Inmobiliaria,Arcilla Roja,Las Condes,PLP 1,I-ALM-2226,FB_AOL_Santiago_PadreLePaige,40,meta-almagro-inmobiliaria-2026-07,2026-07-15,2026-07-08,A9H5NTD3A2,27413862884965731-27458138807204806,transactionId,No aplica,True,Almagro,Pendiente cartola TC julio completa
2026-07,Meta,Almagro Inmobiliaria,Arcilla Roja,Las Condes,PLP 1,I-ALM-2226,FB_AOL_Santiago_PadreLePaige,177005,254365081,2026-08-01,2026-08-01,,254365081,transactionId,No aplica,True,Almagro,Pendiente cartola TC julio completa
2026-07,Meta,Almagro Inmobiliaria,Arcilla Roja,AON,PLP 1,I-ALM-2226,FB_Advantage_Almagro,13089,meta-almagro-inmobiliaria-2026-07,2026-07-15,2026-07-01,45EMNVV5E2,27317382001280489-27372223735796314,transactionId,No aplica,True,Almagro,Pendiente cartola TC julio completa
2026-07,Meta,Almagro Inmobiliaria,Arcilla Roja,AON,PLP 1,I-ALM-2226,FB_Advantage_Almagro,66,meta-almagro-inmobiliaria-2026-07,2026-07-15,2026-07-08,A9H5NTD3A2,27413862884965731-27458138807204806,transactionId,No aplica,True,Almagro,Pendiente cartola TC julio completa
2026-07,Meta,Almagro Inmobiliaria,Arcilla Roja,AON,PLP 1,I-ALM-2226,FB_Advantage_Almagro,523363,254365081,2026-08-01,2026-08-01,,254365081,transactionId,No aplica,True,Almagro,Pendiente cartola TC julio completa
2026-07,Meta,Almagro Inmobiliaria,Arcilla Roja,Marca,PLP 1,I-ALM-2226,FB_Almagro_Awareness,6182,meta-almagro-inmobiliaria-2026-07,2026-07-15,2026-07-01,45EMNVV5E2,27317382001280489-27372223735796314,transactionId,No aplica,True,Almagro,Pendiente cartola TC julio completa
2026-07,Meta,Almagro Inmobiliaria,Arcilla Roja,Marca,PLP 1,I-ALM-2226,FB_Almagro_Awareness,13,meta-almagro-inmobiliaria-2026-07,2026-07-15,2026-07-08,A9H5NTD3A2,27413862884965731-27458138807204806,transactionId,No aplica,True,Almagro,Pendiente cartola TC julio completa
2026-07,Meta,Almagro Inmobiliaria,Arcilla Roja,Marca,PLP 1,I-ALM-2226,FB_Almagro_Awareness,227393,254365081,2026-08-01,2026-08-01,,254365081,transactionId,No aplica,True,Almagro,Pendiente cartola TC julio completa
2026-07,Meta,Almagro Inmobiliaria,Arcilla Roja,Blog,PLP 1,I-ALM-2226,FB_Almagro_Patrocinado_Blog,194,meta-almagro-inmobiliaria-2026-07,2026-07-15,2026-07-01,45EMNVV5E2,27317382001280489-27372223735796314,transactionId,No aplica,True,Almagro,Pendiente cartola TC julio completa
2026-07,Meta,Almagro Inmobiliaria,Arcilla Roja,Blog,PLP 1,I-ALM-2226,FB_Almagro_Patrocinado_Blog,7612,254365081,2026-08-01,2026-08-01,,254365081,transactionId,No aplica,True,Almagro,Pendiente cartola TC julio completa
2026-07,Meta,Almagro Inmobiliaria,Arcilla Roja,PPP,PLP 1,I-ALM-2226,FB_Almagro_TuDeptoEsTuPie,2181,meta-almagro-inmobiliaria-2026-07,2026-07-15,2026-07-01,45EMNVV5E2,27317382001280489-27372223735796314,transactionId,No aplica,True,Almagro,Pendiente cartola TC julio completa
2026-07,Meta,Almagro Inmobiliaria,Arcilla Roja,PPP,PLP 1,I-ALM-2226,FB_Almagro_TuDeptoEsTuPie,12,meta-almagro-inmobiliaria-2026-07,2026-07-15,2026-07-08,A9H5NTD3A2,27413862884965731-27458138807204806,transactionId,No aplica,True,Almagro,Pendiente cartola TC julio completa
2026-07,Meta,Almagro Inmobiliaria,Arcilla Roja,PPP,PLP 1,I-ALM-2226,FB_Almagro_TuDeptoEsTuPie,70994,254365081,2026-08-01,2026-08-01,,254365081,transactionId,No aplica,True,Almagro,Pendiente cartola TC julio completa
2026-07,Meta,Almagro Inmobiliaria,Arcilla Roja,Las Condes,PLP 2,I-ALM-2306,FB_AOL_Santiago_PadreLePaige_Etapa2,7793,meta-almagro-inmobiliaria-2026-07,2026-07-15,2026-07-01,45EMNVV5E2,27317382001280489-27372223735796314,transactionId,No aplica,True,Almagro,Pendiente cartola TC julio completa
2026-07,Meta,Almagro Inmobiliaria,Arcilla Roja,Las Condes,PLP 2,I-ALM-2306,FB_AOL_Santiago_PadreLePaige_Etapa2,37,meta-almagro-inmobiliaria-2026-07,2026-07-15,2026-07-08,A9H5NTD3A2,27413862884965731-27458138807204806,transactionId,No aplica,True,Almagro,Pendiente cartola TC julio completa
2026-07,Meta,Almagro Inmobiliaria,Arcilla Roja,Las Condes,PLP 2,I-ALM-2306,FB_AOL_Santiago_PadreLePaige_Etapa2,124159,254365081,2026-08-01,2026-08-01,,254365081,transactionId,No aplica,True,Almagro,Pendiente cartola TC julio completa
2026-07,Meta,Almagro Inmobiliaria,Arcilla Roja,AON,PLP 2,I-ALM-2306,FB_Advantage_Almagro,13089,meta-almagro-inmobiliaria-2026-07,2026-07-15,2026-07-01,45EMNVV5E2,27317382001280489-27372223735796314,transactionId,No aplica,True,Almagro,Pendiente cartola TC julio completa
2026-07,Meta,Almagro Inmobiliaria,Arcilla Roja,AON,PLP 2,I-ALM-2306,FB_Advantage_Almagro,66,meta-almagro-inmobiliaria-2026-07,2026-07-15,2026-07-08,A9H5NTD3A2,27413862884965731-27458138807204806,transactionId,No aplica,True,Almagro,Pendiente cartola TC julio completa
2026-07,Meta,Almagro Inmobiliaria,Arcilla Roja,AON,PLP 2,I-ALM-2306,FB_Advantage_Almagro,523363,254365081,2026-08-01,2026-08-01,,254365081,transactionId,No aplica,True,Almagro,Pendiente cartola TC julio completa
2026-07,Meta,Almagro Inmobiliaria,Arcilla Roja,Marca,PLP 2,I-ALM-2306,FB_Almagro_Awareness,6182,meta-almagro-inmobiliaria-2026-07,2026-07-15,2026-07-01,45EMNVV5E2,27317382001280489-27372223735796314,transactionId,No aplica,True,Almagro,Pendiente cartola TC julio completa
2026-07,Meta,Almagro Inmobiliaria,Arcilla Roja,Marca,PLP 2,I-ALM-2306,FB_Almagro_Awareness,13,meta-almagro-inmobiliaria-2026-07,2026-07-15,2026-07-08,A9H5NTD3A2,27413862884965731-27458138807204806,transactionId,No aplica,True,Almagro,Pendiente cartola TC julio completa
2026-07,Meta,Almagro Inmobiliaria,Arcilla Roja,Marca,PLP 2,I-ALM-2306,FB_Almagro_Awareness,227393,254365081,2026-08-01,2026-08-01,,254365081,transactionId,No aplica,True,Almagro,Pendiente cartola TC julio completa
2026-07,Meta,Almagro Inmobiliaria,Arcilla Roja,Blog,PLP 2,I-ALM-2306,FB_Almagro_Patrocinado_Blog,194,meta-almagro-inmobiliaria-2026-07,2026-07-15,2026-07-01,45EMNVV5E2,27317382001280489-27372223735796314,transactionId,No aplica,True,Almagro,Pendiente cartola TC julio completa
2026-07,Meta,Almagro Inmobiliaria,Arcilla Roja,Blog,PLP 2,I-ALM-2306,FB_Almagro_Patrocinado_Blog,7612,254365081,2026-08-01,2026-08-01,,254365081,transactionId,No aplica,True,Almagro,Pendiente cartola TC julio completa
2026-07,Meta,Almagro Inmobiliaria,Arcilla Roja,PPP,PLP 2,I-ALM-2306,FB_Almagro_TuDeptoEsTuPie,2181,meta-almagro-inmobiliaria-2026-07,2026-07-15,2026-07-01,45EMNVV5E2,27317382001280489-27372223735796314,transactionId,No aplica,True,Almagro,Pendiente cartola TC julio completa
2026-07,Meta,Almagro Inmobiliaria,Arcilla Roja,PPP,PLP 2,I-ALM-2306,FB_Almagro_TuDeptoEsTuPie,12,meta-almagro-inmobiliaria-2026-07,2026-07-15,2026-07-08,A9H5NTD3A2,27413862884965731-27458138807204806,transactionId,No aplica,True,Almagro,Pendiente cartola TC julio completa
2026-07,Meta,Almagro Inmobiliaria,Arcilla Roja,PPP,PLP 2,I-ALM-2306,FB_Almagro_TuDeptoEsTuPie,70994,254365081,2026-08-01,2026-08-01,,254365081,transactionId,No aplica,True,Almagro,Pendiente cartola TC julio completa
2026-07,Meta,Almagro Inmobiliaria,Arcilla Roja,Providencia,Rengo,I-ALM-2288,FB_AOL_Santiago_Rengo,5445,meta-almagro-inmobiliaria-2026-07,2026-07-15,2026-07-01,45EMNVV5E2,27317382001280489-27372223735796314,transactionId,No aplica,True,Almagro,Pendiente cartola TC julio completa
2026-07,Meta,Almagro Inmobiliaria,Arcilla Roja,Providencia,Rengo,I-ALM-2288,FB_AOL_Santiago_Rengo,47,meta-almagro-inmobiliaria-2026-07,2026-07-15,2026-07-08,A9H5NTD3A2,27413862884965731-27458138807204806,transactionId,No aplica,True,Almagro,Pendiente cartola TC julio completa
2026-07,Meta,Almagro Inmobiliaria,Arcilla Roja,Providencia,Rengo,I-ALM-2288,FB_AOL_Santiago_Rengo,180019,254365081,2026-08-01,2026-08-01,,254365081,transactionId,No aplica,True,Almagro,Pendiente cartola TC julio completa
2026-07,Meta,Almagro Inmobiliaria,Arcilla Roja,Marca,Rengo,I-ALM-2288,FB_Almagro_Awareness,6182,meta-almagro-inmobiliaria-2026-07,2026-07-15,2026-07-01,45EMNVV5E2,27317382001280489-27372223735796314,transactionId,No aplica,True,Almagro,Pendiente cartola TC julio completa
2026-07,Meta,Almagro Inmobiliaria,Arcilla Roja,Marca,Rengo,I-ALM-2288,FB_Almagro_Awareness,13,meta-almagro-inmobiliaria-2026-07,2026-07-15,2026-07-08,A9H5NTD3A2,27413862884965731-27458138807204806,transactionId,No aplica,True,Almagro,Pendiente cartola TC julio completa
2026-07,Meta,Almagro Inmobiliaria,Arcilla Roja,Marca,Rengo,I-ALM-2288,FB_Almagro_Awareness,227393,254365081,2026-08-01,2026-08-01,,254365081,transactionId,No aplica,True,Almagro,Pendiente cartola TC julio completa
2026-07,Meta,Almagro Inmobiliaria,Arcilla Roja,Blog,Rengo,I-ALM-2288,FB_Almagro_Patrocinado_Blog,194,meta-almagro-inmobiliaria-2026-07,2026-07-15,2026-07-01,45EMNVV5E2,27317382001280489-27372223735796314,transactionId,No aplica,True,Almagro,Pendiente cartola TC julio completa
2026-07,Meta,Almagro Inmobiliaria,Arcilla Roja,Blog,Rengo,I-ALM-2288,FB_Almagro_Patrocinado_Blog,7611,254365081,2026-08-01,2026-08-01,,254365081,transactionId,No aplica,True,Almagro,Pendiente cartola TC julio completa
2026-07,Meta,Almagro Inmobiliaria,Arcilla Roja,PPP,Rengo,I-ALM-2288,FB_Almagro_TuDeptoEsTuPie,2180,meta-almagro-inmobiliaria-2026-07,2026-07-15,2026-07-01,45EMNVV5E2,27317382001280489-27372223735796314,transactionId,No aplica,True,Almagro,Pendiente cartola TC julio completa
2026-07,Meta,Almagro Inmobiliaria,Arcilla Roja,PPP,Rengo,I-ALM-2288,FB_Almagro_TuDeptoEsTuPie,12,meta-almagro-inmobiliaria-2026-07,2026-07-15,2026-07-08,A9H5NTD3A2,27413862884965731-27458138807204806,transactionId,No aplica,True,Almagro,Pendiente cartola TC julio completa
2026-07,Meta,Almagro Inmobiliaria,Arcilla Roja,PPP,Rengo,I-ALM-2288,FB_Almagro_TuDeptoEsTuPie,70994,254365081,2026-08-01,2026-08-01,,254365081,transactionId,No aplica,True,Almagro,Pendiente cartola TC julio completa
2026-07,Meta,Almagro Inmobiliaria,Madagascar,Las Condes,Almagro District,I-ALM-2399,FB_AOL_Santiago_AlmagroDistrict,5281,meta-almagro-inmobiliaria-2026-07,2026-07-15,2026-07-01,45EMNVV5E2,27317382001280489-27372223735796314,transactionId,No aplica,True,Almagro,Pendiente cartola TC julio completa
2026-07,Meta,Almagro Inmobiliaria,Madagascar,Las Condes,Almagro District,I-ALM-2399,FB_AOL_Santiago_AlmagroDistrict,56,meta-almagro-inmobiliaria-2026-07,2026-07-15,2026-07-15,,27423865483965476-27499408859744462,transactionId,No aplica,True,Almagro,Pendiente cartola TC julio completa
2026-07,Meta,Almagro Inmobiliaria,Madagascar,Las Condes,Almagro District,I-ALM-2399,FB_AOL_Santiago_AlmagroDistrict,181706,254365081,2026-08-01,2026-08-01,,254365081,transactionId,No aplica,True,Almagro,Pendiente cartola TC julio completa
2026-07,Meta,Almagro Inmobiliaria,Madagascar,Las Condes,Almagro District,I-ALM-2399,FB_AOT_Santiago_AlmagroDistrict,771116,254365081,2026-08-01,2026-08-01,,254365081,transactionId,No aplica,True,Almagro,Pendiente cartola TC julio completa
2026-07,Meta,Almagro Inmobiliaria,Madagascar,Marca,Almagro District,I-ALM-2399,FB_Almagro_Awareness,6183,meta-almagro-inmobiliaria-2026-07,2026-07-15,2026-07-01,45EMNVV5E2,27317382001280489-27372223735796314,transactionId,No aplica,True,Almagro,Pendiente cartola TC julio completa
2026-07,Meta,Almagro Inmobiliaria,Madagascar,Marca,Almagro District,I-ALM-2399,FB_Almagro_Awareness,14,meta-almagro-inmobiliaria-2026-07,2026-07-15,2026-07-08,A9H5NTD3A2,27413862884965731-27458138807204806,transactionId,No aplica,True,Almagro,Pendiente cartola TC julio completa
2026-07,Meta,Almagro Inmobiliaria,Madagascar,Marca,Almagro District,I-ALM-2399,FB_Almagro_Awareness,227394,254365081,2026-08-01,2026-08-01,,254365081,transactionId,No aplica,True,Almagro,Pendiente cartola TC julio completa
2026-07,Meta,Almagro Inmobiliaria,Madagascar,Blog,Almagro District,I-ALM-2399,FB_Almagro_Patrocinado_Blog,195,meta-almagro-inmobiliaria-2026-07,2026-07-15,2026-07-01,45EMNVV5E2,27317382001280489-27372223735796314,transactionId,No aplica,True,Almagro,Pendiente cartola TC julio completa
2026-07,Meta,Almagro Inmobiliaria,Madagascar,Blog,Almagro District,I-ALM-2399,FB_Almagro_Patrocinado_Blog,1,meta-almagro-inmobiliaria-2026-07,2026-07-15,2026-07-08,A9H5NTD3A2,27413862884965731-27458138807204806,transactionId,No aplica,True,Almagro,Pendiente cartola TC julio completa
2026-07,Meta,Almagro Inmobiliaria,Madagascar,Blog,Almagro District,I-ALM-2399,FB_Almagro_Patrocinado_Blog,7612,254365081,2026-08-01,2026-08-01,,254365081,transactionId,No aplica,True,Almagro,Pendiente cartola TC julio completa
2026-07,Meta,Almagro Inmobiliaria,Madagascar,PPP,Almagro District,I-ALM-2399,FB_Almagro_TuDeptoEsTuPie,2181,meta-almagro-inmobiliaria-2026-07,2026-07-15,2026-07-01,45EMNVV5E2,27317382001280489-27372223735796314,transactionId,No aplica,True,Almagro,Pendiente cartola TC julio completa
2026-07,Meta,Almagro Inmobiliaria,Madagascar,PPP,Almagro District,I-ALM-2399,FB_Almagro_TuDeptoEsTuPie,12,meta-almagro-inmobiliaria-2026-07,2026-07-15,2026-07-08,A9H5NTD3A2,27413862884965731-27458138807204806,transactionId,No aplica,True,Almagro,Pendiente cartola TC julio completa
2026-07,Meta,Almagro Inmobiliaria,Madagascar,PPP,Almagro District,I-ALM-2399,FB_Almagro_TuDeptoEsTuPie,70995,254365081,2026-08-01,2026-08-01,,254365081,transactionId,No aplica,True,Almagro,Pendiente cartola TC julio completa
2026-07,Meta,Pilares,Arcilla Roja,Santiago Centro,Franklin,I-ALM-2212,FB_AOL_Franklin,283,meta-pilares-2026-07,2026-07-08,2026-07-01,SSV7WWZ5E2,27861324130221541-27645797551774207,transactionId,No aplica,True,Pilares,Pendiente cartola TC julio completa
2026-07,Meta,Pilares,Arcilla Roja,Santiago Centro,Franklin,I-ALM-2212,FB_AOL_Franklin,3655,meta-pilares-2026-07,2026-07-08,2026-07-08,G5U6DXMMH2,27882486391438650-27918228834531067,transactionId,No aplica,True,Pilares,Pendiente cartola TC julio completa
2026-07,Meta,Pilares,Arcilla Roja,Santiago Centro,Franklin,I-ALM-2212,FB_AOL_Franklin,105218,254376540,2026-08-01,2026-08-01,,254376540,transactionId,No aplica,True,Pilares,Pendiente cartola TC julio completa
2026-07,Meta,Pilares,Arcilla Roja,Santiago Centro,Franklin,I-ALM-2212,FB_AOT_Franklin,7617,meta-pilares-2026-07,2026-07-08,2026-07-01,SSV7WWZ5E2,27861324130221541-27645797551774207,transactionId,No aplica,True,Pilares,Pendiente cartola TC julio completa
2026-07,Meta,Pilares,Arcilla Roja,Santiago Centro,Franklin,I-ALM-2212,FB_AOT_Franklin,25272,meta-pilares-2026-07,2026-07-08,2026-07-08,G5U6DXMMH2,27882486391438650-27918228834531067,transactionId,No aplica,True,Pilares,Pendiente cartola TC julio completa
2026-07,Meta,Pilares,Arcilla Roja,Santiago Centro,Franklin,I-ALM-2212,FB_AOT_Franklin,853411,254376540,2026-08-01,2026-08-01,,254376540,transactionId,No aplica,True,Pilares,Pendiente cartola TC julio completa
2026-07,Meta,Pilares,ICSA,Estación Central,Conde del Maule,I-SVS-2255,FB_AOL_CondeMauleIII,1859,meta-pilares-2026-07,2026-07-08,2026-07-01,SSV7WWZ5E2,27861324130221541-27645797551774207,transactionId,No aplica,True,Pilares,Pendiente cartola TC julio completa
2026-07,Meta,Pilares,ICSA,Estación Central,Conde del Maule,I-SVS-2255,FB_AOL_CondeMauleIII,3636,meta-pilares-2026-07,2026-07-08,2026-07-08,G5U6DXMMH2,27882486391438650-27918228834531067,transactionId,No aplica,True,Pilares,Pendiente cartola TC julio completa
2026-07,Meta,Pilares,ICSA,Estación Central,Conde del Maule,I-SVS-2255,FB_AOL_CondeMauleIII,82075,254376540,2026-08-01,2026-08-01,,254376540,transactionId,No aplica,True,Pilares,Pendiente cartola TC julio completa
2026-07,Meta,Pilares,ICSA,Estación Central,Conde del Maule,I-SVS-2255,FB_AOT_CondeMauleIII,11005,meta-pilares-2026-07,2026-07-08,2026-07-01,SSV7WWZ5E2,27861324130221541-27645797551774207,transactionId,No aplica,True,Pilares,Pendiente cartola TC julio completa
2026-07,Meta,Pilares,ICSA,Estación Central,Conde del Maule,I-SVS-2255,FB_AOT_CondeMauleIII,31371,meta-pilares-2026-07,2026-07-08,2026-07-08,G5U6DXMMH2,27882486391438650-27918228834531067,transactionId,No aplica,True,Pilares,Pendiente cartola TC julio completa
2026-07,Meta,Pilares,ICSA,Estación Central,Conde del Maule,I-SVS-2255,FB_AOT_CondeMauleIII,1045313,254376540,2026-08-01,2026-08-01,,254376540,transactionId,No aplica,True,Pilares,Pendiente cartola TC julio completa
2026-07,Meta,Pilares,ICSA,Marca,Conde del Maule,I-SVS-2255,FB_Pilares_Awareness,2253,meta-pilares-2026-07,2026-07-08,2026-07-01,SSV7WWZ5E2,27861324130221541-27645797551774207,transactionId,No aplica,True,Pilares,Pendiente cartola TC julio completa
2026-07,Meta,Pilares,ICSA,Marca,Conde del Maule,I-SVS-2255,FB_Pilares_Awareness,5658,meta-pilares-2026-07,2026-07-08,2026-07-08,G5U6DXMMH2,27882486391438650-27918228834531067,transactionId,No aplica,True,Pilares,Pendiente cartola TC julio completa
2026-07,Meta,Pilares,ICSA,Marca,Conde del Maule,I-SVS-2255,FB_Pilares_Awareness,182765,254376540,2026-08-01,2026-08-01,,254376540,transactionId,No aplica,True,Pilares,Pendiente cartola TC julio completa
2026-07,Meta,Pilares,ICSA,Inversionista,Conde del Maule,I-SVS-2255,FB_Pilares_Inversionistas,345,meta-pilares-2026-07,2026-07-08,2026-07-01,SSV7WWZ5E2,27861324130221541-27645797551774207,transactionId,No aplica,True,Pilares,Pendiente cartola TC julio completa
2026-07,Meta,Pilares,ICSA,Inversionista,Conde del Maule,I-SVS-2255,FB_Pilares_Inversionistas,1764,meta-pilares-2026-07,2026-07-08,2026-07-08,G5U6DXMMH2,27882486391438650-27918228834531067,transactionId,No aplica,True,Pilares,Pendiente cartola TC julio completa
2026-07,Meta,Pilares,ICSA,Inversionista,Conde del Maule,I-SVS-2255,FB_Pilares_Inversionistas,50346,254376540,2026-08-01,2026-08-01,,254376540,transactionId,No aplica,True,Pilares,Pendiente cartola TC julio completa
2026-07,Meta,Pilares,ICSA,Santiago Centro,Edificio Ñuble,I-SVS-2173,FB_AOL_EdificioNuble,30,meta-pilares-2026-07,2026-07-08,2026-07-01,SSV7WWZ5E2,27861324130221541-27645797551774207,transactionId,No aplica,True,Pilares,Pendiente cartola TC julio completa
2026-07,Meta,Pilares,ICSA,Santiago Centro,Edificio Ñuble,I-SVS-2173,FB_AOL_EdificioNuble,3959,meta-pilares-2026-07,2026-07-08,2026-07-08,G5U6DXMMH2,27882486391438650-27918228834531067,transactionId,No aplica,True,Pilares,Pendiente cartola TC julio completa
2026-07,Meta,Pilares,ICSA,Santiago Centro,Edificio Ñuble,I-SVS-2173,FB_AOL_EdificioNuble,106435,254376540,2026-08-01,2026-08-01,,254376540,transactionId,No aplica,True,Pilares,Pendiente cartola TC julio completa
2026-07,Meta,Pilares,ICSA,AON,Edificio Ñuble,I-SVS-2173,FB_Pilares_Advantage_Proyectos,4002,meta-pilares-2026-07,2026-07-08,2026-07-01,SSV7WWZ5E2,27861324130221541-27645797551774207,transactionId,No aplica,True,Pilares,Pendiente cartola TC julio completa
2026-07,Meta,Pilares,ICSA,AON,Edificio Ñuble,I-SVS-2173,FB_Pilares_Advantage_Proyectos,11983,meta-pilares-2026-07,2026-07-08,2026-07-08,G5U6DXMMH2,27882486391438650-27918228834531067,transactionId,No aplica,True,Pilares,Pendiente cartola TC julio completa
2026-07,Meta,Pilares,ICSA,AON,Edificio Ñuble,I-SVS-2173,FB_Pilares_Advantage_Proyectos,425341,254376540,2026-08-01,2026-08-01,,254376540,transactionId,No aplica,True,Pilares,Pendiente cartola TC julio completa
2026-07,Meta,Pilares,ICSA,Marca,Edificio Ñuble,I-SVS-2173,FB_Pilares_Awareness,2253,meta-pilares-2026-07,2026-07-08,2026-07-01,SSV7WWZ5E2,27861324130221541-27645797551774207,transactionId,No aplica,True,Pilares,Pendiente cartola TC julio completa
2026-07,Meta,Pilares,ICSA,Marca,Edificio Ñuble,I-SVS-2173,FB_Pilares_Awareness,5658,meta-pilares-2026-07,2026-07-08,2026-07-08,G5U6DXMMH2,27882486391438650-27918228834531067,transactionId,No aplica,True,Pilares,Pendiente cartola TC julio completa
2026-07,Meta,Pilares,ICSA,Marca,Edificio Ñuble,I-SVS-2173,FB_Pilares_Awareness,182764,254376540,2026-08-01,2026-08-01,,254376540,transactionId,No aplica,True,Pilares,Pendiente cartola TC julio completa
2026-07,Meta,Pilares,ICSA,Inversionista,Edificio Ñuble,I-SVS-2173,FB_Pilares_Inversionistas,345,meta-pilares-2026-07,2026-07-08,2026-07-01,SSV7WWZ5E2,27861324130221541-27645797551774207,transactionId,No aplica,True,Pilares,Pendiente cartola TC julio completa
2026-07,Meta,Pilares,ICSA,Inversionista,Edificio Ñuble,I-SVS-2173,FB_Pilares_Inversionistas,1764,meta-pilares-2026-07,2026-07-08,2026-07-08,G5U6DXMMH2,27882486391438650-27918228834531067,transactionId,No aplica,True,Pilares,Pendiente cartola TC julio completa
2026-07,Meta,Pilares,ICSA,Inversionista,Edificio Ñuble,I-SVS-2173,FB_Pilares_Inversionistas,50346,254376540,2026-08-01,2026-08-01,,254376540,transactionId,No aplica,True,Pilares,Pendiente cartola TC julio completa
2026-07,Meta,Pilares,ICSA,La Cisterna,Lo Ovalle,I-SVS-2296,FB_AOL_LoOvalle_E2,859,meta-pilares-2026-07,2026-07-08,2026-07-01,SSV7WWZ5E2,27861324130221541-27645797551774207,transactionId,No aplica,True,Pilares,Pendiente cartola TC julio completa
2026-07,Meta,Pilares,ICSA,La Cisterna,Lo Ovalle,I-SVS-2296,FB_AOL_LoOvalle_E2,3093,meta-pilares-2026-07,2026-07-08,2026-07-08,G5U6DXMMH2,27882486391438650-27918228834531067,transactionId,No aplica,True,Pilares,Pendiente cartola TC julio completa
2026-07,Meta,Pilares,ICSA,La Cisterna,Lo Ovalle,I-SVS-2296,FB_AOL_LoOvalle_E2,107219,254376540,2026-08-01,2026-08-01,,254376540,transactionId,No aplica,True,Pilares,Pendiente cartola TC julio completa
2026-07,Meta,Pilares,ICSA,AON,Lo Ovalle,I-SVS-2296,FB_Pilares_Advantage_Proyectos,4001,meta-pilares-2026-07,2026-07-08,2026-07-01,SSV7WWZ5E2,27861324130221541-27645797551774207,transactionId,No aplica,True,Pilares,Pendiente cartola TC julio completa
2026-07,Meta,Pilares,ICSA,AON,Lo Ovalle,I-SVS-2296,FB_Pilares_Advantage_Proyectos,11982,meta-pilares-2026-07,2026-07-08,2026-07-08,G5U6DXMMH2,27882486391438650-27918228834531067,transactionId,No aplica,True,Pilares,Pendiente cartola TC julio completa
2026-07,Meta,Pilares,ICSA,AON,Lo Ovalle,I-SVS-2296,FB_Pilares_Advantage_Proyectos,425340,254376540,2026-08-01,2026-08-01,,254376540,transactionId,No aplica,True,Pilares,Pendiente cartola TC julio completa
2026-07,Meta,Pilares,ICSA,Marca,Lo Ovalle,I-SVS-2296,FB_Pilares_Awareness,2253,meta-pilares-2026-07,2026-07-08,2026-07-01,SSV7WWZ5E2,27861324130221541-27645797551774207,transactionId,No aplica,True,Pilares,Pendiente cartola TC julio completa
2026-07,Meta,Pilares,ICSA,Marca,Lo Ovalle,I-SVS-2296,FB_Pilares_Awareness,5658,meta-pilares-2026-07,2026-07-08,2026-07-08,G5U6DXMMH2,27882486391438650-27918228834531067,transactionId,No aplica,True,Pilares,Pendiente cartola TC julio completa
2026-07,Meta,Pilares,ICSA,Marca,Lo Ovalle,I-SVS-2296,FB_Pilares_Awareness,182764,254376540,2026-08-01,2026-08-01,,254376540,transactionId,No aplica,True,Pilares,Pendiente cartola TC julio completa
2026-07,Meta,Pilares,ICSA,Inversionista,Lo Ovalle,I-SVS-2296,FB_Pilares_Inversionistas,344,meta-pilares-2026-07,2026-07-08,2026-07-01,SSV7WWZ5E2,27861324130221541-27645797551774207,transactionId,No aplica,True,Pilares,Pendiente cartola TC julio completa
2026-07,Meta,Pilares,ICSA,Inversionista,Lo Ovalle,I-SVS-2296,FB_Pilares_Inversionistas,1763,meta-pilares-2026-07,2026-07-08,2026-07-08,G5U6DXMMH2,27882486391438650-27918228834531067,transactionId,No aplica,True,Pilares,Pendiente cartola TC julio completa
2026-07,Meta,Pilares,ICSA,Inversionista,Lo Ovalle,I-SVS-2296,FB_Pilares_Inversionistas,50346,254376540,2026-08-01,2026-08-01,,254376540,transactionId,No aplica,True,Pilares,Pendiente cartola TC julio completa
2026-07,Meta,Pilares,ICSA,Independencia,Santos Dumont,I-SVS-2246,FB_AOL_SantosDumont,1551,meta-pilares-2026-07,2026-07-08,2026-07-01,SSV7WWZ5E2,27861324130221541-27645797551774207,transactionId,No aplica,True,Pilares,Pendiente cartola TC julio completa
2026-07,Meta,Pilares,ICSA,Independencia,Santos Dumont,I-SVS-2246,FB_AOL_SantosDumont,3255,meta-pilares-2026-07,2026-07-08,2026-07-08,G5U6DXMMH2,27882486391438650-27918228834531067,transactionId,No aplica,True,Pilares,Pendiente cartola TC julio completa
2026-07,Meta,Pilares,ICSA,Independencia,Santos Dumont,I-SVS-2246,FB_AOL_SantosDumont,85685,254376540,2026-08-01,2026-08-01,,254376540,transactionId,No aplica,True,Pilares,Pendiente cartola TC julio completa
2026-07,Meta,Pilares,ICSA,Independencia,Santos Dumont,I-SVS-2246,FB_AOT_SantosDumont,10709,meta-pilares-2026-07,2026-07-08,2026-07-01,SSV7WWZ5E2,27861324130221541-27645797551774207,transactionId,No aplica,True,Pilares,Pendiente cartola TC julio completa
2026-07,Meta,Pilares,ICSA,Independencia,Santos Dumont,I-SVS-2246,FB_AOT_SantosDumont,38644,meta-pilares-2026-07,2026-07-08,2026-07-08,G5U6DXMMH2,27882486391438650-27918228834531067,transactionId,No aplica,True,Pilares,Pendiente cartola TC julio completa
2026-07,Meta,Pilares,ICSA,Independencia,Santos Dumont,I-SVS-2246,FB_AOT_SantosDumont,1034052,254376540,2026-08-01,2026-08-01,,254376540,transactionId,No aplica,True,Pilares,Pendiente cartola TC julio completa
2026-07,Meta,Pilares,ICSA,Marca,Santos Dumont,I-SVS-2246,FB_Pilares_Awareness,2253,meta-pilares-2026-07,2026-07-08,2026-07-01,SSV7WWZ5E2,27861324130221541-27645797551774207,transactionId,No aplica,True,Pilares,Pendiente cartola TC julio completa
2026-07,Meta,Pilares,ICSA,Marca,Santos Dumont,I-SVS-2246,FB_Pilares_Awareness,5657,meta-pilares-2026-07,2026-07-08,2026-07-08,G5U6DXMMH2,27882486391438650-27918228834531067,transactionId,No aplica,True,Pilares,Pendiente cartola TC julio completa
2026-07,Meta,Pilares,ICSA,Marca,Santos Dumont,I-SVS-2246,FB_Pilares_Awareness,182764,254376540,2026-08-01,2026-08-01,,254376540,transactionId,No aplica,True,Pilares,Pendiente cartola TC julio completa
2026-07,Meta,Pilares,ICSA,Inversionista,Santos Dumont,I-SVS-2246,FB_Pilares_Inversionistas,344,meta-pilares-2026-07,2026-07-08,2026-07-01,SSV7WWZ5E2,27861324130221541-27645797551774207,transactionId,No aplica,True,Pilares,Pendiente cartola TC julio completa
2026-07,Meta,Pilares,ICSA,Inversionista,Santos Dumont,I-SVS-2246,FB_Pilares_Inversionistas,1763,meta-pilares-2026-07,2026-07-08,2026-07-08,G5U6DXMMH2,27882486391438650-27918228834531067,transactionId,No aplica,True,Pilares,Pendiente cartola TC julio completa
2026-07,Meta,Pilares,ICSA,Inversionista,Santos Dumont,I-SVS-2246,FB_Pilares_Inversionistas,50346,254376540,2026-08-01,2026-08-01,,254376540,transactionId,No aplica,True,Pilares,Pendiente cartola TC julio completa
2026-07,Meta,Pilares,Pilares S.A,Ñuñoa,Guillermo Mann,I-SVS-2250,FB_AOL_GuillermoMann,138,meta-pilares-2026-07,2026-07-08,2026-07-01,SSV7WWZ5E2,27861324130221541-27645797551774207,transactionId,No aplica,True,Pilares,Pendiente cartola TC julio completa
2026-07,Meta,Pilares,Pilares S.A,Ñuñoa,Guillermo Mann,I-SVS-2250,FB_AOL_GuillermoMann,3179,meta-pilares-2026-07,2026-07-08,2026-07-08,G5U6DXMMH2,27882486391438650-27918228834531067,transactionId,No aplica,True,Pilares,Pendiente cartola TC julio completa
2026-07,Meta,Pilares,Pilares S.A,Ñuñoa,Guillermo Mann,I-SVS-2250,FB_AOL_GuillermoMann,107511,254376540,2026-08-01,2026-08-01,,254376540,transactionId,No aplica,True,Pilares,Pendiente cartola TC julio completa
2026-07,Meta,Pilares,Pilares S.A,AON,Guillermo Mann,I-SVS-2250,FB_Pilares_Advantage_Proyectos,4002,meta-pilares-2026-07,2026-07-08,2026-07-01,SSV7WWZ5E2,27861324130221541-27645797551774207,transactionId,No aplica,True,Pilares,Pendiente cartola TC julio completa
2026-07,Meta,Pilares,Pilares S.A,AON,Guillermo Mann,I-SVS-2250,FB_Pilares_Advantage_Proyectos,11983,meta-pilares-2026-07,2026-07-08,2026-07-08,G5U6DXMMH2,27882486391438650-27918228834531067,transactionId,No aplica,True,Pilares,Pendiente cartola TC julio completa
2026-07,Meta,Pilares,Pilares S.A,AON,Guillermo Mann,I-SVS-2250,FB_Pilares_Advantage_Proyectos,425341,254376540,2026-08-01,2026-08-01,,254376540,transactionId,No aplica,True,Pilares,Pendiente cartola TC julio completa
2026-07,Meta,Pilares,Pilares S.A,Marca,Guillermo Mann,I-SVS-2250,FB_Pilares_Awareness,2253,meta-pilares-2026-07,2026-07-08,2026-07-01,SSV7WWZ5E2,27861324130221541-27645797551774207,transactionId,No aplica,True,Pilares,Pendiente cartola TC julio completa
2026-07,Meta,Pilares,Pilares S.A,Marca,Guillermo Mann,I-SVS-2250,FB_Pilares_Awareness,5658,meta-pilares-2026-07,2026-07-08,2026-07-08,G5U6DXMMH2,27882486391438650-27918228834531067,transactionId,No aplica,True,Pilares,Pendiente cartola TC julio completa
2026-07,Meta,Pilares,Pilares S.A,Marca,Guillermo Mann,I-SVS-2250,FB_Pilares_Awareness,182764,254376540,2026-08-01,2026-08-01,,254376540,transactionId,No aplica,True,Pilares,Pendiente cartola TC julio completa
2026-07,Meta,Pilares,Pilares S.A,Inversionista,Guillermo Mann,I-SVS-2250,FB_Pilares_Inversionistas,344,meta-pilares-2026-07,2026-07-08,2026-07-01,SSV7WWZ5E2,27861324130221541-27645797551774207,transactionId,No aplica,True,Pilares,Pendiente cartola TC julio completa
2026-07,Meta,Pilares,Pilares S.A,Inversionista,Guillermo Mann,I-SVS-2250,FB_Pilares_Inversionistas,1763,meta-pilares-2026-07,2026-07-08,2026-07-08,G5U6DXMMH2,27882486391438650-27918228834531067,transactionId,No aplica,True,Pilares,Pendiente cartola TC julio completa
2026-07,Meta,Pilares,Pilares S.A,Inversionista,Guillermo Mann,I-SVS-2250,FB_Pilares_Inversionistas,50346,254376540,2026-08-01,2026-08-01,,254376540,transactionId,No aplica,True,Pilares,Pendiente cartola TC julio completa
2026-07,Meta,Pilares,Pilares S.A,AON,Guillermo Mann,I-SVS-2250,FB_WA_Pilares_Advantage_Proyectos,13129,meta-pilares-2026-07,2026-07-08,2026-07-01,SSV7WWZ5E2,27861324130221541-27645797551774207,transactionId,No aplica,True,Manual,Pendiente cartola TC julio completa
2026-07,Meta,Pilares,Pilares S.A,AON,Guillermo Mann,I-SVS-2250,FB_WA_Pilares_Advantage_Proyectos,59190,meta-pilares-2026-07,2026-07-08,2026-07-08,G5U6DXMMH2,27882486391438650-27918228834531067,transactionId,No aplica,True,Manual,Pendiente cartola TC julio completa
2026-07,Meta,Pilares,Pilares S.A,AON,Guillermo Mann,I-SVS-2250,FB_WA_Pilares_Advantage_Proyectos,1905986,254376540,2026-08-01,2026-08-01,,254376540,transactionId,No aplica,True,Manual,Pendiente cartola TC julio completa
2026-07,Meta,Pilares,Pilares S.A,La Florida,Rodriguez Velasco,I-SVS-2289,FB_AOL_RodriguezVelasco,321,meta-pilares-2026-07,2026-07-08,2026-07-01,SSV7WWZ5E2,27861324130221541-27645797551774207,transactionId,No aplica,True,Pilares,Pendiente cartola TC julio completa
2026-07,Meta,Pilares,Pilares S.A,La Florida,Rodriguez Velasco,I-SVS-2289,FB_AOL_RodriguezVelasco,3764,meta-pilares-2026-07,2026-07-08,2026-07-08,G5U6DXMMH2,27882486391438650-27918228834531067,transactionId,No aplica,True,Pilares,Pendiente cartola TC julio completa
2026-07,Meta,Pilares,Pilares S.A,La Florida,Rodriguez Velasco,I-SVS-2289,FB_AOL_RodriguezVelasco,106653,254376540,2026-08-01,2026-08-01,,254376540,transactionId,No aplica,True,Pilares,Pendiente cartola TC julio completa
2026-07,Meta,Pilares,Pilares S.A,AON,Rodriguez Velasco,I-SVS-2289,FB_Pilares_Advantage_Proyectos,4001,meta-pilares-2026-07,2026-07-08,2026-07-01,SSV7WWZ5E2,27861324130221541-27645797551774207,transactionId,No aplica,True,Pilares,Pendiente cartola TC julio completa
2026-07,Meta,Pilares,Pilares S.A,AON,Rodriguez Velasco,I-SVS-2289,FB_Pilares_Advantage_Proyectos,11982,meta-pilares-2026-07,2026-07-08,2026-07-08,G5U6DXMMH2,27882486391438650-27918228834531067,transactionId,No aplica,True,Pilares,Pendiente cartola TC julio completa
2026-07,Meta,Pilares,Pilares S.A,AON,Rodriguez Velasco,I-SVS-2289,FB_Pilares_Advantage_Proyectos,425340,254376540,2026-08-01,2026-08-01,,254376540,transactionId,No aplica,True,Pilares,Pendiente cartola TC julio completa
2026-07,Meta,Pilares,Pilares S.A,Marca,Rodriguez Velasco,I-SVS-2289,FB_Pilares_Awareness,2253,meta-pilares-2026-07,2026-07-08,2026-07-01,SSV7WWZ5E2,27861324130221541-27645797551774207,transactionId,No aplica,True,Pilares,Pendiente cartola TC julio completa
2026-07,Meta,Pilares,Pilares S.A,Marca,Rodriguez Velasco,I-SVS-2289,FB_Pilares_Awareness,5658,meta-pilares-2026-07,2026-07-08,2026-07-08,G5U6DXMMH2,27882486391438650-27918228834531067,transactionId,No aplica,True,Pilares,Pendiente cartola TC julio completa
2026-07,Meta,Pilares,Pilares S.A,Marca,Rodriguez Velasco,I-SVS-2289,FB_Pilares_Awareness,182764,254376540,2026-08-01,2026-08-01,,254376540,transactionId,No aplica,True,Pilares,Pendiente cartola TC julio completa
2026-07,Meta,Pilares,Pilares S.A,Inversionista,Rodriguez Velasco,I-SVS-2289,FB_Pilares_Inversionistas,344,meta-pilares-2026-07,2026-07-08,2026-07-01,SSV7WWZ5E2,27861324130221541-27645797551774207,transactionId,No aplica,True,Pilares,Pendiente cartola TC julio completa
2026-07,Meta,Pilares,Pilares S.A,Inversionista,Rodriguez Velasco,I-SVS-2289,FB_Pilares_Inversionistas,1763,meta-pilares-2026-07,2026-07-08,2026-07-08,G5U6DXMMH2,27882486391438650-27918228834531067,transactionId,No aplica,True,Pilares,Pendiente cartola TC julio completa
2026-07,Meta,Pilares,Pilares S.A,Inversionista,Rodriguez Velasco,I-SVS-2289,FB_Pilares_Inversionistas,50346,254376540,2026-08-01,2026-08-01,,254376540,transactionId,No aplica,True,Pilares,Pendiente cartola TC julio completa
2026-07,Meta,Pilares,Pilares S.A,La Florida,Vicuña Mackenna 7244,I-SVS-2131,FB_AOL_VicunaMackenna7244,250,meta-pilares-2026-07,2026-07-08,2026-07-01,SSV7WWZ5E2,27861324130221541-27645797551774207,transactionId,No aplica,True,Pilares,Pendiente cartola TC julio completa
2026-07,Meta,Pilares,Pilares S.A,La Florida,Vicuña Mackenna 7244,I-SVS-2131,FB_AOL_VicunaMackenna7244,4153,meta-pilares-2026-07,2026-07-08,2026-07-08,G5U6DXMMH2,27882486391438650-27918228834531067,transactionId,No aplica,True,Pilares,Pendiente cartola TC julio completa
2026-07,Meta,Pilares,Pilares S.A,La Florida,Vicuña Mackenna 7244,I-SVS-2131,FB_AOL_VicunaMackenna7244,105027,254376540,2026-08-01,2026-08-01,,254376540,transactionId,No aplica,True,Pilares,Pendiente cartola TC julio completa
2026-07,Meta,Pilares,Pilares S.A,AON,Vicuña Mackenna 7244,I-SVS-2131,FB_Pilares_Advantage_Proyectos,4001,meta-pilares-2026-07,2026-07-08,2026-07-01,SSV7WWZ5E2,27861324130221541-27645797551774207,transactionId,No aplica,True,Pilares,Pendiente cartola TC julio completa
2026-07,Meta,Pilares,Pilares S.A,AON,Vicuña Mackenna 7244,I-SVS-2131,FB_Pilares_Advantage_Proyectos,11982,meta-pilares-2026-07,2026-07-08,2026-07-08,G5U6DXMMH2,27882486391438650-27918228834531067,transactionId,No aplica,True,Pilares,Pendiente cartola TC julio completa
2026-07,Meta,Pilares,Pilares S.A,AON,Vicuña Mackenna 7244,I-SVS-2131,FB_Pilares_Advantage_Proyectos,425340,254376540,2026-08-01,2026-08-01,,254376540,transactionId,No aplica,True,Pilares,Pendiente cartola TC julio completa
2026-07,Meta,Pilares,Pilares S.A,Marca,Vicuña Mackenna 7244,I-SVS-2131,FB_Pilares_Awareness,2252,meta-pilares-2026-07,2026-07-08,2026-07-01,SSV7WWZ5E2,27861324130221541-27645797551774207,transactionId,No aplica,True,Pilares,Pendiente cartola TC julio completa
2026-07,Meta,Pilares,Pilares S.A,Marca,Vicuña Mackenna 7244,I-SVS-2131,FB_Pilares_Awareness,5657,meta-pilares-2026-07,2026-07-08,2026-07-08,G5U6DXMMH2,27882486391438650-27918228834531067,transactionId,No aplica,True,Pilares,Pendiente cartola TC julio completa
2026-07,Meta,Pilares,Pilares S.A,Marca,Vicuña Mackenna 7244,I-SVS-2131,FB_Pilares_Awareness,182764,254376540,2026-08-01,2026-08-01,,254376540,transactionId,No aplica,True,Pilares,Pendiente cartola TC julio completa
2026-07,Meta,Pilares,Pilares S.A,Inversionista,Vicuña Mackenna 7244,I-SVS-2131,FB_Pilares_Inversionistas,344,meta-pilares-2026-07,2026-07-08,2026-07-01,SSV7WWZ5E2,27861324130221541-27645797551774207,transactionId,No aplica,True,Pilares,Pendiente cartola TC julio completa
2026-07,Meta,Pilares,Pilares S.A,Inversionista,Vicuña Mackenna 7244,I-SVS-2131,FB_Pilares_Inversionistas,1763,meta-pilares-2026-07,2026-07-08,2026-07-08,G5U6DXMMH2,27882486391438650-27918228834531067,transactionId,No aplica,True,Pilares,Pendiente cartola TC julio completa
2026-07,Meta,Pilares,Pilares S.A,Inversionista,Vicuña Mackenna 7244,I-SVS-2131,FB_Pilares_Inversionistas,50345,254376540,2026-08-01,2026-08-01,,254376540,transactionId,No aplica,True,Pilares,Pendiente cartola TC julio completa
2026-07,Meta,Socovesa,Consorcio Inmobiliario Macul,AON,Las Palmas,I-STG-2205,FB_SocovesaSantiago_Advantage,150,meta-socovesa-2026-07,2026-07-08,2026-07-08,4UC7PZRTY2,27702601789431006-27673811008976748,transactionId,No aplica,True,Socovesa Santiago,Pendiente cartola TC julio completa
2026-07,Meta,Socovesa,Consorcio Inmobiliario Macul,Marca,Las Palmas,I-STG-2205,FB_SocovesaSantiago_Awareness,95828,meta-socovesa-2026-07,2026-07-08,2026-07-08,4UC7PZRTY2,27702601789431006-27673811008976748,transactionId,No aplica,True,Socovesa Santiago,Pendiente cartola TC julio completa
2026-07,Meta,Socovesa,Consorcio Inmobiliario Macul,Marca,Las Palmas,I-STG-2205,FB_SocovesaSantiago_Awareness,304385,254434311,2026-08-01,2026-08-01,,254434311,transactionId,No aplica,True,Socovesa Santiago,Pendiente cartola TC julio completa
2026-07,Meta,Socovesa,INMOBILIARIA ENCINAS DE PEÑALOLEN,Lampa,Las Pataguas,I-STG-2366,FB_AOT_SantiagoSubsidio_LasPataguas,302853,meta-socovesa-2026-07,2026-07-08,2026-07-08,4UC7PZRTY2,27702601789431006-27673811008976748,transactionId,No aplica,True,Socovesa Santiago,Pendiente cartola TC julio completa
2026-07,Meta,Socovesa,INMOBILIARIA ENCINAS DE PEÑALOLEN,Lampa,Las Pataguas,I-STG-2366,FB_AOT_SantiagoSubsidio_LasPataguas,1021212,254434311,2026-08-01,2026-08-01,,254434311,transactionId,No aplica,True,Socovesa Santiago,Pendiente cartola TC julio completa
2026-07,Meta,Socovesa,INMOBILIARIA ENCINAS DE PEÑALOLEN,Marca,Las Pataguas,I-STG-2366,FB_SocovesaSantiago_Awareness,95827,meta-socovesa-2026-07,2026-07-08,2026-07-08,4UC7PZRTY2,27702601789431006-27673811008976748,transactionId,No aplica,True,Socovesa Santiago,Pendiente cartola TC julio completa
2026-07,Meta,Socovesa,INMOBILIARIA ENCINAS DE PEÑALOLEN,Marca,Las Pataguas,I-STG-2366,FB_SocovesaSantiago_Awareness,304385,254434311,2026-08-01,2026-08-01,,254434311,transactionId,No aplica,True,Socovesa Santiago,Pendiente cartola TC julio completa
2026-07,Meta,Socovesa,INMOBILIARIA ENCINAS DE PEÑALOLEN,Lampa,Las Pataguas,I-STG-2366,FB_WA_SantiagoSubsidio_LasPataguas,2412,meta-socovesa-2026-07,2026-07-08,2026-07-01,SFL2QV96E2,27671636602527523-27707953765562468,transactionId,No aplica,True,Manual,Pendiente cartola TC julio completa
2026-07,Meta,Socovesa,INMOBILIARIA ENCINAS DE PEÑALOLEN,Lampa,Las Pataguas,I-STG-2366,FB_WA_SantiagoSubsidio_LasPataguas,90771,meta-socovesa-2026-07,2026-07-08,2026-07-08,4UC7PZRTY2,27702601789431006-27673811008976748,transactionId,No aplica,True,Manual,Pendiente cartola TC julio completa
2026-07,Meta,Socovesa,INMOBILIARIA ENCINAS DE PEÑALOLEN,Lampa,Las Pataguas,I-STG-2366,FB_WA_SantiagoSubsidio_LasPataguas,298631,254434311,2026-08-01,2026-08-01,,254434311,transactionId,No aplica,True,Manual,Pendiente cartola TC julio completa
2026-07,Meta,Socovesa,INMOBILIARIA ENCINAS DE PEÑALOLEN,Lampa,Los Coihues,I-STG-2325,FB_AOL_SantiagoMedio_LosCoihues,94821,meta-socovesa-2026-07,2026-07-08,2026-07-08,4UC7PZRTY2,27702601789431006-27673811008976748,transactionId,No aplica,True,Socovesa Santiago,Pendiente cartola TC julio completa
2026-07,Meta,Socovesa,INMOBILIARIA ENCINAS DE PEÑALOLEN,Lampa,Los Coihues,I-STG-2325,FB_AOL_SantiagoMedio_LosCoihues,288266,254434311,2026-08-01,2026-08-01,,254434311,transactionId,No aplica,True,Socovesa Santiago,Pendiente cartola TC julio completa
2026-07,Meta,Socovesa,INMOBILIARIA ENCINAS DE PEÑALOLEN,Lampa,Los Coihues,I-STG-2325,FB_AOT_SantiagoMedio_LosCoihues,312316,meta-socovesa-2026-07,2026-07-08,2026-07-08,4UC7PZRTY2,27702601789431006-27673811008976748,transactionId,No aplica,True,Socovesa Santiago,Pendiente cartola TC julio completa
2026-07,Meta,Socovesa,INMOBILIARIA ENCINAS DE PEÑALOLEN,Lampa,Los Coihues,I-STG-2325,FB_AOT_SantiagoMedio_LosCoihues,975198,254434311,2026-08-01,2026-08-01,,254434311,transactionId,No aplica,True,Socovesa Santiago,Pendiente cartola TC julio completa
2026-07,Meta,Socovesa,INMOBILIARIA ENCINAS DE PEÑALOLEN,Marca,Los Coihues,I-STG-2325,FB_SocovesaSantiago_Awareness,95827,meta-socovesa-2026-07,2026-07-08,2026-07-08,4UC7PZRTY2,27702601789431006-27673811008976748,transactionId,No aplica,True,Socovesa Santiago,Pendiente cartola TC julio completa
2026-07,Meta,Socovesa,INMOBILIARIA ENCINAS DE PEÑALOLEN,Marca,Los Coihues,I-STG-2325,FB_SocovesaSantiago_Awareness,304385,254434311,2026-08-01,2026-08-01,,254434311,transactionId,No aplica,True,Socovesa Santiago,Pendiente cartola TC julio completa
2026-07,Meta,Socovesa,Inmobiliaria El Descubridor,Maipú,Pajaritos,I-STG-2204,FB_AOL_SantiagoMedio_Pajaritos,94734,meta-socovesa-2026-07,2026-07-08,2026-07-08,4UC7PZRTY2,27702601789431006-27673811008976748,transactionId,No aplica,True,Socovesa Santiago,Pendiente cartola TC julio completa
2026-07,Meta,Socovesa,Inmobiliaria El Descubridor,Maipú,Pajaritos,I-STG-2204,FB_AOL_SantiagoMedio_Pajaritos,297784,254434311,2026-08-01,2026-08-01,,254434311,transactionId,No aplica,True,Socovesa Santiago,Pendiente cartola TC julio completa
2026-07,Meta,Socovesa,Inmobiliaria El Descubridor,Maipú,Pajaritos,I-STG-2204,FB_AOT_SantiagoMedio_Pajaritos,309504,meta-socovesa-2026-07,2026-07-08,2026-07-08,4UC7PZRTY2,27702601789431006-27673811008976748,transactionId,No aplica,True,Socovesa Santiago,Pendiente cartola TC julio completa
2026-07,Meta,Socovesa,Inmobiliaria El Descubridor,Maipú,Pajaritos,I-STG-2204,FB_AOT_SantiagoMedio_Pajaritos,1007271,254434311,2026-08-01,2026-08-01,,254434311,transactionId,No aplica,True,Socovesa Santiago,Pendiente cartola TC julio completa
2026-07,Meta,Socovesa,Inmobiliaria El Descubridor,Marca,Pajaritos,I-STG-2204,FB_SocovesaSantiago_Awareness,95827,meta-socovesa-2026-07,2026-07-08,2026-07-08,4UC7PZRTY2,27702601789431006-27673811008976748,transactionId,No aplica,True,Socovesa Santiago,Pendiente cartola TC julio completa
2026-07,Meta,Socovesa,Inmobiliaria El Descubridor,Marca,Pajaritos,I-STG-2204,FB_SocovesaSantiago_Awareness,304385,254434311,2026-08-01,2026-08-01,,254434311,transactionId,No aplica,True,Socovesa Santiago,Pendiente cartola TC julio completa
2026-07,Meta,Socovesa,Pilares S.A,Ñuñoa,Marathon,I-SVS-2349,FB_AOL_SantiagoMedio_Marathon,104781,meta-socovesa-2026-07,2026-07-08,2026-07-08,4UC7PZRTY2,27702601789431006-27673811008976748,transactionId,No aplica,True,Socovesa Santiago,Pendiente cartola TC julio completa
2026-07,Meta,Socovesa,Pilares S.A,Ñuñoa,Marathon,I-SVS-2349,FB_AOL_SantiagoMedio_Marathon,291218,254434311,2026-08-01,2026-08-01,,254434311,transactionId,No aplica,True,Socovesa Santiago,Pendiente cartola TC julio completa
2026-07,Meta,Socovesa,Pilares S.A,Ñuñoa,Marathon,I-SVS-2349,FB_AOT_SantiagoMedio_Marathon,336169,meta-socovesa-2026-07,2026-07-08,2026-07-08,4UC7PZRTY2,27702601789431006-27673811008976748,transactionId,No aplica,True,Socovesa Santiago,Pendiente cartola TC julio completa
2026-07,Meta,Socovesa,Pilares S.A,Ñuñoa,Marathon,I-SVS-2349,FB_AOT_SantiagoMedio_Marathon,1006926,254434311,2026-08-01,2026-08-01,,254434311,transactionId,No aplica,True,Socovesa Santiago,Pendiente cartola TC julio completa
2026-07,Meta,Socovesa,Pilares S.A,Marca,Marathon,I-SVS-2349,FB_SocovesaSantiago_Awareness,95827,meta-socovesa-2026-07,2026-07-08,2026-07-08,4UC7PZRTY2,27702601789431006-27673811008976748,transactionId,No aplica,True,Socovesa Santiago,Pendiente cartola TC julio completa
2026-07,Meta,Socovesa,Pilares S.A,Marca,Marathon,I-SVS-2349,FB_SocovesaSantiago_Awareness,304385,254434311,2026-08-01,2026-08-01,,254434311,transactionId,No aplica,True,Socovesa Santiago,Pendiente cartola TC julio completa
2026-07,Meta,Socovesa,Sociedad Comercializadora Metropolitana,Macul,Coipue,I-STG-2229,FB_AOL_SantiagoMedio_Coipue,97661,meta-socovesa-2026-07,2026-07-08,2026-07-08,4UC7PZRTY2,27702601789431006-27673811008976748,transactionId,No aplica,True,Socovesa Santiago,Pendiente cartola TC julio completa
2026-07,Meta,Socovesa,Sociedad Comercializadora Metropolitana,Macul,Coipue,I-STG-2229,FB_AOL_SantiagoMedio_Coipue,283142,254434311,2026-08-01,2026-08-01,,254434311,transactionId,No aplica,True,Socovesa Santiago,Pendiente cartola TC julio completa
2026-07,Meta,Socovesa,Sociedad Comercializadora Metropolitana,Macul,Coipue,I-STG-2229,FB_AOT_SantiagoMedio_Coipue,307590,meta-socovesa-2026-07,2026-07-08,2026-07-08,4UC7PZRTY2,27702601789431006-27673811008976748,transactionId,No aplica,True,Manual,Pendiente cartola TC julio completa
2026-07,Meta,Socovesa,Sociedad Comercializadora Metropolitana,Macul,Coipue,I-STG-2229,FB_AOT_SantiagoMedio_Coipue,978211,254434311,2026-08-01,2026-08-01,,254434311,transactionId,No aplica,True,Manual,Pendiente cartola TC julio completa
2026-07,Meta,Socovesa,Sociedad Comercializadora Metropolitana,AON,Coipue,I-STG-2229,FB_SocovesaSantiago_Advantage,150,meta-socovesa-2026-07,2026-07-08,2026-07-08,4UC7PZRTY2,27702601789431006-27673811008976748,transactionId,No aplica,True,Socovesa Santiago,Pendiente cartola TC julio completa
2026-07,Meta,Socovesa,Sociedad Comercializadora Metropolitana,Marca,Coipue,I-STG-2229,FB_SocovesaSantiago_Awareness,95828,meta-socovesa-2026-07,2026-07-08,2026-07-08,4UC7PZRTY2,27702601789431006-27673811008976748,transactionId,No aplica,True,Socovesa Santiago,Pendiente cartola TC julio completa
2026-07,Meta,Socovesa,Sociedad Comercializadora Metropolitana,Marca,Coipue,I-STG-2229,FB_SocovesaSantiago_Awareness,304386,254434311,2026-08-01,2026-08-01,,254434311,transactionId,No aplica,True,Socovesa Santiago,Pendiente cartola TC julio completa
2026-07,Meta,Socovesa,Socovesa Sur S.A,Los Ángeles,Alto Maderos,I-SUR-2335,FB_AOL_CentroSur_AltoMaderosll,23873,meta-socovesa-2026-07,2026-07-08,2026-07-08,4UC7PZRTY2,27702601789431006-27673811008976748,transactionId,No aplica,True,Socovesa Sur,Pendiente cartola TC julio completa
2026-07,Meta,Socovesa,Socovesa Sur S.A,Los Ángeles,Alto Maderos,I-SUR-2335,FB_AOL_CentroSur_AltoMaderosll,57135,254434311,2026-08-01,2026-08-01,,254434311,transactionId,No aplica,True,Socovesa Sur,Pendiente cartola TC julio completa
2026-07,Meta,Socovesa,Socovesa Sur S.A,AON,Alto Maderos,I-SUR-2335,FB_SocovesaSur_Advantage,55908,meta-socovesa-2026-07,2026-07-08,2026-07-08,4UC7PZRTY2,27702601789431006-27673811008976748,transactionId,No aplica,True,Socovesa Sur,Pendiente cartola TC julio completa
2026-07,Meta,Socovesa,Socovesa Sur S.A,AON,Alto Maderos,I-SUR-2335,FB_SocovesaSur_Advantage,168675,254434311,2026-08-01,2026-08-01,,254434311,transactionId,No aplica,True,Socovesa Sur,Pendiente cartola TC julio completa
2026-07,Meta,Socovesa,Socovesa Sur S.A,Inversionista,Alto Maderos,I-SUR-2335,FB_Sur_Inversionista,13044,meta-socovesa-2026-07,2026-07-08,2026-07-08,4UC7PZRTY2,27702601789431006-27673811008976748,transactionId,No aplica,True,Socovesa Sur,Pendiente cartola TC julio completa
2026-07,Meta,Socovesa,Socovesa Sur S.A,Inversionista,Alto Maderos,I-SUR-2335,FB_Sur_Inversionista,36708,254434311,2026-08-01,2026-08-01,,254434311,transactionId,No aplica,True,Socovesa Sur,Pendiente cartola TC julio completa
2026-07,Meta,Socovesa,Socovesa Sur S.A,Temuco,Edificio Vértice,I-SUR-2297,FB_AOL_Sur_EdificioVertice,24240,meta-socovesa-2026-07,2026-07-08,2026-07-08,4UC7PZRTY2,27702601789431006-27673811008976748,transactionId,No aplica,True,Socovesa Sur,Pendiente cartola TC julio completa
2026-07,Meta,Socovesa,Socovesa Sur S.A,Temuco,Edificio Vértice,I-SUR-2297,FB_AOL_Sur_EdificioVertice,56002,254434311,2026-08-01,2026-08-01,,254434311,transactionId,No aplica,True,Socovesa Sur,Pendiente cartola TC julio completa
2026-07,Meta,Socovesa,Socovesa Sur S.A,AON,Edificio Vértice,I-SUR-2297,FB_SocovesaSur_Advantage,55908,meta-socovesa-2026-07,2026-07-08,2026-07-08,4UC7PZRTY2,27702601789431006-27673811008976748,transactionId,No aplica,True,Socovesa Sur,Pendiente cartola TC julio completa
2026-07,Meta,Socovesa,Socovesa Sur S.A,AON,Edificio Vértice,I-SUR-2297,FB_SocovesaSur_Advantage,168675,254434311,2026-08-01,2026-08-01,,254434311,transactionId,No aplica,True,Socovesa Sur,Pendiente cartola TC julio completa
2026-07,Meta,Socovesa,Socovesa Sur S.A,Inversionista,Edificio Vértice,I-SUR-2297,FB_Sur_Inversionista,13044,meta-socovesa-2026-07,2026-07-08,2026-07-08,4UC7PZRTY2,27702601789431006-27673811008976748,transactionId,No aplica,True,Socovesa Sur,Pendiente cartola TC julio completa
2026-07,Meta,Socovesa,Socovesa Sur S.A,Inversionista,Edificio Vértice,I-SUR-2297,FB_Sur_Inversionista,36708,254434311,2026-08-01,2026-08-01,,254434311,transactionId,No aplica,True,Socovesa Sur,Pendiente cartola TC julio completa
2026-07,Meta,Socovesa,Socovesa Sur S.A,Valdivia,García Reyes,I-SUR-2283,FB_AOL_Sur_GarciaReyes,33323,meta-socovesa-2026-07,2026-07-08,2026-07-08,4UC7PZRTY2,27702601789431006-27673811008976748,transactionId,No aplica,True,Socovesa Sur,Pendiente cartola TC julio completa
2026-07,Meta,Socovesa,Socovesa Sur S.A,Valdivia,García Reyes,I-SUR-2283,FB_AOL_Sur_GarciaReyes,67695,254434311,2026-08-01,2026-08-01,,254434311,transactionId,No aplica,True,Socovesa Sur,Pendiente cartola TC julio completa
2026-07,Meta,Socovesa,Socovesa Sur S.A,Valdivia,García Reyes,I-SUR-2283,FB_AOT_Sur_GarciaReyes,114244,meta-socovesa-2026-07,2026-07-08,2026-07-08,4UC7PZRTY2,27702601789431006-27673811008976748,transactionId,No aplica,True,Socovesa Sur,Pendiente cartola TC julio completa
2026-07,Meta,Socovesa,Socovesa Sur S.A,Valdivia,García Reyes,I-SUR-2283,FB_AOT_Sur_GarciaReyes,239629,254434311,2026-08-01,2026-08-01,,254434311,transactionId,No aplica,True,Socovesa Sur,Pendiente cartola TC julio completa
2026-07,Meta,Socovesa,Socovesa Sur S.A,Inversionista,García Reyes,I-SUR-2283,FB_Sur_Inversionista,13044,meta-socovesa-2026-07,2026-07-08,2026-07-08,4UC7PZRTY2,27702601789431006-27673811008976748,transactionId,No aplica,True,Socovesa Sur,Pendiente cartola TC julio completa
2026-07,Meta,Socovesa,Socovesa Sur S.A,Inversionista,García Reyes,I-SUR-2283,FB_Sur_Inversionista,36708,254434311,2026-08-01,2026-08-01,,254434311,transactionId,No aplica,True,Socovesa Sur,Pendiente cartola TC julio completa
2026-07,Meta,Socovesa,Socovesa Sur S.A,Temuco,Icono,,FB_AOL_Sur_CasasEnElPortal,11491,meta-socovesa-2026-07,2026-07-08,2026-07-08,4UC7PZRTY2,27702601789431006-27673811008976748,transactionId,No aplica,True,Socovesa Sur,Pendiente cartola TC julio completa
2026-07,Meta,Socovesa,Socovesa Sur S.A,Temuco,Icono,,FB_AOL_Sur_CasasEnElPortal,28599,254434311,2026-08-01,2026-08-01,,254434311,transactionId,No aplica,True,Socovesa Sur,Pendiente cartola TC julio completa
2026-07,Meta,Socovesa,Socovesa Sur S.A,AON,Icono,,FB_SocovesaSur_Advantage,55908,meta-socovesa-2026-07,2026-07-08,2026-07-08,4UC7PZRTY2,27702601789431006-27673811008976748,transactionId,No aplica,True,Socovesa Sur,Pendiente cartola TC julio completa
2026-07,Meta,Socovesa,Socovesa Sur S.A,AON,Icono,,FB_SocovesaSur_Advantage,168675,254434311,2026-08-01,2026-08-01,,254434311,transactionId,No aplica,True,Socovesa Sur,Pendiente cartola TC julio completa
2026-07,Meta,Socovesa,Socovesa Sur S.A,Inversionista,Icono,,FB_Sur_Inversionista,13044,meta-socovesa-2026-07,2026-07-08,2026-07-08,4UC7PZRTY2,27702601789431006-27673811008976748,transactionId,No aplica,True,Socovesa Sur,Pendiente cartola TC julio completa
2026-07,Meta,Socovesa,Socovesa Sur S.A,Inversionista,Icono,,FB_Sur_Inversionista,36708,254434311,2026-08-01,2026-08-01,,254434311,transactionId,No aplica,True,Socovesa Sur,Pendiente cartola TC julio completa
2026-07,Meta,Socovesa,Socovesa Sur S.A,Temuco,N3,I-SUR-2331,FB_AOL_Sur_VistaNielol_N3,38128,meta-socovesa-2026-07,2026-07-08,2026-07-08,4UC7PZRTY2,27702601789431006-27673811008976748,transactionId,No aplica,True,Socovesa Sur,Pendiente cartola TC julio completa
2026-07,Meta,Socovesa,Socovesa Sur S.A,Temuco,N3,I-SUR-2331,FB_AOL_Sur_VistaNielol_N3,67831,254434311,2026-08-01,2026-08-01,,254434311,transactionId,No aplica,True,Socovesa Sur,Pendiente cartola TC julio completa
2026-07,Meta,Socovesa,Socovesa Sur S.A,Temuco,N3,I-SUR-2331,FB_AOT_Sur_VistaNielol,2225,meta-socovesa-2026-07,2026-07-08,2026-07-01,SFL2QV96E2,27671636602527523-27707953765562468,transactionId,No aplica,True,Manual,Pendiente cartola TC julio completa
2026-07,Meta,Socovesa,Socovesa Sur S.A,Temuco,N3,I-SUR-2331,FB_AOT_Sur_VistaNielol,127195,meta-socovesa-2026-07,2026-07-08,2026-07-08,4UC7PZRTY2,27702601789431006-27673811008976748,transactionId,No aplica,True,Manual,Pendiente cartola TC julio completa
2026-07,Meta,Socovesa,Socovesa Sur S.A,Temuco,N3,I-SUR-2331,FB_AOT_Sur_VistaNielol,225988,254434311,2026-08-01,2026-08-01,,254434311,transactionId,No aplica,True,Manual,Pendiente cartola TC julio completa
2026-07,Meta,Socovesa,Socovesa Sur S.A,AON,N3,I-SUR-2331,FB_SocovesaSur_Advantage,55908,meta-socovesa-2026-07,2026-07-08,2026-07-08,4UC7PZRTY2,27702601789431006-27673811008976748,transactionId,No aplica,True,Socovesa Sur,Pendiente cartola TC julio completa
2026-07,Meta,Socovesa,Socovesa Sur S.A,AON,N3,I-SUR-2331,FB_SocovesaSur_Advantage,168674,254434311,2026-08-01,2026-08-01,,254434311,transactionId,No aplica,True,Socovesa Sur,Pendiente cartola TC julio completa
2026-07,Meta,Socovesa,Socovesa Sur S.A,Inversionista,N3,I-SUR-2331,FB_Sur_Inversionista,13044,meta-socovesa-2026-07,2026-07-08,2026-07-08,4UC7PZRTY2,27702601789431006-27673811008976748,transactionId,No aplica,True,Socovesa Sur,Pendiente cartola TC julio completa
2026-07,Meta,Socovesa,Socovesa Sur S.A,Inversionista,N3,I-SUR-2331,FB_Sur_Inversionista,36708,254434311,2026-08-01,2026-08-01,,254434311,transactionId,No aplica,True,Socovesa Sur,Pendiente cartola TC julio completa
2026-07,Meta,Socovesa,Socovesa Sur S.A,Chillán,Nueva Toledo,I-SUR-2334,FB_AOL_CentroSur_NuevaToledo,21068,meta-socovesa-2026-07,2026-07-08,2026-07-08,4UC7PZRTY2,27702601789431006-27673811008976748,transactionId,No aplica,True,Socovesa Sur,Pendiente cartola TC julio completa
2026-07,Meta,Socovesa,Socovesa Sur S.A,Chillán,Nueva Toledo,I-SUR-2334,FB_AOL_CentroSur_NuevaToledo,59381,254434311,2026-08-01,2026-08-01,,254434311,transactionId,No aplica,True,Socovesa Sur,Pendiente cartola TC julio completa
2026-07,Meta,Socovesa,Socovesa Sur S.A,AON,Nueva Toledo,I-SUR-2334,FB_SocovesaSur_Advantage,55908,meta-socovesa-2026-07,2026-07-08,2026-07-08,4UC7PZRTY2,27702601789431006-27673811008976748,transactionId,No aplica,True,Socovesa Sur,Pendiente cartola TC julio completa
2026-07,Meta,Socovesa,Socovesa Sur S.A,AON,Nueva Toledo,I-SUR-2334,FB_SocovesaSur_Advantage,168674,254434311,2026-08-01,2026-08-01,,254434311,transactionId,No aplica,True,Socovesa Sur,Pendiente cartola TC julio completa
2026-07,Meta,Socovesa,Socovesa Sur S.A,Inversionista,Nueva Toledo,I-SUR-2334,FB_Sur_Inversionista,13044,meta-socovesa-2026-07,2026-07-08,2026-07-08,4UC7PZRTY2,27702601789431006-27673811008976748,transactionId,No aplica,True,Socovesa Sur,Pendiente cartola TC julio completa
2026-07,Meta,Socovesa,Socovesa Sur S.A,Inversionista,Nueva Toledo,I-SUR-2334,FB_Sur_Inversionista,36708,254434311,2026-08-01,2026-08-01,,254434311,transactionId,No aplica,True,Socovesa Sur,Pendiente cartola TC julio completa
2026-07,Meta,Socovesa,Socovesa Sur S.A,Temuco,O3,I-SUR-2373,FB_AOL_Sur_ParqueOlimpia_O3,25601,meta-socovesa-2026-07,2026-07-08,2026-07-08,4UC7PZRTY2,27702601789431006-27673811008976748,transactionId,No aplica,True,Socovesa Sur,Pendiente cartola TC julio completa
2026-07,Meta,Socovesa,Socovesa Sur S.A,Temuco,O3,I-SUR-2373,FB_AOL_Sur_ParqueOlimpia_O3,53876,254434311,2026-08-01,2026-08-01,,254434311,transactionId,No aplica,True,Socovesa Sur,Pendiente cartola TC julio completa
2026-07,Meta,Socovesa,Socovesa Sur S.A,AON,O3,I-SUR-2373,FB_SocovesaSur_Advantage,55908,meta-socovesa-2026-07,2026-07-08,2026-07-08,4UC7PZRTY2,27702601789431006-27673811008976748,transactionId,No aplica,True,Socovesa Sur,Pendiente cartola TC julio completa
2026-07,Meta,Socovesa,Socovesa Sur S.A,AON,O3,I-SUR-2373,FB_SocovesaSur_Advantage,168674,254434311,2026-08-01,2026-08-01,,254434311,transactionId,No aplica,True,Socovesa Sur,Pendiente cartola TC julio completa
2026-07,Meta,Socovesa,Socovesa Sur S.A,Inversionista,O3,I-SUR-2373,FB_Sur_Inversionista,13044,meta-socovesa-2026-07,2026-07-08,2026-07-08,4UC7PZRTY2,27702601789431006-27673811008976748,transactionId,No aplica,True,Socovesa Sur,Pendiente cartola TC julio completa
2026-07,Meta,Socovesa,Socovesa Sur S.A,Inversionista,O3,I-SUR-2373,FB_Sur_Inversionista,36708,254434311,2026-08-01,2026-08-01,,254434311,transactionId,No aplica,True,Socovesa Sur,Pendiente cartola TC julio completa
2026-07,Meta,Socovesa,Socovesa Sur S.A,Temuco,Origen,I-SUR-2346,FB_AOL_Sur_CasasEnElPortal,11491,meta-socovesa-2026-07,2026-07-08,2026-07-08,4UC7PZRTY2,27702601789431006-27673811008976748,transactionId,No aplica,True,Socovesa Sur,Pendiente cartola TC julio completa
2026-07,Meta,Socovesa,Socovesa Sur S.A,Temuco,Origen,I-SUR-2346,FB_AOL_Sur_CasasEnElPortal,28599,254434311,2026-08-01,2026-08-01,,254434311,transactionId,No aplica,True,Socovesa Sur,Pendiente cartola TC julio completa
2026-07,Meta,Socovesa,Socovesa Sur S.A,AON,Origen,I-SUR-2346,FB_SocovesaSur_Advantage,55907,meta-socovesa-2026-07,2026-07-08,2026-07-08,4UC7PZRTY2,27702601789431006-27673811008976748,transactionId,No aplica,True,Socovesa Sur,Pendiente cartola TC julio completa
2026-07,Meta,Socovesa,Socovesa Sur S.A,AON,Origen,I-SUR-2346,FB_SocovesaSur_Advantage,168674,254434311,2026-08-01,2026-08-01,,254434311,transactionId,No aplica,True,Socovesa Sur,Pendiente cartola TC julio completa
2026-07,Meta,Socovesa,Socovesa Sur S.A,Inversionista,Origen,I-SUR-2346,FB_Sur_Inversionista,13044,meta-socovesa-2026-07,2026-07-08,2026-07-08,4UC7PZRTY2,27702601789431006-27673811008976748,transactionId,No aplica,True,Socovesa Sur,Pendiente cartola TC julio completa
2026-07,Meta,Socovesa,Socovesa Sur S.A,Inversionista,Origen,I-SUR-2346,FB_Sur_Inversionista,36708,254434311,2026-08-01,2026-08-01,,254434311,transactionId,No aplica,True,Socovesa Sur,Pendiente cartola TC julio completa
2026-07,Meta,Socovesa,Socovesa Sur S.A,Chillán,PDL,I-SUR-2372,FB_AOL_CentroSur_PortaldelLibertadorVIII,32706,meta-socovesa-2026-07,2026-07-08,2026-07-08,4UC7PZRTY2,27702601789431006-27673811008976748,transactionId,No aplica,True,Socovesa Sur,Pendiente cartola TC julio completa
2026-07,Meta,Socovesa,Socovesa Sur S.A,Chillán,PDL,I-SUR-2372,FB_AOL_CentroSur_PortaldelLibertadorVIII,67463,254434311,2026-08-01,2026-08-01,,254434311,transactionId,No aplica,True,Socovesa Sur,Pendiente cartola TC julio completa
2026-07,Meta,Socovesa,Socovesa Sur S.A,Chillán,PDL,I-SUR-2372,FB_AOT_CentroSur_PortaldelLibertador,107418,meta-socovesa-2026-07,2026-07-08,2026-07-08,4UC7PZRTY2,27702601789431006-27673811008976748,transactionId,No aplica,True,Socovesa Sur,Pendiente cartola TC julio completa
2026-07,Meta,Socovesa,Socovesa Sur S.A,Chillán,PDL,I-SUR-2372,FB_AOT_CentroSur_PortaldelLibertador,241640,254434311,2026-08-01,2026-08-01,,254434311,transactionId,No aplica,True,Socovesa Sur,Pendiente cartola TC julio completa
2026-07,Meta,Socovesa,Socovesa Sur S.A,Inversionista,PDL,I-SUR-2372,FB_Sur_Inversionista,13044,meta-socovesa-2026-07,2026-07-08,2026-07-08,4UC7PZRTY2,27702601789431006-27673811008976748,transactionId,No aplica,True,Socovesa Sur,Pendiente cartola TC julio completa
2026-07,Meta,Socovesa,Socovesa Sur S.A,Inversionista,PDL,I-SUR-2372,FB_Sur_Inversionista,36708,254434311,2026-08-01,2026-08-01,,254434311,transactionId,No aplica,True,Socovesa Sur,Pendiente cartola TC julio completa
2026-07,Meta,Socovesa,Socovesa Sur S.A,Los Ángeles,Parque Avellanos,I-SUR-2336,FB_AOL_CentroSur_ElAvellano_E2,21989,meta-socovesa-2026-07,2026-07-08,2026-07-08,4UC7PZRTY2,27702601789431006-27673811008976748,transactionId,No aplica,True,Socovesa Sur,Pendiente cartola TC julio completa
2026-07,Meta,Socovesa,Socovesa Sur S.A,Los Ángeles,Parque Avellanos,I-SUR-2336,FB_AOL_CentroSur_ElAvellano_E2,58723,254434311,2026-08-01,2026-08-01,,254434311,transactionId,No aplica,True,Socovesa Sur,Pendiente cartola TC julio completa
2026-07,Meta,Socovesa,Socovesa Sur S.A,AON,Parque Avellanos,I-SUR-2336,FB_SocovesaSur_Advantage,55907,meta-socovesa-2026-07,2026-07-08,2026-07-08,4UC7PZRTY2,27702601789431006-27673811008976748,transactionId,No aplica,True,Socovesa Sur,Pendiente cartola TC julio completa
2026-07,Meta,Socovesa,Socovesa Sur S.A,AON,Parque Avellanos,I-SUR-2336,FB_SocovesaSur_Advantage,168674,254434311,2026-08-01,2026-08-01,,254434311,transactionId,No aplica,True,Socovesa Sur,Pendiente cartola TC julio completa
2026-07,Meta,Socovesa,Socovesa Sur S.A,Inversionista,Parque Avellanos,I-SUR-2336,FB_Sur_Inversionista,13043,meta-socovesa-2026-07,2026-07-08,2026-07-08,4UC7PZRTY2,27702601789431006-27673811008976748,transactionId,No aplica,True,Socovesa Sur,Pendiente cartola TC julio completa
2026-07,Meta,Socovesa,Socovesa Sur S.A,Inversionista,Parque Avellanos,I-SUR-2336,FB_Sur_Inversionista,36708,254434311,2026-08-01,2026-08-01,,254434311,transactionId,No aplica,True,Socovesa Sur,Pendiente cartola TC julio completa
2026-07,Meta,Socovesa,Socovesa Sur S.A,Puerto Montt,Portal Austral,I-SUR-2340,FB_AOL_SurAustral_PortalAustral,32882,meta-socovesa-2026-07,2026-07-08,2026-07-08,4UC7PZRTY2,27702601789431006-27673811008976748,transactionId,No aplica,True,Socovesa Sur,Pendiente cartola TC julio completa
2026-07,Meta,Socovesa,Socovesa Sur S.A,Puerto Montt,Portal Austral,I-SUR-2340,FB_AOL_SurAustral_PortalAustral,67073,254434311,2026-08-01,2026-08-01,,254434311,transactionId,No aplica,True,Socovesa Sur,Pendiente cartola TC julio completa
2026-07,Meta,Socovesa,Socovesa Sur S.A,Puerto Montt,Portal Austral,I-SUR-2340,FB_AOT_SurAustral_PortalAustral,113668,meta-socovesa-2026-07,2026-07-08,2026-07-08,4UC7PZRTY2,27702601789431006-27673811008976748,transactionId,No aplica,True,Socovesa Sur,Pendiente cartola TC julio completa
2026-07,Meta,Socovesa,Socovesa Sur S.A,Puerto Montt,Portal Austral,I-SUR-2340,FB_AOT_SurAustral_PortalAustral,236700,254434311,2026-08-01,2026-08-01,,254434311,transactionId,No aplica,True,Socovesa Sur,Pendiente cartola TC julio completa
2026-07,Meta,Socovesa,Socovesa Sur S.A,Inversionista,Portal Austral,I-SUR-2340,FB_Sur_Inversionista,13043,meta-socovesa-2026-07,2026-07-08,2026-07-08,4UC7PZRTY2,27702601789431006-27673811008976748,transactionId,No aplica,True,Socovesa Sur,Pendiente cartola TC julio completa
2026-07,Meta,Socovesa,Socovesa Sur S.A,Inversionista,Portal Austral,I-SUR-2340,FB_Sur_Inversionista,36707,254434311,2026-08-01,2026-08-01,,254434311,transactionId,No aplica,True,Socovesa Sur,Pendiente cartola TC julio completa
2026-07,Meta,Socovesa,Socovesa Sur S.A,Punta Arenas,Reserva Magallanes,I-SUR-2323,FB_AOL_SurAustral_ReservaMagallanes,21853,meta-socovesa-2026-07,2026-07-08,2026-07-08,4UC7PZRTY2,27702601789431006-27673811008976748,transactionId,No aplica,True,Socovesa Sur,Pendiente cartola TC julio completa
2026-07,Meta,Socovesa,Socovesa Sur S.A,Punta Arenas,Reserva Magallanes,I-SUR-2323,FB_AOL_SurAustral_ReservaMagallanes,58278,254434311,2026-08-01,2026-08-01,,254434311,transactionId,No aplica,True,Socovesa Sur,Pendiente cartola TC julio completa
2026-07,Meta,Socovesa,Socovesa Sur S.A,AON,Reserva Magallanes,I-SUR-2323,FB_SocovesaSur_Advantage,55907,meta-socovesa-2026-07,2026-07-08,2026-07-08,4UC7PZRTY2,27702601789431006-27673811008976748,transactionId,No aplica,True,Socovesa Sur,Pendiente cartola TC julio completa
2026-07,Meta,Socovesa,Socovesa Sur S.A,AON,Reserva Magallanes,I-SUR-2323,FB_SocovesaSur_Advantage,168674,254434311,2026-08-01,2026-08-01,,254434311,transactionId,No aplica,True,Socovesa Sur,Pendiente cartola TC julio completa
2026-07,Meta,Socovesa,Socovesa Sur S.A,Inversionista,Reserva Magallanes,I-SUR-2323,FB_Sur_Inversionista,13043,meta-socovesa-2026-07,2026-07-08,2026-07-08,4UC7PZRTY2,27702601789431006-27673811008976748,transactionId,No aplica,True,Socovesa Sur,Pendiente cartola TC julio completa
2026-07,Meta,Socovesa,Socovesa Sur S.A,Inversionista,Reserva Magallanes,I-SUR-2323,FB_Sur_Inversionista,36707,254434311,2026-08-01,2026-08-01,,254434311,transactionId,No aplica,True,Socovesa Sur,Pendiente cartola TC julio completa
2026-07,Meta,Socovesa,Socovesa Sur S.A,Puerto Montt,Terraza Mirador,I-SUR-2333,FB_AOL_SantiagoMedio_PlazaMirador,89925,meta-socovesa-2026-07,2026-07-08,2026-07-08,4UC7PZRTY2,27702601789431006-27673811008976748,transactionId,No aplica,True,Socovesa Sur,Pendiente cartola TC julio completa
2026-07,Meta,Socovesa,Socovesa Sur S.A,Puerto Montt,Terraza Mirador,I-SUR-2333,FB_AOL_SantiagoMedio_PlazaMirador,302194,254434311,2026-08-01,2026-08-01,,254434311,transactionId,No aplica,True,Socovesa Sur,Pendiente cartola TC julio completa
2026-07,Meta,Socovesa,Socovesa Sur S.A,Puerto Montt,Terraza Mirador,I-SUR-2333,FB_AOL_SurAustral_TerrazaMiradorII,22377,meta-socovesa-2026-07,2026-07-08,2026-07-08,4UC7PZRTY2,27702601789431006-27673811008976748,transactionId,No aplica,True,Socovesa Sur,Pendiente cartola TC julio completa
2026-07,Meta,Socovesa,Socovesa Sur S.A,Puerto Montt,Terraza Mirador,I-SUR-2333,FB_AOL_SurAustral_TerrazaMiradorII,59276,254434311,2026-08-01,2026-08-01,,254434311,transactionId,No aplica,True,Socovesa Sur,Pendiente cartola TC julio completa
2026-07,Meta,Socovesa,Socovesa Sur S.A,Puerto Montt,Terraza Mirador,I-SUR-2333,FB_AOT_SantiagoMedio_PlazaMirador,325707,meta-socovesa-2026-07,2026-07-08,2026-07-08,4UC7PZRTY2,27702601789431006-27673811008976748,transactionId,No aplica,True,Socovesa Sur,Pendiente cartola TC julio completa
2026-07,Meta,Socovesa,Socovesa Sur S.A,Puerto Montt,Terraza Mirador,I-SUR-2333,FB_AOT_SantiagoMedio_PlazaMirador,972963,254434311,2026-08-01,2026-08-01,,254434311,transactionId,No aplica,True,Socovesa Sur,Pendiente cartola TC julio completa
2026-07,Meta,Socovesa,Socovesa Sur S.A,AON,Terraza Mirador,I-SUR-2333,FB_SocovesaSur_Advantage,55907,meta-socovesa-2026-07,2026-07-08,2026-07-08,4UC7PZRTY2,27702601789431006-27673811008976748,transactionId,No aplica,True,Socovesa Sur,Pendiente cartola TC julio completa
2026-07,Meta,Socovesa,Socovesa Sur S.A,AON,Terraza Mirador,I-SUR-2333,FB_SocovesaSur_Advantage,168674,254434311,2026-08-01,2026-08-01,,254434311,transactionId,No aplica,True,Socovesa Sur,Pendiente cartola TC julio completa
2026-07,Meta,Socovesa,Socovesa Sur S.A,Inversionista,Terraza Mirador,I-SUR-2333,FB_Sur_Inversionista,13043,meta-socovesa-2026-07,2026-07-08,2026-07-08,4UC7PZRTY2,27702601789431006-27673811008976748,transactionId,No aplica,True,Socovesa Sur,Pendiente cartola TC julio completa
2026-07,Meta,Socovesa,Socovesa Sur S.A,Inversionista,Terraza Mirador,I-SUR-2333,FB_Sur_Inversionista,36707,254434311,2026-08-01,2026-08-01,,254434311,transactionId,No aplica,True,Socovesa Sur,Pendiente cartola TC julio completa
