month,brand,paymentDate,cartolaDate,paymentReference,statementReference,transactionId,campaignName,legalEntity,comuna,project,pepCode,campaignAmount,allocatedProjectAmount,cartolaAmountOriginal,cartolaAmountUsd,chargeAmountValidation,matchStatus,referenceTotalAmount,sourceCartola
2026-06,Socovesa,2026-06-01,01/06/2026,GXSPZRV5E2,0106 74987506151000933342086,27306747502349768-27306270765730772,FB_AOL_CentroSur_AltoMaderosll,Socovesa Sur S.A,Los Ángeles,Alto Maderos,I-SUR-2335,2729,2729,600000,69102.0,Coincide,Match cartola + proyecto,600000,Facturas Meta/Cartola TC/MovFacturadosInternacionales_94840000-6_9-6-2026.xls
2026-06,Socovesa,2026-06-01,01/06/2026,GXSPZRV5E2,0106 74987506151000933342086,27306747502349768-27306270765730772,FB_AOL_CentroSur_ElAvellano_E2,Socovesa Sur S.A,Los Ángeles,Parque Avellanos,I-SUR-2336,1936,1936,600000,69102.0,Coincide,Match cartola + proyecto,600000,Facturas Meta/Cartola TC/MovFacturadosInternacionales_94840000-6_9-6-2026.xls
2026-06,Socovesa,2026-06-01,01/06/2026,GXSPZRV5E2,0106 74987506151000933342086,27306747502349768-27306270765730772,FB_AOL_CentroSur_NuevaToledo,Socovesa Sur S.A,Chillán,Nueva Toledo,I-SUR-2334,2399,2399,600000,69102.0,Coincide,Match cartola + proyecto,600000,Facturas Meta/Cartola TC/MovFacturadosInternacionales_94840000-6_9-6-2026.xls
2026-06,Socovesa,2026-06-01,01/06/2026,GXSPZRV5E2,0106 74987506151000933342086,27306747502349768-27306270765730772,FB_AOL_CentroSur_PortaldelLibertadorVIII,Socovesa Sur S.A,Chillán,PDL,I-SUR-2372,2765,2765,600000,69102.0,Coincide,Match cartola + proyecto,600000,Facturas Meta/Cartola TC/MovFacturadosInternacionales_94840000-6_9-6-2026.xls
2026-06,Socovesa,2026-06-01,01/06/2026,GXSPZRV5E2,0106 74987506151000933342086,27306747502349768-27306270765730772,FB_AOL_SantiagoMedio_Coipue,Sociedad Comercializadora Metropolitana,Macul,Coipue,I-STG-2229,8269,8269,600000,69102.0,Coincide,Match cartola + proyecto,600000,Facturas Meta/Cartola TC/MovFacturadosInternacionales_94840000-6_9-6-2026.xls
2026-06,Socovesa,2026-06-01,01/06/2026,GXSPZRV5E2,0106 74987506151000933342086,27306747502349768-27306270765730772,FB_AOL_SantiagoMedio_LosCoihues,INMOBILIARIA ENCINAS DE PEÑALOLEN,Lampa,Los Coihues,I-STG-2325,16182,16182,600000,69102.0,Coincide,Match cartola + proyecto,600000,Facturas Meta/Cartola TC/MovFacturadosInternacionales_94840000-6_9-6-2026.xls
2026-06,Socovesa,2026-06-01,01/06/2026,GXSPZRV5E2,0106 74987506151000933342086,27306747502349768-27306270765730772,FB_AOL_SantiagoMedio_Marathon,Pilares S.A,Ñuñoa,Marathon,I-SVS-2349,14418,14418,600000,69102.0,Coincide,Match cartola + proyecto,600000,Facturas Meta/Cartola TC/MovFacturadosInternacionales_94840000-6_9-6-2026.xls
2026-06,Socovesa,2026-06-01,01/06/2026,GXSPZRV5E2,0106 74987506151000933342086,27306747502349768-27306270765730772,FB_AOL_SantiagoMedio_Pajaritos,Inmobiliaria El Descubridor,Maipú,Pajaritos,I-STG-2204,19717,19717,600000,69102.0,Coincide,Match cartola + proyecto,600000,Facturas Meta/Cartola TC/MovFacturadosInternacionales_94840000-6_9-6-2026.xls
2026-06,Socovesa,2026-06-01,01/06/2026,GXSPZRV5E2,0106 74987506151000933342086,27306747502349768-27306270765730772,FB_AOL_SantiagoMedio_PlazaMirador,INSOCO,La Florida,Plaza Mirador,I-STG-2391,7126,7126,600000,69102.0,Coincide,Match cartola + proyecto,600000,Facturas Meta/Cartola TC/MovFacturadosInternacionales_94840000-6_9-6-2026.xls
2026-06,Socovesa,2026-06-01,01/06/2026,GXSPZRV5E2,0106 74987506151000933342086,27306747502349768-27306270765730772,FB_AOL_SantiagoSubsidio_LasPataguas,INMOBILIARIA ENCINAS DE PEÑALOLEN,Lampa,Las Pataguas,I-STG-2366,8702,8702,600000,69102.0,Coincide,Match cartola + proyecto,600000,Facturas Meta/Cartola TC/MovFacturadosInternacionales_94840000-6_9-6-2026.xls
2026-06,Socovesa,2026-06-01,01/06/2026,GXSPZRV5E2,0106 74987506151000933342086,27306747502349768-27306270765730772,FB_AOL_SurAustral_PortalAustral,Socovesa Sur S.A,Puerto Montt,Portal Austral,I-SUR-2340,2932,2932,600000,69102.0,Coincide,Match cartola + proyecto,600000,Facturas Meta/Cartola TC/MovFacturadosInternacionales_94840000-6_9-6-2026.xls
2026-06,Socovesa,2026-06-01,01/06/2026,GXSPZRV5E2,0106 74987506151000933342086,27306747502349768-27306270765730772,FB_AOL_SurAustral_ReservaMagallanes,Socovesa Sur S.A,Punta Arenas,Reserva Magallanes,I-SUR-2323,2241,2241,600000,69102.0,Coincide,Match cartola + proyecto,600000,Facturas Meta/Cartola TC/MovFacturadosInternacionales_94840000-6_9-6-2026.xls
2026-06,Socovesa,2026-06-01,01/06/2026,GXSPZRV5E2,0106 74987506151000933342086,27306747502349768-27306270765730772,FB_AOL_SurAustral_TerrazaMiradorII,Socovesa Sur S.A,Puerto Montt,Terraza Mirador,I-SUR-2333,2905,2905,600000,69102.0,Coincide,Match cartola + proyecto,600000,Facturas Meta/Cartola TC/MovFacturadosInternacionales_94840000-6_9-6-2026.xls
2026-06,Socovesa,2026-06-01,01/06/2026,GXSPZRV5E2,0106 74987506151000933342086,27306747502349768-27306270765730772,FB_AOL_Sur_CasasEnElPortal,Socovesa Sur S.A,Temuco,Icono,I-SUR-2346,2541,1271,600000,69102.0,Coincide,Match cartola + proyecto,600000,Facturas Meta/Cartola TC/MovFacturadosInternacionales_94840000-6_9-6-2026.xls
2026-06,Socovesa,2026-06-01,01/06/2026,GXSPZRV5E2,0106 74987506151000933342086,27306747502349768-27306270765730772,FB_AOL_Sur_CasasEnElPortal,Socovesa Sur S.A,Temuco,Origen,I-SUR-2346,2541,1270,600000,69102.0,Coincide,Match cartola + proyecto,600000,Facturas Meta/Cartola TC/MovFacturadosInternacionales_94840000-6_9-6-2026.xls
2026-06,Socovesa,2026-06-01,01/06/2026,GXSPZRV5E2,0106 74987506151000933342086,27306747502349768-27306270765730772,FB_AOL_Sur_EdificioVertice,Socovesa Sur S.A,Temuco,Edificio Vértice,I-SUR-2297,2335,2335,600000,69102.0,Coincide,Match cartola + proyecto,600000,Facturas Meta/Cartola TC/MovFacturadosInternacionales_94840000-6_9-6-2026.xls
2026-06,Socovesa,2026-06-01,01/06/2026,GXSPZRV5E2,0106 74987506151000933342086,27306747502349768-27306270765730772,FB_AOL_Sur_GarciaReyes,Socovesa Sur S.A,Valdivia,García Reyes,I-SUR-2283,2625,2625,600000,69102.0,Coincide,Match cartola + proyecto,600000,Facturas Meta/Cartola TC/MovFacturadosInternacionales_94840000-6_9-6-2026.xls
2026-06,Socovesa,2026-06-01,01/06/2026,GXSPZRV5E2,0106 74987506151000933342086,27306747502349768-27306270765730772,FB_AOL_Sur_ParqueOlimpia_O3,Socovesa Sur S.A,Temuco,O3,I-SUR-2373,2638,2638,600000,69102.0,Coincide,Match cartola + proyecto,600000,Facturas Meta/Cartola TC/MovFacturadosInternacionales_94840000-6_9-6-2026.xls
2026-06,Socovesa,2026-06-01,01/06/2026,GXSPZRV5E2,0106 74987506151000933342086,27306747502349768-27306270765730772,FB_AOL_Sur_VistaNielol_N3,Socovesa Sur S.A,Temuco,N3,I-SUR-2331,4642,4642,600000,69102.0,Coincide,Match cartola + proyecto,600000,Facturas Meta/Cartola TC/MovFacturadosInternacionales_94840000-6_9-6-2026.xls
2026-06,Socovesa,2026-06-01,01/06/2026,GXSPZRV5E2,0106 74987506151000933342086,27306747502349768-27306270765730772,FB_AOT_CentroSur_PortaldelLibertador,Socovesa Sur S.A,Chillán,PDL,I-SUR-2372,8892,8892,600000,69102.0,Coincide,Match cartola + proyecto,600000,Facturas Meta/Cartola TC/MovFacturadosInternacionales_94840000-6_9-6-2026.xls
2026-06,Socovesa,2026-06-01,01/06/2026,GXSPZRV5E2,0106 74987506151000933342086,27306747502349768-27306270765730772,FB_AOT_SantiagoMedio_LosCoihues,INMOBILIARIA ENCINAS DE PEÑALOLEN,Lampa,Los Coihues,I-STG-2325,68007,68007,600000,69102.0,Coincide,Match cartola + proyecto,600000,Facturas Meta/Cartola TC/MovFacturadosInternacionales_94840000-6_9-6-2026.xls
2026-06,Socovesa,2026-06-01,01/06/2026,GXSPZRV5E2,0106 74987506151000933342086,27306747502349768-27306270765730772,FB_AOT_SantiagoMedio_Marathon,Pilares S.A,Ñuñoa,Marathon,I-SVS-2349,47627,47627,600000,69102.0,Coincide,Match cartola + proyecto,600000,Facturas Meta/Cartola TC/MovFacturadosInternacionales_94840000-6_9-6-2026.xls
2026-06,Socovesa,2026-06-01,01/06/2026,GXSPZRV5E2,0106 74987506151000933342086,27306747502349768-27306270765730772,FB_AOT_SantiagoMedio_Pajaritos,Inmobiliaria El Descubridor,Maipú,Pajaritos,I-STG-2204,62011,62011,600000,69102.0,Coincide,Match cartola + proyecto,600000,Facturas Meta/Cartola TC/MovFacturadosInternacionales_94840000-6_9-6-2026.xls
2026-06,Socovesa,2026-06-01,01/06/2026,GXSPZRV5E2,0106 74987506151000933342086,27306747502349768-27306270765730772,FB_AOT_SantiagoMedio_PlazaMirador,INSOCO,La Florida,Plaza Mirador,I-STG-2391,25234,25234,600000,69102.0,Coincide,Match cartola + proyecto,600000,Facturas Meta/Cartola TC/MovFacturadosInternacionales_94840000-6_9-6-2026.xls
2026-06,Socovesa,2026-06-01,01/06/2026,GXSPZRV5E2,0106 74987506151000933342086,27306747502349768-27306270765730772,FB_AOT_SantiagoSubsidio_LasPataguas,INMOBILIARIA ENCINAS DE PEÑALOLEN,Lampa,Las Pataguas,I-STG-2366,54270,54270,600000,69102.0,Coincide,Match cartola + proyecto,600000,Facturas Meta/Cartola TC/MovFacturadosInternacionales_94840000-6_9-6-2026.xls
2026-06,Socovesa,2026-06-01,01/06/2026,GXSPZRV5E2,0106 74987506151000933342086,27306747502349768-27306270765730772,FB_AOT_SurAustral_PortalAustral,Socovesa Sur S.A,Puerto Montt,Portal Austral,I-SUR-2340,9077,9077,600000,69102.0,Coincide,Match cartola + proyecto,600000,Facturas Meta/Cartola TC/MovFacturadosInternacionales_94840000-6_9-6-2026.xls
2026-06,Socovesa,2026-06-01,01/06/2026,GXSPZRV5E2,0106 74987506151000933342086,27306747502349768-27306270765730772,FB_AOT_Sur_GarciaReyes,Socovesa Sur S.A,Valdivia,García Reyes,I-SUR-2283,10103,10103,600000,69102.0,Coincide,Match cartola + proyecto,600000,Facturas Meta/Cartola TC/MovFacturadosInternacionales_94840000-6_9-6-2026.xls
2026-06,Socovesa,2026-06-01,01/06/2026,GXSPZRV5E2,0106 74987506151000933342086,27306747502349768-27306270765730772,FB_AOT_Sur_VistaNielol,Socovesa Sur S.A,Temuco,N3,I-SUR-2331,13136,13136,600000,69102.0,Coincide,Match cartola + proyecto,600000,Facturas Meta/Cartola TC/MovFacturadosInternacionales_94840000-6_9-6-2026.xls
2026-06,Socovesa,2026-06-01,01/06/2026,GXSPZRV5E2,0106 74987506151000933342086,27306747502349768-27306270765730772,FB_SocovesaSantiago_Advantage,Sociedad Comercializadora Metropolitana,AON,Coipue,I-STG-2229,37290,18645,600000,69102.0,Coincide,Match cartola + proyecto,600000,Facturas Meta/Cartola TC/MovFacturadosInternacionales_94840000-6_9-6-2026.xls
2026-06,Socovesa,2026-06-01,01/06/2026,GXSPZRV5E2,0106 74987506151000933342086,27306747502349768-27306270765730772,FB_SocovesaSantiago_Advantage,Consorcio Inmobiliario Macul,AON,Las Palmas,I-STG-2205,37290,18645,600000,69102.0,Coincide,Match cartola + proyecto,600000,Facturas Meta/Cartola TC/MovFacturadosInternacionales_94840000-6_9-6-2026.xls
2026-06,Socovesa,2026-06-01,01/06/2026,GXSPZRV5E2,0106 74987506151000933342086,27306747502349768-27306270765730772,FB_SocovesaSantiago_Awareness,Sociedad Comercializadora Metropolitana,Marca,Coipue,I-STG-2229,73874,12313,600000,69102.0,Coincide,Match cartola + proyecto,600000,Facturas Meta/Cartola TC/MovFacturadosInternacionales_94840000-6_9-6-2026.xls
2026-06,Socovesa,2026-06-01,01/06/2026,GXSPZRV5E2,0106 74987506151000933342086,27306747502349768-27306270765730772,FB_SocovesaSantiago_Awareness,Consorcio Inmobiliario Macul,Marca,Las Palmas,I-STG-2205,73874,12313,600000,69102.0,Coincide,Match cartola + proyecto,600000,Facturas Meta/Cartola TC/MovFacturadosInternacionales_94840000-6_9-6-2026.xls
2026-06,Socovesa,2026-06-01,01/06/2026,GXSPZRV5E2,0106 74987506151000933342086,27306747502349768-27306270765730772,FB_SocovesaSantiago_Awareness,INMOBILIARIA ENCINAS DE PEÑALOLEN,Marca,Las Pataguas,I-STG-2366,73874,12312,600000,69102.0,Coincide,Match cartola + proyecto,600000,Facturas Meta/Cartola TC/MovFacturadosInternacionales_94840000-6_9-6-2026.xls
2026-06,Socovesa,2026-06-01,01/06/2026,GXSPZRV5E2,0106 74987506151000933342086,27306747502349768-27306270765730772,FB_SocovesaSantiago_Awareness,INMOBILIARIA ENCINAS DE PEÑALOLEN,Marca,Los Coihues,I-STG-2325,73874,12312,600000,69102.0,Coincide,Match cartola + proyecto,600000,Facturas Meta/Cartola TC/MovFacturadosInternacionales_94840000-6_9-6-2026.xls
2026-06,Socovesa,2026-06-01,01/06/2026,GXSPZRV5E2,0106 74987506151000933342086,27306747502349768-27306270765730772,FB_SocovesaSantiago_Awareness,Pilares S.A,Marca,Marathon,I-SVS-2349,73874,12312,600000,69102.0,Coincide,Match cartola + proyecto,600000,Facturas Meta/Cartola TC/MovFacturadosInternacionales_94840000-6_9-6-2026.xls
2026-06,Socovesa,2026-06-01,01/06/2026,GXSPZRV5E2,0106 74987506151000933342086,27306747502349768-27306270765730772,FB_SocovesaSantiago_Awareness,Inmobiliaria El Descubridor,Marca,Pajaritos,I-STG-2204,73874,12312,600000,69102.0,Coincide,Match cartola + proyecto,600000,Facturas Meta/Cartola TC/MovFacturadosInternacionales_94840000-6_9-6-2026.xls
2026-06,Socovesa,2026-06-01,01/06/2026,GXSPZRV5E2,0106 74987506151000933342086,27306747502349768-27306270765730772,FB_SocovesaSur_Advantage,Socovesa Sur S.A,AON,Alto Maderos,I-SUR-2335,62922,6293,600000,69102.0,Coincide,Match cartola + proyecto,600000,Facturas Meta/Cartola TC/MovFacturadosInternacionales_94840000-6_9-6-2026.xls
2026-06,Socovesa,2026-06-01,01/06/2026,GXSPZRV5E2,0106 74987506151000933342086,27306747502349768-27306270765730772,FB_SocovesaSur_Advantage,Socovesa Sur S.A,AON,Edificio Vértice,I-SUR-2297,62922,6293,600000,69102.0,Coincide,Match cartola + proyecto,600000,Facturas Meta/Cartola TC/MovFacturadosInternacionales_94840000-6_9-6-2026.xls
2026-06,Socovesa,2026-06-01,01/06/2026,GXSPZRV5E2,0106 74987506151000933342086,27306747502349768-27306270765730772,FB_SocovesaSur_Advantage,Socovesa Sur S.A,AON,Icono,I-SUR-2334,62922,6292,600000,69102.0,Coincide,Match cartola + proyecto,600000,Facturas Meta/Cartola TC/MovFacturadosInternacionales_94840000-6_9-6-2026.xls
2026-06,Socovesa,2026-06-01,01/06/2026,GXSPZRV5E2,0106 74987506151000933342086,27306747502349768-27306270765730772,FB_SocovesaSur_Advantage,Socovesa Sur S.A,AON,N3,I-SUR-2331,62922,6292,600000,69102.0,Coincide,Match cartola + proyecto,600000,Facturas Meta/Cartola TC/MovFacturadosInternacionales_94840000-6_9-6-2026.xls
2026-06,Socovesa,2026-06-01,01/06/2026,GXSPZRV5E2,0106 74987506151000933342086,27306747502349768-27306270765730772,FB_SocovesaSur_Advantage,Socovesa Sur S.A,AON,Nueva Toledo,I-SUR-2334,62922,6292,600000,69102.0,Coincide,Match cartola + proyecto,600000,Facturas Meta/Cartola TC/MovFacturadosInternacionales_94840000-6_9-6-2026.xls
2026-06,Socovesa,2026-06-01,01/06/2026,GXSPZRV5E2,0106 74987506151000933342086,27306747502349768-27306270765730772,FB_SocovesaSur_Advantage,Socovesa Sur S.A,AON,O3,I-SUR-2373,62922,6292,600000,69102.0,Coincide,Match cartola + proyecto,600000,Facturas Meta/Cartola TC/MovFacturadosInternacionales_94840000-6_9-6-2026.xls
2026-06,Socovesa,2026-06-01,01/06/2026,GXSPZRV5E2,0106 74987506151000933342086,27306747502349768-27306270765730772,FB_SocovesaSur_Advantage,Socovesa Sur S.A,AON,Origen,I-SUR-2346,62922,6292,600000,69102.0,Coincide,Match cartola + proyecto,600000,Facturas Meta/Cartola TC/MovFacturadosInternacionales_94840000-6_9-6-2026.xls
2026-06,Socovesa,2026-06-01,01/06/2026,GXSPZRV5E2,0106 74987506151000933342086,27306747502349768-27306270765730772,FB_SocovesaSur_Advantage,Socovesa Sur S.A,AON,Parque Avellanos,I-SUR-2336,62922,6292,600000,69102.0,Coincide,Match cartola + proyecto,600000,Facturas Meta/Cartola TC/MovFacturadosInternacionales_94840000-6_9-6-2026.xls
2026-06,Socovesa,2026-06-01,01/06/2026,GXSPZRV5E2,0106 74987506151000933342086,27306747502349768-27306270765730772,FB_SocovesaSur_Advantage,Socovesa Sur S.A,AON,Reserva Magallanes,I-SUR-2323,62922,6292,600000,69102.0,Coincide,Match cartola + proyecto,600000,Facturas Meta/Cartola TC/MovFacturadosInternacionales_94840000-6_9-6-2026.xls
2026-06,Socovesa,2026-06-01,01/06/2026,GXSPZRV5E2,0106 74987506151000933342086,27306747502349768-27306270765730772,FB_SocovesaSur_Advantage,Socovesa Sur S.A,AON,Terraza Mirador,I-SUR-2333,62922,6292,600000,69102.0,Coincide,Match cartola + proyecto,600000,Facturas Meta/Cartola TC/MovFacturadosInternacionales_94840000-6_9-6-2026.xls
2026-06,Socovesa,2026-06-01,01/06/2026,GXSPZRV5E2,0106 74987506151000933342086,27306747502349768-27306270765730772,FB_Sur_Inversionista,Socovesa Sur S.A,Inversionista,Alto Maderos,I-SUR-2335,20455,1574,600000,69102.0,Coincide,Match cartola + proyecto,600000,Facturas Meta/Cartola TC/MovFacturadosInternacionales_94840000-6_9-6-2026.xls
2026-06,Socovesa,2026-06-01,01/06/2026,GXSPZRV5E2,0106 74987506151000933342086,27306747502349768-27306270765730772,FB_Sur_Inversionista,Socovesa Sur S.A,Inversionista,Edificio Vértice,I-SUR-2297,20455,1574,600000,69102.0,Coincide,Match cartola + proyecto,600000,Facturas Meta/Cartola TC/MovFacturadosInternacionales_94840000-6_9-6-2026.xls
2026-06,Socovesa,2026-06-01,01/06/2026,GXSPZRV5E2,0106 74987506151000933342086,27306747502349768-27306270765730772,FB_Sur_Inversionista,Socovesa Sur S.A,Inversionista,García Reyes,I-SUR-2283,20455,1574,600000,69102.0,Coincide,Match cartola + proyecto,600000,Facturas Meta/Cartola TC/MovFacturadosInternacionales_94840000-6_9-6-2026.xls
2026-06,Socovesa,2026-06-01,01/06/2026,GXSPZRV5E2,0106 74987506151000933342086,27306747502349768-27306270765730772,FB_Sur_Inversionista,Socovesa Sur S.A,Inversionista,Icono,I-SUR-2372,20455,1574,600000,69102.0,Coincide,Match cartola + proyecto,600000,Facturas Meta/Cartola TC/MovFacturadosInternacionales_94840000-6_9-6-2026.xls
2026-06,Socovesa,2026-06-01,01/06/2026,GXSPZRV5E2,0106 74987506151000933342086,27306747502349768-27306270765730772,FB_Sur_Inversionista,Socovesa Sur S.A,Inversionista,N3,I-SUR-2331,20455,1574,600000,69102.0,Coincide,Match cartola + proyecto,600000,Facturas Meta/Cartola TC/MovFacturadosInternacionales_94840000-6_9-6-2026.xls
2026-06,Socovesa,2026-06-01,01/06/2026,GXSPZRV5E2,0106 74987506151000933342086,27306747502349768-27306270765730772,FB_Sur_Inversionista,Socovesa Sur S.A,Inversionista,Nueva Toledo,I-SUR-2334,20455,1574,600000,69102.0,Coincide,Match cartola + proyecto,600000,Facturas Meta/Cartola TC/MovFacturadosInternacionales_94840000-6_9-6-2026.xls
2026-06,Socovesa,2026-06-01,01/06/2026,GXSPZRV5E2,0106 74987506151000933342086,27306747502349768-27306270765730772,FB_Sur_Inversionista,Socovesa Sur S.A,Inversionista,O3,I-SUR-2373,20455,1573,600000,69102.0,Coincide,Match cartola + proyecto,600000,Facturas Meta/Cartola TC/MovFacturadosInternacionales_94840000-6_9-6-2026.xls
2026-06,Socovesa,2026-06-01,01/06/2026,GXSPZRV5E2,0106 74987506151000933342086,27306747502349768-27306270765730772,FB_Sur_Inversionista,Socovesa Sur S.A,Inversionista,Origen,I-SUR-2346,20455,1573,600000,69102.0,Coincide,Match cartola + proyecto,600000,Facturas Meta/Cartola TC/MovFacturadosInternacionales_94840000-6_9-6-2026.xls
2026-06,Socovesa,2026-06-01,01/06/2026,GXSPZRV5E2,0106 74987506151000933342086,27306747502349768-27306270765730772,FB_Sur_Inversionista,Socovesa Sur S.A,Inversionista,PDL,I-SUR-2372,20455,1573,600000,69102.0,Coincide,Match cartola + proyecto,600000,Facturas Meta/Cartola TC/MovFacturadosInternacionales_94840000-6_9-6-2026.xls
2026-06,Socovesa,2026-06-01,01/06/2026,GXSPZRV5E2,0106 74987506151000933342086,27306747502349768-27306270765730772,FB_Sur_Inversionista,Socovesa Sur S.A,Inversionista,Parque Avellanos,I-SUR-2336,20455,1573,600000,69102.0,Coincide,Match cartola + proyecto,600000,Facturas Meta/Cartola TC/MovFacturadosInternacionales_94840000-6_9-6-2026.xls
2026-06,Socovesa,2026-06-01,01/06/2026,GXSPZRV5E2,0106 74987506151000933342086,27306747502349768-27306270765730772,FB_Sur_Inversionista,Socovesa Sur S.A,Inversionista,Portal Austral,I-SUR-2340,20455,1573,600000,69102.0,Coincide,Match cartola + proyecto,600000,Facturas Meta/Cartola TC/MovFacturadosInternacionales_94840000-6_9-6-2026.xls
2026-06,Socovesa,2026-06-01,01/06/2026,GXSPZRV5E2,0106 74987506151000933342086,27306747502349768-27306270765730772,FB_Sur_Inversionista,Socovesa Sur S.A,Inversionista,Reserva Magallanes,I-SUR-2323,20455,1573,600000,69102.0,Coincide,Match cartola + proyecto,600000,Facturas Meta/Cartola TC/MovFacturadosInternacionales_94840000-6_9-6-2026.xls
2026-06,Socovesa,2026-06-01,01/06/2026,GXSPZRV5E2,0106 74987506151000933342086,27306747502349768-27306270765730772,FB_Sur_Inversionista,Socovesa Sur S.A,Inversionista,Terraza Mirador,I-SUR-2333,20455,1573,600000,69102.0,Coincide,Match cartola + proyecto,600000,Facturas Meta/Cartola TC/MovFacturadosInternacionales_94840000-6_9-6-2026.xls
2026-06,Almagro Inmobiliaria,2026-06-02,02/06/2026,MYWKGTZ5E2,0206 74987506153000806715085,26944250811926942-26944250895260267,FB_AOL_Antofagasta_AlmagroTerra,Almagro S.A,Antofagasta,Almagro Terra,I-ALM-2360,9353,9353,600000,68856.0,Coincide,Match cartola + proyecto,600000,Facturas Meta/Cartola TC/MovFacturadosInternacionales_94840000-6_9-6-2026.xls
2026-06,Almagro Inmobiliaria,2026-06-02,02/06/2026,MYWKGTZ5E2,0206 74987506153000806715085,26944250811926942-26944250895260267,FB_AOL_Antofagasta_Indico,Almagro S.A,Antofagasta,Indico,I-ALM-1453,18402,18402,600000,68856.0,Coincide,Match cartola + proyecto,600000,Facturas Meta/Cartola TC/MovFacturadosInternacionales_94840000-6_9-6-2026.xls
2026-06,Almagro Inmobiliaria,2026-06-02,02/06/2026,MYWKGTZ5E2,0206 74987506153000806715085,26944250811926942-26944250895260267,FB_AOL_Antofagasta_ParqueBrasil,Almagro S.A,Antofagasta,Parque Brasil,I-ALM-2285,8827,8827,600000,68856.0,Coincide,Match cartola + proyecto,600000,Facturas Meta/Cartola TC/MovFacturadosInternacionales_94840000-6_9-6-2026.xls
2026-06,Almagro Inmobiliaria,2026-06-02,02/06/2026,MYWKGTZ5E2,0206 74987506153000806715085,26944250811926942-26944250895260267,FB_AOL_Santiago_AlmagroDistrict,Madagascar,Las Condes,Almagro District,I-ALM-2399,4410,4410,600000,68856.0,Coincide,Match cartola + proyecto,600000,Facturas Meta/Cartola TC/MovFacturadosInternacionales_94840000-6_9-6-2026.xls
2026-06,Almagro Inmobiliaria,2026-06-02,02/06/2026,MYWKGTZ5E2,0206 74987506153000806715085,26944250811926942-26944250895260267,FB_AOL_Santiago_AlmagroHub,Arcilla Roja,Providencia,Almagro Hub,I-ALM-2189,4925,4925,600000,68856.0,Coincide,Match cartola + proyecto,600000,Facturas Meta/Cartola TC/MovFacturadosInternacionales_94840000-6_9-6-2026.xls
2026-06,Almagro Inmobiliaria,2026-06-02,02/06/2026,MYWKGTZ5E2,0206 74987506153000806715085,26944250811926942-26944250895260267,FB_AOL_Santiago_AlmagroPlus,Almagro S.A,Almagro Plus,Almagro Plus,I-ALM-2234,8291,8291,600000,68856.0,Coincide,Match cartola + proyecto,600000,Facturas Meta/Cartola TC/MovFacturadosInternacionales_94840000-6_9-6-2026.xls
2026-06,Almagro Inmobiliaria,2026-06-02,02/06/2026,MYWKGTZ5E2,0206 74987506153000806715085,26944250811926942-26944250895260267,FB_AOL_Santiago_Balance,Almagro S.A,Providencia,Balance,I-ALM-2358,5083,5083,600000,68856.0,Coincide,Match cartola + proyecto,600000,Facturas Meta/Cartola TC/MovFacturadosInternacionales_94840000-6_9-6-2026.xls
2026-06,Almagro Inmobiliaria,2026-06-02,02/06/2026,MYWKGTZ5E2,0206 74987506153000806715085,26944250811926942-26944250895260267,FB_AOL_Santiago_Carrera_IV,Almagro S.A,Santiago Centro,Carrera 4,I-ALM-2275,11971,11971,600000,68856.0,Coincide,Match cartola + proyecto,600000,Facturas Meta/Cartola TC/MovFacturadosInternacionales_94840000-6_9-6-2026.xls
2026-06,Almagro Inmobiliaria,2026-06-02,02/06/2026,MYWKGTZ5E2,0206 74987506153000806715085,26944250811926942-26944250895260267,FB_AOL_Santiago_Insigne,Almagro S.A,Macul,Insigne,I-ALM-2157,10234,10234,600000,68856.0,Coincide,Match cartola + proyecto,600000,Facturas Meta/Cartola TC/MovFacturadosInternacionales_94840000-6_9-6-2026.xls
2026-06,Almagro Inmobiliaria,2026-06-02,02/06/2026,MYWKGTZ5E2,0206 74987506153000806715085,26944250811926942-26944250895260267,FB_AOL_Santiago_LosCactus,Almagro S.A,Lo Barnechea,Los Cactus,I-ALM-2342,5664,5664,600000,68856.0,Coincide,Match cartola + proyecto,600000,Facturas Meta/Cartola TC/MovFacturadosInternacionales_94840000-6_9-6-2026.xls
2026-06,Almagro Inmobiliaria,2026-06-02,02/06/2026,MYWKGTZ5E2,0206 74987506153000806715085,26944250811926942-26944250895260267,FB_AOL_Santiago_LyonBilbao,Almagro S.A,Providencia,Lyon Bilbao,I-ALM-2211,4683,4683,600000,68856.0,Coincide,Match cartola + proyecto,600000,Facturas Meta/Cartola TC/MovFacturadosInternacionales_94840000-6_9-6-2026.xls
2026-06,Almagro Inmobiliaria,2026-06-02,02/06/2026,MYWKGTZ5E2,0206 74987506153000806715085,26944250811926942-26944250895260267,FB_AOL_Santiago_PadreLePaige,Arcilla Roja,Las Condes,PLP 1,I-ALM-2226,6632,6632,600000,68856.0,Coincide,Match cartola + proyecto,600000,Facturas Meta/Cartola TC/MovFacturadosInternacionales_94840000-6_9-6-2026.xls
2026-06,Almagro Inmobiliaria,2026-06-02,02/06/2026,MYWKGTZ5E2,0206 74987506153000806715085,26944250811926942-26944250895260267,FB_AOL_Santiago_PadreLePaige_Etapa2,Arcilla Roja,Las Condes,PLP 2,I-ALM-2306,1806,1806,600000,68856.0,Coincide,Match cartola + proyecto,600000,Facturas Meta/Cartola TC/MovFacturadosInternacionales_94840000-6_9-6-2026.xls
2026-06,Almagro Inmobiliaria,2026-06-02,02/06/2026,MYWKGTZ5E2,0206 74987506153000806715085,26944250811926942-26944250895260267,FB_AOL_Santiago_Rengo,Arcilla Roja,Providencia,Rengo,I-ALM-2288,4328,4328,600000,68856.0,Coincide,Match cartola + proyecto,600000,Facturas Meta/Cartola TC/MovFacturadosInternacionales_94840000-6_9-6-2026.xls
2026-06,Almagro Inmobiliaria,2026-06-02,02/06/2026,MYWKGTZ5E2,0206 74987506153000806715085,26944250811926942-26944250895260267,FB_AOL_Santiago_SanEugenio,Almagro S.A,Ñuñoa,San Eugenio 2,I-ALM-2227,8458,8458,600000,68856.0,Coincide,Match cartola + proyecto,600000,Facturas Meta/Cartola TC/MovFacturadosInternacionales_94840000-6_9-6-2026.xls
2026-06,Almagro Inmobiliaria,2026-06-02,02/06/2026,MYWKGTZ5E2,0206 74987506153000806715085,26944250811926942-26944250895260267,FB_AOT_Antofagasta_AlmagroTerra,Almagro S.A,Antofagasta,Almagro Terra,I-ALM-2360,28275,28275,600000,68856.0,Coincide,Match cartola + proyecto,600000,Facturas Meta/Cartola TC/MovFacturadosInternacionales_94840000-6_9-6-2026.xls
2026-06,Almagro Inmobiliaria,2026-06-02,02/06/2026,MYWKGTZ5E2,0206 74987506153000806715085,26944250811926942-26944250895260267,FB_AOT_Antofagasta_ParqueBrasil,Almagro S.A,Antofagasta,Parque Brasil,I-ALM-2285,28753,28753,600000,68856.0,Coincide,Match cartola + proyecto,600000,Facturas Meta/Cartola TC/MovFacturadosInternacionales_94840000-6_9-6-2026.xls
2026-06,Almagro Inmobiliaria,2026-06-02,02/06/2026,MYWKGTZ5E2,0206 74987506153000806715085,26944250811926942-26944250895260267,FB_AOT_Antofagasta_ValleDelMar,Almagro S.A,Antofagasta,Valle del Mar,I-ALM-1453,32096,32096,600000,68856.0,Coincide,Match cartola + proyecto,600000,Facturas Meta/Cartola TC/MovFacturadosInternacionales_94840000-6_9-6-2026.xls
2026-06,Almagro Inmobiliaria,2026-06-02,02/06/2026,MYWKGTZ5E2,0206 74987506153000806715085,26944250811926942-26944250895260267,FB_AOT_Inversionistas,Almagro S.A,Santiago,Insigne,I-ALM-2157,59575,59575,600000,68856.0,Coincide,Match cartola + proyecto,600000,Facturas Meta/Cartola TC/MovFacturadosInternacionales_94840000-6_9-6-2026.xls
2026-06,Almagro Inmobiliaria,2026-06-02,02/06/2026,MYWKGTZ5E2,0206 74987506153000806715085,26944250811926942-26944250895260267,FB_AOT_Santiago_AlmagroPlus,Almagro S.A,Ñuñoa,Almagro Plus,I-ALM-2234,33902,33902,600000,68856.0,Coincide,Match cartola + proyecto,600000,Facturas Meta/Cartola TC/MovFacturadosInternacionales_94840000-6_9-6-2026.xls
2026-06,Almagro Inmobiliaria,2026-06-02,02/06/2026,MYWKGTZ5E2,0206 74987506153000806715085,26944250811926942-26944250895260267,FB_AOT_Santiago_Carrera_IV,Almagro S.A,Santiago,Carrera 4,I-ALM-2275,32597,32597,600000,68856.0,Coincide,Match cartola + proyecto,600000,Facturas Meta/Cartola TC/MovFacturadosInternacionales_94840000-6_9-6-2026.xls
2026-06,Almagro Inmobiliaria,2026-06-02,02/06/2026,MYWKGTZ5E2,0206 74987506153000806715085,26944250811926942-26944250895260267,FB_AOT_Santiago_Insigne,Almagro S.A,Macul,Insigne,I-ALM-2157,30675,30675,600000,68856.0,Coincide,Match cartola + proyecto,600000,Facturas Meta/Cartola TC/MovFacturadosInternacionales_94840000-6_9-6-2026.xls
2026-06,Almagro Inmobiliaria,2026-06-02,02/06/2026,MYWKGTZ5E2,0206 74987506153000806715085,26944250811926942-26944250895260267,FB_AOT_Santiago_SanEugenio,Almagro S.A,Santiago,San Eugenio 2,I-ALM-2227,35362,35362,600000,68856.0,Coincide,Match cartola + proyecto,600000,Facturas Meta/Cartola TC/MovFacturadosInternacionales_94840000-6_9-6-2026.xls
2026-06,Almagro Inmobiliaria,2026-06-02,02/06/2026,MYWKGTZ5E2,0206 74987506153000806715085,26944250811926942-26944250895260267,FB_AOT_Santiago_Signature,Almagro S.A,Santiago,Signature,I-ALM-2354,8853,8853,600000,68856.0,Coincide,Match cartola + proyecto,600000,Facturas Meta/Cartola TC/MovFacturadosInternacionales_94840000-6_9-6-2026.xls
2026-06,Almagro Inmobiliaria,2026-06-02,02/06/2026,MYWKGTZ5E2,0206 74987506153000806715085,26944250811926942-26944250895260267,FB_Advantage_Almagro,Arcilla Roja,AON,Almagro Hub,I-ALM-2189,107582,13448,600000,68856.0,Coincide,Match cartola + proyecto,600000,Facturas Meta/Cartola TC/MovFacturadosInternacionales_94840000-6_9-6-2026.xls
2026-06,Almagro Inmobiliaria,2026-06-02,02/06/2026,MYWKGTZ5E2,0206 74987506153000806715085,26944250811926942-26944250895260267,FB_Advantage_Almagro,Almagro S.A,AON,Carrera 4,I-ALM-2275,107582,13448,600000,68856.0,Coincide,Match cartola + proyecto,600000,Facturas Meta/Cartola TC/MovFacturadosInternacionales_94840000-6_9-6-2026.xls
2026-06,Almagro Inmobiliaria,2026-06-02,02/06/2026,MYWKGTZ5E2,0206 74987506153000806715085,26944250811926942-26944250895260267,FB_Advantage_Almagro,Almagro S.A,AON,Indico,I-ALM-1453,107582,13448,600000,68856.0,Coincide,Match cartola + proyecto,600000,Facturas Meta/Cartola TC/MovFacturadosInternacionales_94840000-6_9-6-2026.xls
2026-06,Almagro Inmobiliaria,2026-06-02,02/06/2026,MYWKGTZ5E2,0206 74987506153000806715085,26944250811926942-26944250895260267,FB_Advantage_Almagro,Almagro S.A,AON,Los Cactus,I-ALM-2342,107582,13448,600000,68856.0,Coincide,Match cartola + proyecto,600000,Facturas Meta/Cartola TC/MovFacturadosInternacionales_94840000-6_9-6-2026.xls
2026-06,Almagro Inmobiliaria,2026-06-02,02/06/2026,MYWKGTZ5E2,0206 74987506153000806715085,26944250811926942-26944250895260267,FB_Advantage_Almagro,Almagro S.A,AON,Lyon Bilbao,I-ALM-2211,107582,13448,600000,68856.0,Coincide,Match cartola + proyecto,600000,Facturas Meta/Cartola TC/MovFacturadosInternacionales_94840000-6_9-6-2026.xls
2026-06,Almagro Inmobiliaria,2026-06-02,02/06/2026,MYWKGTZ5E2,0206 74987506153000806715085,26944250811926942-26944250895260267,FB_Advantage_Almagro,Arcilla Roja,AON,PLP 1,I-ALM-2226,107582,13448,600000,68856.0,Coincide,Match cartola + proyecto,600000,Facturas Meta/Cartola TC/MovFacturadosInternacionales_94840000-6_9-6-2026.xls
2026-06,Almagro Inmobiliaria,2026-06-02,02/06/2026,MYWKGTZ5E2,0206 74987506153000806715085,26944250811926942-26944250895260267,FB_Advantage_Almagro,Arcilla Roja,AON,PLP 2,I-ALM-2306,107582,13447,600000,68856.0,Coincide,Match cartola + proyecto,600000,Facturas Meta/Cartola TC/MovFacturadosInternacionales_94840000-6_9-6-2026.xls
2026-06,Almagro Inmobiliaria,2026-06-02,02/06/2026,MYWKGTZ5E2,0206 74987506153000806715085,26944250811926942-26944250895260267,FB_Advantage_Almagro,Almagro S.A,AON,San Eugenio 2,I-ALM-2227,107582,13447,600000,68856.0,Coincide,Match cartola + proyecto,600000,Facturas Meta/Cartola TC/MovFacturadosInternacionales_94840000-6_9-6-2026.xls
2026-06,Almagro Inmobiliaria,2026-06-02,02/06/2026,MYWKGTZ5E2,0206 74987506153000806715085,26944250811926942-26944250895260267,FB_Almagro_Awareness,Madagascar,Marca,Almagro District,I-ALM-2399,63703,4551,600000,68856.0,Coincide,Match cartola + proyecto,600000,Facturas Meta/Cartola TC/MovFacturadosInternacionales_94840000-6_9-6-2026.xls
2026-06,Almagro Inmobiliaria,2026-06-02,02/06/2026,MYWKGTZ5E2,0206 74987506153000806715085,26944250811926942-26944250895260267,FB_Almagro_Awareness,Arcilla Roja,Marca,Almagro Hub,I-ALM-2189,63703,4551,600000,68856.0,Coincide,Match cartola + proyecto,600000,Facturas Meta/Cartola TC/MovFacturadosInternacionales_94840000-6_9-6-2026.xls
2026-06,Almagro Inmobiliaria,2026-06-02,02/06/2026,MYWKGTZ5E2,0206 74987506153000806715085,26944250811926942-26944250895260267,FB_Almagro_Awareness,Almagro S.A,Marca,Almagro Plus,I-ALM-2234,63703,4551,600000,68856.0,Coincide,Match cartola + proyecto,600000,Facturas Meta/Cartola TC/MovFacturadosInternacionales_94840000-6_9-6-2026.xls
2026-06,Almagro Inmobiliaria,2026-06-02,02/06/2026,MYWKGTZ5E2,0206 74987506153000806715085,26944250811926942-26944250895260267,FB_Almagro_Awareness,Almagro S.A,Marca,Balance,I-ALM-2358,63703,4550,600000,68856.0,Coincide,Match cartola + proyecto,600000,Facturas Meta/Cartola TC/MovFacturadosInternacionales_94840000-6_9-6-2026.xls
2026-06,Almagro Inmobiliaria,2026-06-02,02/06/2026,MYWKGTZ5E2,0206 74987506153000806715085,26944250811926942-26944250895260267,FB_Almagro_Awareness,Almagro S.A,Marca,Carrera 4,I-ALM-2275,63703,4550,600000,68856.0,Coincide,Match cartola + proyecto,600000,Facturas Meta/Cartola TC/MovFacturadosInternacionales_94840000-6_9-6-2026.xls
2026-06,Almagro Inmobiliaria,2026-06-02,02/06/2026,MYWKGTZ5E2,0206 74987506153000806715085,26944250811926942-26944250895260267,FB_Almagro_Awareness,Almagro S.A,Marca,Indico,I-ALM-1453,63703,4550,600000,68856.0,Coincide,Match cartola + proyecto,600000,Facturas Meta/Cartola TC/MovFacturadosInternacionales_94840000-6_9-6-2026.xls
2026-06,Almagro Inmobiliaria,2026-06-02,02/06/2026,MYWKGTZ5E2,0206 74987506153000806715085,26944250811926942-26944250895260267,FB_Almagro_Awareness,Almagro S.A,Marca,Insigne,I-ALM-2157,63703,4550,600000,68856.0,Coincide,Match cartola + proyecto,600000,Facturas Meta/Cartola TC/MovFacturadosInternacionales_94840000-6_9-6-2026.xls
2026-06,Almagro Inmobiliaria,2026-06-02,02/06/2026,MYWKGTZ5E2,0206 74987506153000806715085,26944250811926942-26944250895260267,FB_Almagro_Awareness,Almagro S.A,Marca,Los Cactus,I-ALM-2342,63703,4550,600000,68856.0,Coincide,Match cartola + proyecto,600000,Facturas Meta/Cartola TC/MovFacturadosInternacionales_94840000-6_9-6-2026.xls
2026-06,Almagro Inmobiliaria,2026-06-02,02/06/2026,MYWKGTZ5E2,0206 74987506153000806715085,26944250811926942-26944250895260267,FB_Almagro_Awareness,Almagro S.A,Marca,Lyon Bilbao,I-ALM-2211,63703,4550,600000,68856.0,Coincide,Match cartola + proyecto,600000,Facturas Meta/Cartola TC/MovFacturadosInternacionales_94840000-6_9-6-2026.xls
2026-06,Almagro Inmobiliaria,2026-06-02,02/06/2026,MYWKGTZ5E2,0206 74987506153000806715085,26944250811926942-26944250895260267,FB_Almagro_Awareness,Arcilla Roja,Marca,PLP 1,I-ALM-2226,63703,4550,600000,68856.0,Coincide,Match cartola + proyecto,600000,Facturas Meta/Cartola TC/MovFacturadosInternacionales_94840000-6_9-6-2026.xls
2026-06,Almagro Inmobiliaria,2026-06-02,02/06/2026,MYWKGTZ5E2,0206 74987506153000806715085,26944250811926942-26944250895260267,FB_Almagro_Awareness,Arcilla Roja,Marca,PLP 2,I-ALM-2306,63703,4550,600000,68856.0,Coincide,Match cartola + proyecto,600000,Facturas Meta/Cartola TC/MovFacturadosInternacionales_94840000-6_9-6-2026.xls
2026-06,Almagro Inmobiliaria,2026-06-02,02/06/2026,MYWKGTZ5E2,0206 74987506153000806715085,26944250811926942-26944250895260267,FB_Almagro_Awareness,Almagro S.A,Marca,Parque Brasil,I-ALM-2285,63703,4550,600000,68856.0,Coincide,Match cartola + proyecto,600000,Facturas Meta/Cartola TC/MovFacturadosInternacionales_94840000-6_9-6-2026.xls
2026-06,Almagro Inmobiliaria,2026-06-02,02/06/2026,MYWKGTZ5E2,0206 74987506153000806715085,26944250811926942-26944250895260267,FB_Almagro_Awareness,Arcilla Roja,Marca,Rengo,I-ALM-2288,63703,4550,600000,68856.0,Coincide,Match cartola + proyecto,600000,Facturas Meta/Cartola TC/MovFacturadosInternacionales_94840000-6_9-6-2026.xls
2026-06,Almagro Inmobiliaria,2026-06-02,02/06/2026,MYWKGTZ5E2,0206 74987506153000806715085,26944250811926942-26944250895260267,FB_Almagro_Awareness,Almagro S.A,Marca,San Eugenio 2,I-ALM-2227,63703,4550,600000,68856.0,Coincide,Match cartola + proyecto,600000,Facturas Meta/Cartola TC/MovFacturadosInternacionales_94840000-6_9-6-2026.xls
2026-06,Almagro Inmobiliaria,2026-06-02,02/06/2026,MYWKGTZ5E2,0206 74987506153000806715085,26944250811926942-26944250895260267,FB_Almagro_Patrocinado_Blog,Madagascar,Blog,Almagro District,I-ALM-2399,1995,143,600000,68856.0,Coincide,Match cartola + proyecto,600000,Facturas Meta/Cartola TC/MovFacturadosInternacionales_94840000-6_9-6-2026.xls
2026-06,Almagro Inmobiliaria,2026-06-02,02/06/2026,MYWKGTZ5E2,0206 74987506153000806715085,26944250811926942-26944250895260267,FB_Almagro_Patrocinado_Blog,Arcilla Roja,Blog,Almagro Hub,I-ALM-2189,1995,143,600000,68856.0,Coincide,Match cartola + proyecto,600000,Facturas Meta/Cartola TC/MovFacturadosInternacionales_94840000-6_9-6-2026.xls
2026-06,Almagro Inmobiliaria,2026-06-02,02/06/2026,MYWKGTZ5E2,0206 74987506153000806715085,26944250811926942-26944250895260267,FB_Almagro_Patrocinado_Blog,Almagro S.A,Blog,Almagro Plus,I-ALM-2234,1995,143,600000,68856.0,Coincide,Match cartola + proyecto,600000,Facturas Meta/Cartola TC/MovFacturadosInternacionales_94840000-6_9-6-2026.xls
2026-06,Almagro Inmobiliaria,2026-06-02,02/06/2026,MYWKGTZ5E2,0206 74987506153000806715085,26944250811926942-26944250895260267,FB_Almagro_Patrocinado_Blog,Almagro S.A,Blog,Balance,I-ALM-2358,1995,143,600000,68856.0,Coincide,Match cartola + proyecto,600000,Facturas Meta/Cartola TC/MovFacturadosInternacionales_94840000-6_9-6-2026.xls
2026-06,Almagro Inmobiliaria,2026-06-02,02/06/2026,MYWKGTZ5E2,0206 74987506153000806715085,26944250811926942-26944250895260267,FB_Almagro_Patrocinado_Blog,Almagro S.A,Blog,Carrera 4,I-ALM-2275,1995,143,600000,68856.0,Coincide,Match cartola + proyecto,600000,Facturas Meta/Cartola TC/MovFacturadosInternacionales_94840000-6_9-6-2026.xls
2026-06,Almagro Inmobiliaria,2026-06-02,02/06/2026,MYWKGTZ5E2,0206 74987506153000806715085,26944250811926942-26944250895260267,FB_Almagro_Patrocinado_Blog,Almagro S.A,Blog,Indico,I-ALM-1453,1995,143,600000,68856.0,Coincide,Match cartola + proyecto,600000,Facturas Meta/Cartola TC/MovFacturadosInternacionales_94840000-6_9-6-2026.xls
2026-06,Almagro Inmobiliaria,2026-06-02,02/06/2026,MYWKGTZ5E2,0206 74987506153000806715085,26944250811926942-26944250895260267,FB_Almagro_Patrocinado_Blog,Almagro S.A,Blog,Insigne,I-ALM-2157,1995,143,600000,68856.0,Coincide,Match cartola + proyecto,600000,Facturas Meta/Cartola TC/MovFacturadosInternacionales_94840000-6_9-6-2026.xls
2026-06,Almagro Inmobiliaria,2026-06-02,02/06/2026,MYWKGTZ5E2,0206 74987506153000806715085,26944250811926942-26944250895260267,FB_Almagro_Patrocinado_Blog,Almagro S.A,Blog,Los Cactus,I-ALM-2342,1995,142,600000,68856.0,Coincide,Match cartola + proyecto,600000,Facturas Meta/Cartola TC/MovFacturadosInternacionales_94840000-6_9-6-2026.xls
2026-06,Almagro Inmobiliaria,2026-06-02,02/06/2026,MYWKGTZ5E2,0206 74987506153000806715085,26944250811926942-26944250895260267,FB_Almagro_Patrocinado_Blog,Almagro S.A,Blog,Lyon Bilbao,I-ALM-2211,1995,142,600000,68856.0,Coincide,Match cartola + proyecto,600000,Facturas Meta/Cartola TC/MovFacturadosInternacionales_94840000-6_9-6-2026.xls
2026-06,Almagro Inmobiliaria,2026-06-02,02/06/2026,MYWKGTZ5E2,0206 74987506153000806715085,26944250811926942-26944250895260267,FB_Almagro_Patrocinado_Blog,Arcilla Roja,Blog,PLP 1,I-ALM-2226,1995,142,600000,68856.0,Coincide,Match cartola + proyecto,600000,Facturas Meta/Cartola TC/MovFacturadosInternacionales_94840000-6_9-6-2026.xls
2026-06,Almagro Inmobiliaria,2026-06-02,02/06/2026,MYWKGTZ5E2,0206 74987506153000806715085,26944250811926942-26944250895260267,FB_Almagro_Patrocinado_Blog,Arcilla Roja,Blog,PLP 2,I-ALM-2306,1995,142,600000,68856.0,Coincide,Match cartola + proyecto,600000,Facturas Meta/Cartola TC/MovFacturadosInternacionales_94840000-6_9-6-2026.xls
2026-06,Almagro Inmobiliaria,2026-06-02,02/06/2026,MYWKGTZ5E2,0206 74987506153000806715085,26944250811926942-26944250895260267,FB_Almagro_Patrocinado_Blog,Almagro S.A,Blog,Parque Brasil,I-ALM-2285,1995,142,600000,68856.0,Coincide,Match cartola + proyecto,600000,Facturas Meta/Cartola TC/MovFacturadosInternacionales_94840000-6_9-6-2026.xls
2026-06,Almagro Inmobiliaria,2026-06-02,02/06/2026,MYWKGTZ5E2,0206 74987506153000806715085,26944250811926942-26944250895260267,FB_Almagro_Patrocinado_Blog,Arcilla Roja,Blog,Rengo,I-ALM-2288,1995,142,600000,68856.0,Coincide,Match cartola + proyecto,600000,Facturas Meta/Cartola TC/MovFacturadosInternacionales_94840000-6_9-6-2026.xls
2026-06,Almagro Inmobiliaria,2026-06-02,02/06/2026,MYWKGTZ5E2,0206 74987506153000806715085,26944250811926942-26944250895260267,FB_Almagro_Patrocinado_Blog,Almagro S.A,Blog,San Eugenio 2,I-ALM-2227,1995,142,600000,68856.0,Coincide,Match cartola + proyecto,600000,Facturas Meta/Cartola TC/MovFacturadosInternacionales_94840000-6_9-6-2026.xls
2026-06,Almagro Inmobiliaria,2026-06-02,02/06/2026,MYWKGTZ5E2,0206 74987506153000806715085,26944250811926942-26944250895260267,FB_Almagro_TuDeptoEsTuPie,Madagascar,PPP,Almagro District,I-ALM-2399,23565,1684,600000,68856.0,Coincide,Match cartola + proyecto,600000,Facturas Meta/Cartola TC/MovFacturadosInternacionales_94840000-6_9-6-2026.xls
2026-06,Almagro Inmobiliaria,2026-06-02,02/06/2026,MYWKGTZ5E2,0206 74987506153000806715085,26944250811926942-26944250895260267,FB_Almagro_TuDeptoEsTuPie,Arcilla Roja,PPP,Almagro Hub,I-ALM-2189,23565,1684,600000,68856.0,Coincide,Match cartola + proyecto,600000,Facturas Meta/Cartola TC/MovFacturadosInternacionales_94840000-6_9-6-2026.xls
2026-06,Almagro Inmobiliaria,2026-06-02,02/06/2026,MYWKGTZ5E2,0206 74987506153000806715085,26944250811926942-26944250895260267,FB_Almagro_TuDeptoEsTuPie,Almagro S.A,PPP,Almagro Plus,I-ALM-2234,23565,1684,600000,68856.0,Coincide,Match cartola + proyecto,600000,Facturas Meta/Cartola TC/MovFacturadosInternacionales_94840000-6_9-6-2026.xls
2026-06,Almagro Inmobiliaria,2026-06-02,02/06/2026,MYWKGTZ5E2,0206 74987506153000806715085,26944250811926942-26944250895260267,FB_Almagro_TuDeptoEsTuPie,Almagro S.A,PPP,Balance,I-ALM-2358,23565,1683,600000,68856.0,Coincide,Match cartola + proyecto,600000,Facturas Meta/Cartola TC/MovFacturadosInternacionales_94840000-6_9-6-2026.xls
2026-06,Almagro Inmobiliaria,2026-06-02,02/06/2026,MYWKGTZ5E2,0206 74987506153000806715085,26944250811926942-26944250895260267,FB_Almagro_TuDeptoEsTuPie,Almagro S.A,PPP,Carrera 4,I-ALM-2275,23565,1683,600000,68856.0,Coincide,Match cartola + proyecto,600000,Facturas Meta/Cartola TC/MovFacturadosInternacionales_94840000-6_9-6-2026.xls
2026-06,Almagro Inmobiliaria,2026-06-02,02/06/2026,MYWKGTZ5E2,0206 74987506153000806715085,26944250811926942-26944250895260267,FB_Almagro_TuDeptoEsTuPie,Almagro S.A,PPP,Indico,I-ALM-1453,23565,1683,600000,68856.0,Coincide,Match cartola + proyecto,600000,Facturas Meta/Cartola TC/MovFacturadosInternacionales_94840000-6_9-6-2026.xls
2026-06,Almagro Inmobiliaria,2026-06-02,02/06/2026,MYWKGTZ5E2,0206 74987506153000806715085,26944250811926942-26944250895260267,FB_Almagro_TuDeptoEsTuPie,Almagro S.A,PPP,Insigne,I-ALM-2157,23565,1683,600000,68856.0,Coincide,Match cartola + proyecto,600000,Facturas Meta/Cartola TC/MovFacturadosInternacionales_94840000-6_9-6-2026.xls
2026-06,Almagro Inmobiliaria,2026-06-02,02/06/2026,MYWKGTZ5E2,0206 74987506153000806715085,26944250811926942-26944250895260267,FB_Almagro_TuDeptoEsTuPie,Almagro S.A,PPP,Los Cactus,I-ALM-2342,23565,1683,600000,68856.0,Coincide,Match cartola + proyecto,600000,Facturas Meta/Cartola TC/MovFacturadosInternacionales_94840000-6_9-6-2026.xls
2026-06,Almagro Inmobiliaria,2026-06-02,02/06/2026,MYWKGTZ5E2,0206 74987506153000806715085,26944250811926942-26944250895260267,FB_Almagro_TuDeptoEsTuPie,Almagro S.A,PPP,Lyon Bilbao,I-ALM-2211,23565,1683,600000,68856.0,Coincide,Match cartola + proyecto,600000,Facturas Meta/Cartola TC/MovFacturadosInternacionales_94840000-6_9-6-2026.xls
2026-06,Almagro Inmobiliaria,2026-06-02,02/06/2026,MYWKGTZ5E2,0206 74987506153000806715085,26944250811926942-26944250895260267,FB_Almagro_TuDeptoEsTuPie,Arcilla Roja,PPP,PLP 1,I-ALM-2226,23565,1683,600000,68856.0,Coincide,Match cartola + proyecto,600000,Facturas Meta/Cartola TC/MovFacturadosInternacionales_94840000-6_9-6-2026.xls
2026-06,Almagro Inmobiliaria,2026-06-02,02/06/2026,MYWKGTZ5E2,0206 74987506153000806715085,26944250811926942-26944250895260267,FB_Almagro_TuDeptoEsTuPie,Arcilla Roja,PPP,PLP 2,I-ALM-2306,23565,1683,600000,68856.0,Coincide,Match cartola + proyecto,600000,Facturas Meta/Cartola TC/MovFacturadosInternacionales_94840000-6_9-6-2026.xls
2026-06,Almagro Inmobiliaria,2026-06-02,02/06/2026,MYWKGTZ5E2,0206 74987506153000806715085,26944250811926942-26944250895260267,FB_Almagro_TuDeptoEsTuPie,Almagro S.A,PPP,Parque Brasil,I-ALM-2285,23565,1683,600000,68856.0,Coincide,Match cartola + proyecto,600000,Facturas Meta/Cartola TC/MovFacturadosInternacionales_94840000-6_9-6-2026.xls
2026-06,Almagro Inmobiliaria,2026-06-02,02/06/2026,MYWKGTZ5E2,0206 74987506153000806715085,26944250811926942-26944250895260267,FB_Almagro_TuDeptoEsTuPie,Arcilla Roja,PPP,Rengo,I-ALM-2288,23565,1683,600000,68856.0,Coincide,Match cartola + proyecto,600000,Facturas Meta/Cartola TC/MovFacturadosInternacionales_94840000-6_9-6-2026.xls
2026-06,Almagro Inmobiliaria,2026-06-02,02/06/2026,MYWKGTZ5E2,0206 74987506153000806715085,26944250811926942-26944250895260267,FB_Almagro_TuDeptoEsTuPie,Almagro S.A,PPP,San Eugenio 2,I-ALM-2227,23565,1683,600000,68856.0,Coincide,Match cartola + proyecto,600000,Facturas Meta/Cartola TC/MovFacturadosInternacionales_94840000-6_9-6-2026.xls
2026-06,Almagro Inmobiliaria,2026-06-01,01/06/2026,X3U5MRV6E2,0206 74987506152003608702062,26993498367002184-26925750043777022,FB_AOL_Antofagasta_AlmagroTerra,Almagro S.A,Antofagasta,Almagro Terra,I-ALM-2360,9011,9011,600000,69102.0,Coincide,Match cartola + proyecto,600000,Facturas Meta/Cartola TC/MovFacturadosInternacionales_94840000-6_9-6-2026.xls
2026-06,Almagro Inmobiliaria,2026-06-01,01/06/2026,X3U5MRV6E2,0206 74987506152003608702062,26993498367002184-26925750043777022,FB_AOL_Antofagasta_Indico,Almagro S.A,Antofagasta,Indico,I-ALM-1453,13548,13548,600000,69102.0,Coincide,Match cartola + proyecto,600000,Facturas Meta/Cartola TC/MovFacturadosInternacionales_94840000-6_9-6-2026.xls
2026-06,Almagro Inmobiliaria,2026-06-01,01/06/2026,X3U5MRV6E2,0206 74987506152003608702062,26993498367002184-26925750043777022,FB_AOL_Antofagasta_ParqueBrasil,Almagro S.A,Antofagasta,Parque Brasil,I-ALM-2285,9292,9292,600000,69102.0,Coincide,Match cartola + proyecto,600000,Facturas Meta/Cartola TC/MovFacturadosInternacionales_94840000-6_9-6-2026.xls
2026-06,Almagro Inmobiliaria,2026-06-01,01/06/2026,X3U5MRV6E2,0206 74987506152003608702062,26993498367002184-26925750043777022,FB_AOL_Santiago_AlmagroDistrict,Madagascar,Las Condes,Almagro District,I-ALM-2399,4179,4179,600000,69102.0,Coincide,Match cartola + proyecto,600000,Facturas Meta/Cartola TC/MovFacturadosInternacionales_94840000-6_9-6-2026.xls
2026-06,Almagro Inmobiliaria,2026-06-01,01/06/2026,X3U5MRV6E2,0206 74987506152003608702062,26993498367002184-26925750043777022,FB_AOL_Santiago_AlmagroHub,Arcilla Roja,Providencia,Almagro Hub,I-ALM-2189,4067,4067,600000,69102.0,Coincide,Match cartola + proyecto,600000,Facturas Meta/Cartola TC/MovFacturadosInternacionales_94840000-6_9-6-2026.xls
2026-06,Almagro Inmobiliaria,2026-06-01,01/06/2026,X3U5MRV6E2,0206 74987506152003608702062,26993498367002184-26925750043777022,FB_AOL_Santiago_AlmagroPlus,Almagro S.A,Almagro Plus,Almagro Plus,I-ALM-2234,8580,8580,600000,69102.0,Coincide,Match cartola + proyecto,600000,Facturas Meta/Cartola TC/MovFacturadosInternacionales_94840000-6_9-6-2026.xls
2026-06,Almagro Inmobiliaria,2026-06-01,01/06/2026,X3U5MRV6E2,0206 74987506152003608702062,26993498367002184-26925750043777022,FB_AOL_Santiago_Balance,Almagro S.A,Providencia,Balance,I-ALM-2358,6118,6118,600000,69102.0,Coincide,Match cartola + proyecto,600000,Facturas Meta/Cartola TC/MovFacturadosInternacionales_94840000-6_9-6-2026.xls
2026-06,Almagro Inmobiliaria,2026-06-01,01/06/2026,X3U5MRV6E2,0206 74987506152003608702062,26993498367002184-26925750043777022,FB_AOL_Santiago_Carrera_IV,Almagro S.A,Santiago Centro,Carrera 4,I-ALM-2275,10268,10268,600000,69102.0,Coincide,Match cartola + proyecto,600000,Facturas Meta/Cartola TC/MovFacturadosInternacionales_94840000-6_9-6-2026.xls
2026-06,Almagro Inmobiliaria,2026-06-01,01/06/2026,X3U5MRV6E2,0206 74987506152003608702062,26993498367002184-26925750043777022,FB_AOL_Santiago_Insigne,Almagro S.A,Macul,Insigne,I-ALM-2157,11442,11442,600000,69102.0,Coincide,Match cartola + proyecto,600000,Facturas Meta/Cartola TC/MovFacturadosInternacionales_94840000-6_9-6-2026.xls
2026-06,Almagro Inmobiliaria,2026-06-01,01/06/2026,X3U5MRV6E2,0206 74987506152003608702062,26993498367002184-26925750043777022,FB_AOL_Santiago_LosCactus,Almagro S.A,Lo Barnechea,Los Cactus,I-ALM-2342,4660,4660,600000,69102.0,Coincide,Match cartola + proyecto,600000,Facturas Meta/Cartola TC/MovFacturadosInternacionales_94840000-6_9-6-2026.xls
2026-06,Almagro Inmobiliaria,2026-06-01,01/06/2026,X3U5MRV6E2,0206 74987506152003608702062,26993498367002184-26925750043777022,FB_AOL_Santiago_LyonBilbao,Almagro S.A,Providencia,Lyon Bilbao,I-ALM-2211,4181,4181,600000,69102.0,Coincide,Match cartola + proyecto,600000,Facturas Meta/Cartola TC/MovFacturadosInternacionales_94840000-6_9-6-2026.xls
2026-06,Almagro Inmobiliaria,2026-06-01,01/06/2026,X3U5MRV6E2,0206 74987506152003608702062,26993498367002184-26925750043777022,FB_AOL_Santiago_PadreLePaige,Arcilla Roja,Las Condes,PLP 1,I-ALM-2226,4583,4583,600000,69102.0,Coincide,Match cartola + proyecto,600000,Facturas Meta/Cartola TC/MovFacturadosInternacionales_94840000-6_9-6-2026.xls
2026-06,Almagro Inmobiliaria,2026-06-01,01/06/2026,X3U5MRV6E2,0206 74987506152003608702062,26993498367002184-26925750043777022,FB_AOL_Santiago_PadreLePaige_Etapa2,Arcilla Roja,Las Condes,PLP 2,I-ALM-2306,4534,4534,600000,69102.0,Coincide,Match cartola + proyecto,600000,Facturas Meta/Cartola TC/MovFacturadosInternacionales_94840000-6_9-6-2026.xls
2026-06,Almagro Inmobiliaria,2026-06-01,01/06/2026,X3U5MRV6E2,0206 74987506152003608702062,26993498367002184-26925750043777022,FB_AOL_Santiago_Rengo,Arcilla Roja,Providencia,Rengo,I-ALM-2288,7685,7685,600000,69102.0,Coincide,Match cartola + proyecto,600000,Facturas Meta/Cartola TC/MovFacturadosInternacionales_94840000-6_9-6-2026.xls
2026-06,Almagro Inmobiliaria,2026-06-01,01/06/2026,X3U5MRV6E2,0206 74987506152003608702062,26993498367002184-26925750043777022,FB_AOL_Santiago_SanEugenio,Almagro S.A,Ñuñoa,San Eugenio 2,I-ALM-2227,11229,11229,600000,69102.0,Coincide,Match cartola + proyecto,600000,Facturas Meta/Cartola TC/MovFacturadosInternacionales_94840000-6_9-6-2026.xls
2026-06,Almagro Inmobiliaria,2026-06-01,01/06/2026,X3U5MRV6E2,0206 74987506152003608702062,26993498367002184-26925750043777022,FB_AOT_Antofagasta_AlmagroTerra,Almagro S.A,Antofagasta,Almagro Terra,I-ALM-2360,26345,26345,600000,69102.0,Coincide,Match cartola + proyecto,600000,Facturas Meta/Cartola TC/MovFacturadosInternacionales_94840000-6_9-6-2026.xls
2026-06,Almagro Inmobiliaria,2026-06-01,01/06/2026,X3U5MRV6E2,0206 74987506152003608702062,26993498367002184-26925750043777022,FB_AOT_Antofagasta_ParqueBrasil,Almagro S.A,Antofagasta,Parque Brasil,I-ALM-2285,28300,28300,600000,69102.0,Coincide,Match cartola + proyecto,600000,Facturas Meta/Cartola TC/MovFacturadosInternacionales_94840000-6_9-6-2026.xls
2026-06,Almagro Inmobiliaria,2026-06-01,01/06/2026,X3U5MRV6E2,0206 74987506152003608702062,26993498367002184-26925750043777022,FB_AOT_Antofagasta_ValleDelMar,Almagro S.A,Antofagasta,Valle del Mar,I-ALM-1453,27976,27976,600000,69102.0,Coincide,Match cartola + proyecto,600000,Facturas Meta/Cartola TC/MovFacturadosInternacionales_94840000-6_9-6-2026.xls
2026-06,Almagro Inmobiliaria,2026-06-01,01/06/2026,X3U5MRV6E2,0206 74987506152003608702062,26993498367002184-26925750043777022,FB_AOT_Inversionistas,Almagro S.A,Santiago,Insigne,I-ALM-2157,62088,62088,600000,69102.0,Coincide,Match cartola + proyecto,600000,Facturas Meta/Cartola TC/MovFacturadosInternacionales_94840000-6_9-6-2026.xls
2026-06,Almagro Inmobiliaria,2026-06-01,01/06/2026,X3U5MRV6E2,0206 74987506152003608702062,26993498367002184-26925750043777022,FB_AOT_Santiago_AlmagroPlus,Almagro S.A,Ñuñoa,Almagro Plus,I-ALM-2234,30774,30774,600000,69102.0,Coincide,Match cartola + proyecto,600000,Facturas Meta/Cartola TC/MovFacturadosInternacionales_94840000-6_9-6-2026.xls
2026-06,Almagro Inmobiliaria,2026-06-01,01/06/2026,X3U5MRV6E2,0206 74987506152003608702062,26993498367002184-26925750043777022,FB_AOT_Santiago_Carrera_IV,Almagro S.A,Santiago,Carrera 4,I-ALM-2275,32308,32308,600000,69102.0,Coincide,Match cartola + proyecto,600000,Facturas Meta/Cartola TC/MovFacturadosInternacionales_94840000-6_9-6-2026.xls
2026-06,Almagro Inmobiliaria,2026-06-01,01/06/2026,X3U5MRV6E2,0206 74987506152003608702062,26993498367002184-26925750043777022,FB_AOT_Santiago_Insigne,Almagro S.A,Macul,Insigne,I-ALM-2157,31817,31817,600000,69102.0,Coincide,Match cartola + proyecto,600000,Facturas Meta/Cartola TC/MovFacturadosInternacionales_94840000-6_9-6-2026.xls
2026-06,Almagro Inmobiliaria,2026-06-01,01/06/2026,X3U5MRV6E2,0206 74987506152003608702062,26993498367002184-26925750043777022,FB_AOT_Santiago_SanEugenio,Almagro S.A,Santiago,San Eugenio 2,I-ALM-2227,27158,27158,600000,69102.0,Coincide,Match cartola + proyecto,600000,Facturas Meta/Cartola TC/MovFacturadosInternacionales_94840000-6_9-6-2026.xls
2026-06,Almagro Inmobiliaria,2026-06-01,01/06/2026,X3U5MRV6E2,0206 74987506152003608702062,26993498367002184-26925750043777022,FB_AOT_Santiago_Signature,Almagro S.A,Santiago,Signature,I-ALM-2354,8604,8604,600000,69102.0,Coincide,Match cartola + proyecto,600000,Facturas Meta/Cartola TC/MovFacturadosInternacionales_94840000-6_9-6-2026.xls
2026-06,Almagro Inmobiliaria,2026-06-01,01/06/2026,X3U5MRV6E2,0206 74987506152003608702062,26993498367002184-26925750043777022,FB_Advantage_Almagro,Arcilla Roja,AON,Almagro Hub,I-ALM-2189,105568,13196,600000,69102.0,Coincide,Match cartola + proyecto,600000,Facturas Meta/Cartola TC/MovFacturadosInternacionales_94840000-6_9-6-2026.xls
2026-06,Almagro Inmobiliaria,2026-06-01,01/06/2026,X3U5MRV6E2,0206 74987506152003608702062,26993498367002184-26925750043777022,FB_Advantage_Almagro,Almagro S.A,AON,Carrera 4,I-ALM-2275,105568,13196,600000,69102.0,Coincide,Match cartola + proyecto,600000,Facturas Meta/Cartola TC/MovFacturadosInternacionales_94840000-6_9-6-2026.xls
2026-06,Almagro Inmobiliaria,2026-06-01,01/06/2026,X3U5MRV6E2,0206 74987506152003608702062,26993498367002184-26925750043777022,FB_Advantage_Almagro,Almagro S.A,AON,Indico,I-ALM-1453,105568,13196,600000,69102.0,Coincide,Match cartola + proyecto,600000,Facturas Meta/Cartola TC/MovFacturadosInternacionales_94840000-6_9-6-2026.xls
2026-06,Almagro Inmobiliaria,2026-06-01,01/06/2026,X3U5MRV6E2,0206 74987506152003608702062,26993498367002184-26925750043777022,FB_Advantage_Almagro,Almagro S.A,AON,Los Cactus,I-ALM-2342,105568,13196,600000,69102.0,Coincide,Match cartola + proyecto,600000,Facturas Meta/Cartola TC/MovFacturadosInternacionales_94840000-6_9-6-2026.xls
2026-06,Almagro Inmobiliaria,2026-06-01,01/06/2026,X3U5MRV6E2,0206 74987506152003608702062,26993498367002184-26925750043777022,FB_Advantage_Almagro,Almagro S.A,AON,Lyon Bilbao,I-ALM-2211,105568,13196,600000,69102.0,Coincide,Match cartola + proyecto,600000,Facturas Meta/Cartola TC/MovFacturadosInternacionales_94840000-6_9-6-2026.xls
2026-06,Almagro Inmobiliaria,2026-06-01,01/06/2026,X3U5MRV6E2,0206 74987506152003608702062,26993498367002184-26925750043777022,FB_Advantage_Almagro,Arcilla Roja,AON,PLP 1,I-ALM-2226,105568,13196,600000,69102.0,Coincide,Match cartola + proyecto,600000,Facturas Meta/Cartola TC/MovFacturadosInternacionales_94840000-6_9-6-2026.xls
2026-06,Almagro Inmobiliaria,2026-06-01,01/06/2026,X3U5MRV6E2,0206 74987506152003608702062,26993498367002184-26925750043777022,FB_Advantage_Almagro,Arcilla Roja,AON,PLP 2,I-ALM-2306,105568,13196,600000,69102.0,Coincide,Match cartola + proyecto,600000,Facturas Meta/Cartola TC/MovFacturadosInternacionales_94840000-6_9-6-2026.xls
2026-06,Almagro Inmobiliaria,2026-06-01,01/06/2026,X3U5MRV6E2,0206 74987506152003608702062,26993498367002184-26925750043777022,FB_Advantage_Almagro,Almagro S.A,AON,San Eugenio 2,I-ALM-2227,105568,13196,600000,69102.0,Coincide,Match cartola + proyecto,600000,Facturas Meta/Cartola TC/MovFacturadosInternacionales_94840000-6_9-6-2026.xls
2026-06,Almagro Inmobiliaria,2026-06-01,01/06/2026,X3U5MRV6E2,0206 74987506152003608702062,26993498367002184-26925750043777022,FB_Almagro_Awareness,Madagascar,Marca,Almagro District,I-ALM-2399,74142,5296,600000,69102.0,Coincide,Match cartola + proyecto,600000,Facturas Meta/Cartola TC/MovFacturadosInternacionales_94840000-6_9-6-2026.xls
2026-06,Almagro Inmobiliaria,2026-06-01,01/06/2026,X3U5MRV6E2,0206 74987506152003608702062,26993498367002184-26925750043777022,FB_Almagro_Awareness,Arcilla Roja,Marca,Almagro Hub,I-ALM-2189,74142,5296,600000,69102.0,Coincide,Match cartola + proyecto,600000,Facturas Meta/Cartola TC/MovFacturadosInternacionales_94840000-6_9-6-2026.xls
2026-06,Almagro Inmobiliaria,2026-06-01,01/06/2026,X3U5MRV6E2,0206 74987506152003608702062,26993498367002184-26925750043777022,FB_Almagro_Awareness,Almagro S.A,Marca,Almagro Plus,I-ALM-2234,74142,5296,600000,69102.0,Coincide,Match cartola + proyecto,600000,Facturas Meta/Cartola TC/MovFacturadosInternacionales_94840000-6_9-6-2026.xls
2026-06,Almagro Inmobiliaria,2026-06-01,01/06/2026,X3U5MRV6E2,0206 74987506152003608702062,26993498367002184-26925750043777022,FB_Almagro_Awareness,Almagro S.A,Marca,Balance,I-ALM-2358,74142,5296,600000,69102.0,Coincide,Match cartola + proyecto,600000,Facturas Meta/Cartola TC/MovFacturadosInternacionales_94840000-6_9-6-2026.xls
2026-06,Almagro Inmobiliaria,2026-06-01,01/06/2026,X3U5MRV6E2,0206 74987506152003608702062,26993498367002184-26925750043777022,FB_Almagro_Awareness,Almagro S.A,Marca,Carrera 4,I-ALM-2275,74142,5296,600000,69102.0,Coincide,Match cartola + proyecto,600000,Facturas Meta/Cartola TC/MovFacturadosInternacionales_94840000-6_9-6-2026.xls
2026-06,Almagro Inmobiliaria,2026-06-01,01/06/2026,X3U5MRV6E2,0206 74987506152003608702062,26993498367002184-26925750043777022,FB_Almagro_Awareness,Almagro S.A,Marca,Indico,I-ALM-1453,74142,5296,600000,69102.0,Coincide,Match cartola + proyecto,600000,Facturas Meta/Cartola TC/MovFacturadosInternacionales_94840000-6_9-6-2026.xls
2026-06,Almagro Inmobiliaria,2026-06-01,01/06/2026,X3U5MRV6E2,0206 74987506152003608702062,26993498367002184-26925750043777022,FB_Almagro_Awareness,Almagro S.A,Marca,Insigne,I-ALM-2157,74142,5296,600000,69102.0,Coincide,Match cartola + proyecto,600000,Facturas Meta/Cartola TC/MovFacturadosInternacionales_94840000-6_9-6-2026.xls
2026-06,Almagro Inmobiliaria,2026-06-01,01/06/2026,X3U5MRV6E2,0206 74987506152003608702062,26993498367002184-26925750043777022,FB_Almagro_Awareness,Almagro S.A,Marca,Los Cactus,I-ALM-2342,74142,5296,600000,69102.0,Coincide,Match cartola + proyecto,600000,Facturas Meta/Cartola TC/MovFacturadosInternacionales_94840000-6_9-6-2026.xls
2026-06,Almagro Inmobiliaria,2026-06-01,01/06/2026,X3U5MRV6E2,0206 74987506152003608702062,26993498367002184-26925750043777022,FB_Almagro_Awareness,Almagro S.A,Marca,Lyon Bilbao,I-ALM-2211,74142,5296,600000,69102.0,Coincide,Match cartola + proyecto,600000,Facturas Meta/Cartola TC/MovFacturadosInternacionales_94840000-6_9-6-2026.xls
2026-06,Almagro Inmobiliaria,2026-06-01,01/06/2026,X3U5MRV6E2,0206 74987506152003608702062,26993498367002184-26925750043777022,FB_Almagro_Awareness,Arcilla Roja,Marca,PLP 1,I-ALM-2226,74142,5296,600000,69102.0,Coincide,Match cartola + proyecto,600000,Facturas Meta/Cartola TC/MovFacturadosInternacionales_94840000-6_9-6-2026.xls
2026-06,Almagro Inmobiliaria,2026-06-01,01/06/2026,X3U5MRV6E2,0206 74987506152003608702062,26993498367002184-26925750043777022,FB_Almagro_Awareness,Arcilla Roja,Marca,PLP 2,I-ALM-2306,74142,5296,600000,69102.0,Coincide,Match cartola + proyecto,600000,Facturas Meta/Cartola TC/MovFacturadosInternacionales_94840000-6_9-6-2026.xls
2026-06,Almagro Inmobiliaria,2026-06-01,01/06/2026,X3U5MRV6E2,0206 74987506152003608702062,26993498367002184-26925750043777022,FB_Almagro_Awareness,Almagro S.A,Marca,Parque Brasil,I-ALM-2285,74142,5296,600000,69102.0,Coincide,Match cartola + proyecto,600000,Facturas Meta/Cartola TC/MovFacturadosInternacionales_94840000-6_9-6-2026.xls
2026-06,Almagro Inmobiliaria,2026-06-01,01/06/2026,X3U5MRV6E2,0206 74987506152003608702062,26993498367002184-26925750043777022,FB_Almagro_Awareness,Arcilla Roja,Marca,Rengo,I-ALM-2288,74142,5295,600000,69102.0,Coincide,Match cartola + proyecto,600000,Facturas Meta/Cartola TC/MovFacturadosInternacionales_94840000-6_9-6-2026.xls
2026-06,Almagro Inmobiliaria,2026-06-01,01/06/2026,X3U5MRV6E2,0206 74987506152003608702062,26993498367002184-26925750043777022,FB_Almagro_Awareness,Almagro S.A,Marca,San Eugenio 2,I-ALM-2227,74142,5295,600000,69102.0,Coincide,Match cartola + proyecto,600000,Facturas Meta/Cartola TC/MovFacturadosInternacionales_94840000-6_9-6-2026.xls
2026-06,Almagro Inmobiliaria,2026-06-01,01/06/2026,X3U5MRV6E2,0206 74987506152003608702062,26993498367002184-26925750043777022,FB_Almagro_Patrocinado_Blog,Madagascar,Blog,Almagro District,I-ALM-2399,2613,187,600000,69102.0,Coincide,Match cartola + proyecto,600000,Facturas Meta/Cartola TC/MovFacturadosInternacionales_94840000-6_9-6-2026.xls
2026-06,Almagro Inmobiliaria,2026-06-01,01/06/2026,X3U5MRV6E2,0206 74987506152003608702062,26993498367002184-26925750043777022,FB_Almagro_Patrocinado_Blog,Arcilla Roja,Blog,Almagro Hub,I-ALM-2189,2613,187,600000,69102.0,Coincide,Match cartola + proyecto,600000,Facturas Meta/Cartola TC/MovFacturadosInternacionales_94840000-6_9-6-2026.xls
2026-06,Almagro Inmobiliaria,2026-06-01,01/06/2026,X3U5MRV6E2,0206 74987506152003608702062,26993498367002184-26925750043777022,FB_Almagro_Patrocinado_Blog,Almagro S.A,Blog,Almagro Plus,I-ALM-2234,2613,187,600000,69102.0,Coincide,Match cartola + proyecto,600000,Facturas Meta/Cartola TC/MovFacturadosInternacionales_94840000-6_9-6-2026.xls
2026-06,Almagro Inmobiliaria,2026-06-01,01/06/2026,X3U5MRV6E2,0206 74987506152003608702062,26993498367002184-26925750043777022,FB_Almagro_Patrocinado_Blog,Almagro S.A,Blog,Balance,I-ALM-2358,2613,187,600000,69102.0,Coincide,Match cartola + proyecto,600000,Facturas Meta/Cartola TC/MovFacturadosInternacionales_94840000-6_9-6-2026.xls
2026-06,Almagro Inmobiliaria,2026-06-01,01/06/2026,X3U5MRV6E2,0206 74987506152003608702062,26993498367002184-26925750043777022,FB_Almagro_Patrocinado_Blog,Almagro S.A,Blog,Carrera 4,I-ALM-2275,2613,187,600000,69102.0,Coincide,Match cartola + proyecto,600000,Facturas Meta/Cartola TC/MovFacturadosInternacionales_94840000-6_9-6-2026.xls
2026-06,Almagro Inmobiliaria,2026-06-01,01/06/2026,X3U5MRV6E2,0206 74987506152003608702062,26993498367002184-26925750043777022,FB_Almagro_Patrocinado_Blog,Almagro S.A,Blog,Indico,I-ALM-1453,2613,187,600000,69102.0,Coincide,Match cartola + proyecto,600000,Facturas Meta/Cartola TC/MovFacturadosInternacionales_94840000-6_9-6-2026.xls
2026-06,Almagro Inmobiliaria,2026-06-01,01/06/2026,X3U5MRV6E2,0206 74987506152003608702062,26993498367002184-26925750043777022,FB_Almagro_Patrocinado_Blog,Almagro S.A,Blog,Insigne,I-ALM-2157,2613,187,600000,69102.0,Coincide,Match cartola + proyecto,600000,Facturas Meta/Cartola TC/MovFacturadosInternacionales_94840000-6_9-6-2026.xls
2026-06,Almagro Inmobiliaria,2026-06-01,01/06/2026,X3U5MRV6E2,0206 74987506152003608702062,26993498367002184-26925750043777022,FB_Almagro_Patrocinado_Blog,Almagro S.A,Blog,Los Cactus,I-ALM-2342,2613,187,600000,69102.0,Coincide,Match cartola + proyecto,600000,Facturas Meta/Cartola TC/MovFacturadosInternacionales_94840000-6_9-6-2026.xls
2026-06,Almagro Inmobiliaria,2026-06-01,01/06/2026,X3U5MRV6E2,0206 74987506152003608702062,26993498367002184-26925750043777022,FB_Almagro_Patrocinado_Blog,Almagro S.A,Blog,Lyon Bilbao,I-ALM-2211,2613,187,600000,69102.0,Coincide,Match cartola + proyecto,600000,Facturas Meta/Cartola TC/MovFacturadosInternacionales_94840000-6_9-6-2026.xls
2026-06,Almagro Inmobiliaria,2026-06-01,01/06/2026,X3U5MRV6E2,0206 74987506152003608702062,26993498367002184-26925750043777022,FB_Almagro_Patrocinado_Blog,Arcilla Roja,Blog,PLP 1,I-ALM-2226,2613,186,600000,69102.0,Coincide,Match cartola + proyecto,600000,Facturas Meta/Cartola TC/MovFacturadosInternacionales_94840000-6_9-6-2026.xls
2026-06,Almagro Inmobiliaria,2026-06-01,01/06/2026,X3U5MRV6E2,0206 74987506152003608702062,26993498367002184-26925750043777022,FB_Almagro_Patrocinado_Blog,Arcilla Roja,Blog,PLP 2,I-ALM-2306,2613,186,600000,69102.0,Coincide,Match cartola + proyecto,600000,Facturas Meta/Cartola TC/MovFacturadosInternacionales_94840000-6_9-6-2026.xls
2026-06,Almagro Inmobiliaria,2026-06-01,01/06/2026,X3U5MRV6E2,0206 74987506152003608702062,26993498367002184-26925750043777022,FB_Almagro_Patrocinado_Blog,Almagro S.A,Blog,Parque Brasil,I-ALM-2285,2613,186,600000,69102.0,Coincide,Match cartola + proyecto,600000,Facturas Meta/Cartola TC/MovFacturadosInternacionales_94840000-6_9-6-2026.xls
2026-06,Almagro Inmobiliaria,2026-06-01,01/06/2026,X3U5MRV6E2,0206 74987506152003608702062,26993498367002184-26925750043777022,FB_Almagro_Patrocinado_Blog,Arcilla Roja,Blog,Rengo,I-ALM-2288,2613,186,600000,69102.0,Coincide,Match cartola + proyecto,600000,Facturas Meta/Cartola TC/MovFacturadosInternacionales_94840000-6_9-6-2026.xls
2026-06,Almagro Inmobiliaria,2026-06-01,01/06/2026,X3U5MRV6E2,0206 74987506152003608702062,26993498367002184-26925750043777022,FB_Almagro_Patrocinado_Blog,Almagro S.A,Blog,San Eugenio 2,I-ALM-2227,2613,186,600000,69102.0,Coincide,Match cartola + proyecto,600000,Facturas Meta/Cartola TC/MovFacturadosInternacionales_94840000-6_9-6-2026.xls
2026-06,Almagro Inmobiliaria,2026-06-01,01/06/2026,X3U5MRV6E2,0206 74987506152003608702062,26993498367002184-26925750043777022,FB_Almagro_TuDeptoEsTuPie,Madagascar,PPP,Almagro District,I-ALM-2399,28930,2067,600000,69102.0,Coincide,Match cartola + proyecto,600000,Facturas Meta/Cartola TC/MovFacturadosInternacionales_94840000-6_9-6-2026.xls
2026-06,Almagro Inmobiliaria,2026-06-01,01/06/2026,X3U5MRV6E2,0206 74987506152003608702062,26993498367002184-26925750043777022,FB_Almagro_TuDeptoEsTuPie,Arcilla Roja,PPP,Almagro Hub,I-ALM-2189,28930,2067,600000,69102.0,Coincide,Match cartola + proyecto,600000,Facturas Meta/Cartola TC/MovFacturadosInternacionales_94840000-6_9-6-2026.xls
2026-06,Almagro Inmobiliaria,2026-06-01,01/06/2026,X3U5MRV6E2,0206 74987506152003608702062,26993498367002184-26925750043777022,FB_Almagro_TuDeptoEsTuPie,Almagro S.A,PPP,Almagro Plus,I-ALM-2234,28930,2067,600000,69102.0,Coincide,Match cartola + proyecto,600000,Facturas Meta/Cartola TC/MovFacturadosInternacionales_94840000-6_9-6-2026.xls
2026-06,Almagro Inmobiliaria,2026-06-01,01/06/2026,X3U5MRV6E2,0206 74987506152003608702062,26993498367002184-26925750043777022,FB_Almagro_TuDeptoEsTuPie,Almagro S.A,PPP,Balance,I-ALM-2358,28930,2067,600000,69102.0,Coincide,Match cartola + proyecto,600000,Facturas Meta/Cartola TC/MovFacturadosInternacionales_94840000-6_9-6-2026.xls
2026-06,Almagro Inmobiliaria,2026-06-01,01/06/2026,X3U5MRV6E2,0206 74987506152003608702062,26993498367002184-26925750043777022,FB_Almagro_TuDeptoEsTuPie,Almagro S.A,PPP,Carrera 4,I-ALM-2275,28930,2067,600000,69102.0,Coincide,Match cartola + proyecto,600000,Facturas Meta/Cartola TC/MovFacturadosInternacionales_94840000-6_9-6-2026.xls
2026-06,Almagro Inmobiliaria,2026-06-01,01/06/2026,X3U5MRV6E2,0206 74987506152003608702062,26993498367002184-26925750043777022,FB_Almagro_TuDeptoEsTuPie,Almagro S.A,PPP,Indico,I-ALM-1453,28930,2067,600000,69102.0,Coincide,Match cartola + proyecto,600000,Facturas Meta/Cartola TC/MovFacturadosInternacionales_94840000-6_9-6-2026.xls
2026-06,Almagro Inmobiliaria,2026-06-01,01/06/2026,X3U5MRV6E2,0206 74987506152003608702062,26993498367002184-26925750043777022,FB_Almagro_TuDeptoEsTuPie,Almagro S.A,PPP,Insigne,I-ALM-2157,28930,2066,600000,69102.0,Coincide,Match cartola + proyecto,600000,Facturas Meta/Cartola TC/MovFacturadosInternacionales_94840000-6_9-6-2026.xls
2026-06,Almagro Inmobiliaria,2026-06-01,01/06/2026,X3U5MRV6E2,0206 74987506152003608702062,26993498367002184-26925750043777022,FB_Almagro_TuDeptoEsTuPie,Almagro S.A,PPP,Los Cactus,I-ALM-2342,28930,2066,600000,69102.0,Coincide,Match cartola + proyecto,600000,Facturas Meta/Cartola TC/MovFacturadosInternacionales_94840000-6_9-6-2026.xls
2026-06,Almagro Inmobiliaria,2026-06-01,01/06/2026,X3U5MRV6E2,0206 74987506152003608702062,26993498367002184-26925750043777022,FB_Almagro_TuDeptoEsTuPie,Almagro S.A,PPP,Lyon Bilbao,I-ALM-2211,28930,2066,600000,69102.0,Coincide,Match cartola + proyecto,600000,Facturas Meta/Cartola TC/MovFacturadosInternacionales_94840000-6_9-6-2026.xls
2026-06,Almagro Inmobiliaria,2026-06-01,01/06/2026,X3U5MRV6E2,0206 74987506152003608702062,26993498367002184-26925750043777022,FB_Almagro_TuDeptoEsTuPie,Arcilla Roja,PPP,PLP 1,I-ALM-2226,28930,2066,600000,69102.0,Coincide,Match cartola + proyecto,600000,Facturas Meta/Cartola TC/MovFacturadosInternacionales_94840000-6_9-6-2026.xls
2026-06,Almagro Inmobiliaria,2026-06-01,01/06/2026,X3U5MRV6E2,0206 74987506152003608702062,26993498367002184-26925750043777022,FB_Almagro_TuDeptoEsTuPie,Arcilla Roja,PPP,PLP 2,I-ALM-2306,28930,2066,600000,69102.0,Coincide,Match cartola + proyecto,600000,Facturas Meta/Cartola TC/MovFacturadosInternacionales_94840000-6_9-6-2026.xls
2026-06,Almagro Inmobiliaria,2026-06-01,01/06/2026,X3U5MRV6E2,0206 74987506152003608702062,26993498367002184-26925750043777022,FB_Almagro_TuDeptoEsTuPie,Almagro S.A,PPP,Parque Brasil,I-ALM-2285,28930,2066,600000,69102.0,Coincide,Match cartola + proyecto,600000,Facturas Meta/Cartola TC/MovFacturadosInternacionales_94840000-6_9-6-2026.xls
2026-06,Almagro Inmobiliaria,2026-06-01,01/06/2026,X3U5MRV6E2,0206 74987506152003608702062,26993498367002184-26925750043777022,FB_Almagro_TuDeptoEsTuPie,Arcilla Roja,PPP,Rengo,I-ALM-2288,28930,2066,600000,69102.0,Coincide,Match cartola + proyecto,600000,Facturas Meta/Cartola TC/MovFacturadosInternacionales_94840000-6_9-6-2026.xls
2026-06,Almagro Inmobiliaria,2026-06-01,01/06/2026,X3U5MRV6E2,0206 74987506152003608702062,26993498367002184-26925750043777022,FB_Almagro_TuDeptoEsTuPie,Almagro S.A,PPP,San Eugenio 2,I-ALM-2227,28930,2066,600000,69102.0,Coincide,Match cartola + proyecto,600000,Facturas Meta/Cartola TC/MovFacturadosInternacionales_94840000-6_9-6-2026.xls
2026-06,Almagro Inmobiliaria,2026-06-03,03/06/2026,PL8PCS56E2,0306 74987506153000741132081,26892894557062574-27012694748415879,FB_AOL_Antofagasta_AlmagroTerra,Almagro S.A,Antofagasta,Almagro Terra,I-ALM-2360,10643,10643,600000,69272.0,Coincide,Match cartola + proyecto,600000,Facturas Meta/Cartola TC/MovFacturadosInternacionales_94840000-6_9-6-2026.xls
2026-06,Almagro Inmobiliaria,2026-06-03,03/06/2026,PL8PCS56E2,0306 74987506153000741132081,26892894557062574-27012694748415879,FB_AOL_Antofagasta_Indico,Almagro S.A,Antofagasta,Indico,I-ALM-1453,15286,15286,600000,69272.0,Coincide,Match cartola + proyecto,600000,Facturas Meta/Cartola TC/MovFacturadosInternacionales_94840000-6_9-6-2026.xls
2026-06,Almagro Inmobiliaria,2026-06-03,03/06/2026,PL8PCS56E2,0306 74987506153000741132081,26892894557062574-27012694748415879,FB_AOL_Antofagasta_ParqueBrasil,Almagro S.A,Antofagasta,Parque Brasil,I-ALM-2285,8482,8482,600000,69272.0,Coincide,Match cartola + proyecto,600000,Facturas Meta/Cartola TC/MovFacturadosInternacionales_94840000-6_9-6-2026.xls
2026-06,Almagro Inmobiliaria,2026-06-03,03/06/2026,PL8PCS56E2,0306 74987506153000741132081,26892894557062574-27012694748415879,FB_AOL_Santiago_AlmagroDistrict,Madagascar,Las Condes,Almagro District,I-ALM-2399,5521,5521,600000,69272.0,Coincide,Match cartola + proyecto,600000,Facturas Meta/Cartola TC/MovFacturadosInternacionales_94840000-6_9-6-2026.xls
2026-06,Almagro Inmobiliaria,2026-06-03,03/06/2026,PL8PCS56E2,0306 74987506153000741132081,26892894557062574-27012694748415879,FB_AOL_Santiago_AlmagroHub,Arcilla Roja,Providencia,Almagro Hub,I-ALM-2189,6305,6305,600000,69272.0,Coincide,Match cartola + proyecto,600000,Facturas Meta/Cartola TC/MovFacturadosInternacionales_94840000-6_9-6-2026.xls
2026-06,Almagro Inmobiliaria,2026-06-03,03/06/2026,PL8PCS56E2,0306 74987506153000741132081,26892894557062574-27012694748415879,FB_AOL_Santiago_AlmagroPlus,Almagro S.A,Almagro Plus,Almagro Plus,I-ALM-2234,10050,10050,600000,69272.0,Coincide,Match cartola + proyecto,600000,Facturas Meta/Cartola TC/MovFacturadosInternacionales_94840000-6_9-6-2026.xls
2026-06,Almagro Inmobiliaria,2026-06-03,03/06/2026,PL8PCS56E2,0306 74987506153000741132081,26892894557062574-27012694748415879,FB_AOL_Santiago_Balance,Almagro S.A,Providencia,Balance,I-ALM-2358,5766,5766,600000,69272.0,Coincide,Match cartola + proyecto,600000,Facturas Meta/Cartola TC/MovFacturadosInternacionales_94840000-6_9-6-2026.xls
2026-06,Almagro Inmobiliaria,2026-06-03,03/06/2026,PL8PCS56E2,0306 74987506153000741132081,26892894557062574-27012694748415879,FB_AOL_Santiago_Carrera_IV,Almagro S.A,Santiago Centro,Carrera 4,I-ALM-2275,11885,11885,600000,69272.0,Coincide,Match cartola + proyecto,600000,Facturas Meta/Cartola TC/MovFacturadosInternacionales_94840000-6_9-6-2026.xls
2026-06,Almagro Inmobiliaria,2026-06-03,03/06/2026,PL8PCS56E2,0306 74987506153000741132081,26892894557062574-27012694748415879,FB_AOL_Santiago_Insigne,Almagro S.A,Macul,Insigne,I-ALM-2157,10132,10132,600000,69272.0,Coincide,Match cartola + proyecto,600000,Facturas Meta/Cartola TC/MovFacturadosInternacionales_94840000-6_9-6-2026.xls
2026-06,Almagro Inmobiliaria,2026-06-03,03/06/2026,PL8PCS56E2,0306 74987506153000741132081,26892894557062574-27012694748415879,FB_AOL_Santiago_LosCactus,Almagro S.A,Lo Barnechea,Los Cactus,I-ALM-2342,6917,6917,600000,69272.0,Coincide,Match cartola + proyecto,600000,Facturas Meta/Cartola TC/MovFacturadosInternacionales_94840000-6_9-6-2026.xls
2026-06,Almagro Inmobiliaria,2026-06-03,03/06/2026,PL8PCS56E2,0306 74987506153000741132081,26892894557062574-27012694748415879,FB_AOL_Santiago_LyonBilbao,Almagro S.A,Providencia,Lyon Bilbao,I-ALM-2211,4882,4882,600000,69272.0,Coincide,Match cartola + proyecto,600000,Facturas Meta/Cartola TC/MovFacturadosInternacionales_94840000-6_9-6-2026.xls
2026-06,Almagro Inmobiliaria,2026-06-03,03/06/2026,PL8PCS56E2,0306 74987506153000741132081,26892894557062574-27012694748415879,FB_AOL_Santiago_PadreLePaige,Arcilla Roja,Las Condes,PLP 1,I-ALM-2226,5860,5860,600000,69272.0,Coincide,Match cartola + proyecto,600000,Facturas Meta/Cartola TC/MovFacturadosInternacionales_94840000-6_9-6-2026.xls
2026-06,Almagro Inmobiliaria,2026-06-03,03/06/2026,PL8PCS56E2,0306 74987506153000741132081,26892894557062574-27012694748415879,FB_AOL_Santiago_PadreLePaige_Etapa2,Arcilla Roja,Las Condes,PLP 2,I-ALM-2306,5822,5822,600000,69272.0,Coincide,Match cartola + proyecto,600000,Facturas Meta/Cartola TC/MovFacturadosInternacionales_94840000-6_9-6-2026.xls
2026-06,Almagro Inmobiliaria,2026-06-03,03/06/2026,PL8PCS56E2,0306 74987506153000741132081,26892894557062574-27012694748415879,FB_AOL_Santiago_Rengo,Arcilla Roja,Providencia,Rengo,I-ALM-2288,6687,6687,600000,69272.0,Coincide,Match cartola + proyecto,600000,Facturas Meta/Cartola TC/MovFacturadosInternacionales_94840000-6_9-6-2026.xls
2026-06,Almagro Inmobiliaria,2026-06-03,03/06/2026,PL8PCS56E2,0306 74987506153000741132081,26892894557062574-27012694748415879,FB_AOL_Santiago_SanEugenio,Almagro S.A,Ñuñoa,San Eugenio 2,I-ALM-2227,10267,10267,600000,69272.0,Coincide,Match cartola + proyecto,600000,Facturas Meta/Cartola TC/MovFacturadosInternacionales_94840000-6_9-6-2026.xls
2026-06,Almagro Inmobiliaria,2026-06-03,03/06/2026,PL8PCS56E2,0306 74987506153000741132081,26892894557062574-27012694748415879,FB_AOT_Antofagasta_AlmagroTerra,Almagro S.A,Antofagasta,Almagro Terra,I-ALM-2360,29107,29107,600000,69272.0,Coincide,Match cartola + proyecto,600000,Facturas Meta/Cartola TC/MovFacturadosInternacionales_94840000-6_9-6-2026.xls
2026-06,Almagro Inmobiliaria,2026-06-03,03/06/2026,PL8PCS56E2,0306 74987506153000741132081,26892894557062574-27012694748415879,FB_AOT_Antofagasta_ParqueBrasil,Almagro S.A,Antofagasta,Parque Brasil,I-ALM-2285,30036,30036,600000,69272.0,Coincide,Match cartola + proyecto,600000,Facturas Meta/Cartola TC/MovFacturadosInternacionales_94840000-6_9-6-2026.xls
2026-06,Almagro Inmobiliaria,2026-06-03,03/06/2026,PL8PCS56E2,0306 74987506153000741132081,26892894557062574-27012694748415879,FB_AOT_Antofagasta_ValleDelMar,Almagro S.A,Antofagasta,Valle del Mar,I-ALM-1453,30200,30200,600000,69272.0,Coincide,Match cartola + proyecto,600000,Facturas Meta/Cartola TC/MovFacturadosInternacionales_94840000-6_9-6-2026.xls
2026-06,Almagro Inmobiliaria,2026-06-03,03/06/2026,PL8PCS56E2,0306 74987506153000741132081,26892894557062574-27012694748415879,FB_AOT_Inversionistas,Almagro S.A,Santiago,Insigne,I-ALM-2157,63532,63532,600000,69272.0,Coincide,Match cartola + proyecto,600000,Facturas Meta/Cartola TC/MovFacturadosInternacionales_94840000-6_9-6-2026.xls
2026-06,Almagro Inmobiliaria,2026-06-03,03/06/2026,PL8PCS56E2,0306 74987506153000741132081,26892894557062574-27012694748415879,FB_AOT_Santiago_AlmagroPlus,Almagro S.A,Ñuñoa,Almagro Plus,I-ALM-2234,26884,26884,600000,69272.0,Coincide,Match cartola + proyecto,600000,Facturas Meta/Cartola TC/MovFacturadosInternacionales_94840000-6_9-6-2026.xls
2026-06,Almagro Inmobiliaria,2026-06-03,03/06/2026,PL8PCS56E2,0306 74987506153000741132081,26892894557062574-27012694748415879,FB_AOT_Santiago_Carrera_IV,Almagro S.A,Santiago,Carrera 4,I-ALM-2275,26070,26070,600000,69272.0,Coincide,Match cartola + proyecto,600000,Facturas Meta/Cartola TC/MovFacturadosInternacionales_94840000-6_9-6-2026.xls
2026-06,Almagro Inmobiliaria,2026-06-03,03/06/2026,PL8PCS56E2,0306 74987506153000741132081,26892894557062574-27012694748415879,FB_AOT_Santiago_Insigne,Almagro S.A,Macul,Insigne,I-ALM-2157,29801,29801,600000,69272.0,Coincide,Match cartola + proyecto,600000,Facturas Meta/Cartola TC/MovFacturadosInternacionales_94840000-6_9-6-2026.xls
2026-06,Almagro Inmobiliaria,2026-06-03,03/06/2026,PL8PCS56E2,0306 74987506153000741132081,26892894557062574-27012694748415879,FB_AOT_Santiago_SanEugenio,Almagro S.A,Santiago,San Eugenio 2,I-ALM-2227,31264,31264,600000,69272.0,Coincide,Match cartola + proyecto,600000,Facturas Meta/Cartola TC/MovFacturadosInternacionales_94840000-6_9-6-2026.xls
2026-06,Almagro Inmobiliaria,2026-06-03,03/06/2026,PL8PCS56E2,0306 74987506153000741132081,26892894557062574-27012694748415879,FB_AOT_Santiago_Signature,Almagro S.A,Santiago,Signature,I-ALM-2354,8594,8594,600000,69272.0,Coincide,Match cartola + proyecto,600000,Facturas Meta/Cartola TC/MovFacturadosInternacionales_94840000-6_9-6-2026.xls
2026-06,Almagro Inmobiliaria,2026-06-03,03/06/2026,PL8PCS56E2,0306 74987506153000741132081,26892894557062574-27012694748415879,FB_Advantage_Almagro,Arcilla Roja,AON,Almagro Hub,I-ALM-2189,101791,12724,600000,69272.0,Coincide,Match cartola + proyecto,600000,Facturas Meta/Cartola TC/MovFacturadosInternacionales_94840000-6_9-6-2026.xls
2026-06,Almagro Inmobiliaria,2026-06-03,03/06/2026,PL8PCS56E2,0306 74987506153000741132081,26892894557062574-27012694748415879,FB_Advantage_Almagro,Almagro S.A,AON,Carrera 4,I-ALM-2275,101791,12724,600000,69272.0,Coincide,Match cartola + proyecto,600000,Facturas Meta/Cartola TC/MovFacturadosInternacionales_94840000-6_9-6-2026.xls
2026-06,Almagro Inmobiliaria,2026-06-03,03/06/2026,PL8PCS56E2,0306 74987506153000741132081,26892894557062574-27012694748415879,FB_Advantage_Almagro,Almagro S.A,AON,Indico,I-ALM-1453,101791,12724,600000,69272.0,Coincide,Match cartola + proyecto,600000,Facturas Meta/Cartola TC/MovFacturadosInternacionales_94840000-6_9-6-2026.xls
2026-06,Almagro Inmobiliaria,2026-06-03,03/06/2026,PL8PCS56E2,0306 74987506153000741132081,26892894557062574-27012694748415879,FB_Advantage_Almagro,Almagro S.A,AON,Los Cactus,I-ALM-2342,101791,12724,600000,69272.0,Coincide,Match cartola + proyecto,600000,Facturas Meta/Cartola TC/MovFacturadosInternacionales_94840000-6_9-6-2026.xls
2026-06,Almagro Inmobiliaria,2026-06-03,03/06/2026,PL8PCS56E2,0306 74987506153000741132081,26892894557062574-27012694748415879,FB_Advantage_Almagro,Almagro S.A,AON,Lyon Bilbao,I-ALM-2211,101791,12724,600000,69272.0,Coincide,Match cartola + proyecto,600000,Facturas Meta/Cartola TC/MovFacturadosInternacionales_94840000-6_9-6-2026.xls
2026-06,Almagro Inmobiliaria,2026-06-03,03/06/2026,PL8PCS56E2,0306 74987506153000741132081,26892894557062574-27012694748415879,FB_Advantage_Almagro,Arcilla Roja,AON,PLP 1,I-ALM-2226,101791,12724,600000,69272.0,Coincide,Match cartola + proyecto,600000,Facturas Meta/Cartola TC/MovFacturadosInternacionales_94840000-6_9-6-2026.xls
2026-06,Almagro Inmobiliaria,2026-06-03,03/06/2026,PL8PCS56E2,0306 74987506153000741132081,26892894557062574-27012694748415879,FB_Advantage_Almagro,Arcilla Roja,AON,PLP 2,I-ALM-2306,101791,12724,600000,69272.0,Coincide,Match cartola + proyecto,600000,Facturas Meta/Cartola TC/MovFacturadosInternacionales_94840000-6_9-6-2026.xls
2026-06,Almagro Inmobiliaria,2026-06-03,03/06/2026,PL8PCS56E2,0306 74987506153000741132081,26892894557062574-27012694748415879,FB_Advantage_Almagro,Almagro S.A,AON,San Eugenio 2,I-ALM-2227,101791,12723,600000,69272.0,Coincide,Match cartola + proyecto,600000,Facturas Meta/Cartola TC/MovFacturadosInternacionales_94840000-6_9-6-2026.xls
2026-06,Almagro Inmobiliaria,2026-06-03,03/06/2026,PL8PCS56E2,0306 74987506153000741132081,26892894557062574-27012694748415879,FB_Almagro_Awareness,Madagascar,Marca,Almagro District,I-ALM-2399,69372,4956,600000,69272.0,Coincide,Match cartola + proyecto,600000,Facturas Meta/Cartola TC/MovFacturadosInternacionales_94840000-6_9-6-2026.xls
2026-06,Almagro Inmobiliaria,2026-06-03,03/06/2026,PL8PCS56E2,0306 74987506153000741132081,26892894557062574-27012694748415879,FB_Almagro_Awareness,Arcilla Roja,Marca,Almagro Hub,I-ALM-2189,69372,4956,600000,69272.0,Coincide,Match cartola + proyecto,600000,Facturas Meta/Cartola TC/MovFacturadosInternacionales_94840000-6_9-6-2026.xls
2026-06,Almagro Inmobiliaria,2026-06-03,03/06/2026,PL8PCS56E2,0306 74987506153000741132081,26892894557062574-27012694748415879,FB_Almagro_Awareness,Almagro S.A,Marca,Almagro Plus,I-ALM-2234,69372,4955,600000,69272.0,Coincide,Match cartola + proyecto,600000,Facturas Meta/Cartola TC/MovFacturadosInternacionales_94840000-6_9-6-2026.xls
2026-06,Almagro Inmobiliaria,2026-06-03,03/06/2026,PL8PCS56E2,0306 74987506153000741132081,26892894557062574-27012694748415879,FB_Almagro_Awareness,Almagro S.A,Marca,Balance,I-ALM-2358,69372,4955,600000,69272.0,Coincide,Match cartola + proyecto,600000,Facturas Meta/Cartola TC/MovFacturadosInternacionales_94840000-6_9-6-2026.xls
2026-06,Almagro Inmobiliaria,2026-06-03,03/06/2026,PL8PCS56E2,0306 74987506153000741132081,26892894557062574-27012694748415879,FB_Almagro_Awareness,Almagro S.A,Marca,Carrera 4,I-ALM-2275,69372,4955,600000,69272.0,Coincide,Match cartola + proyecto,600000,Facturas Meta/Cartola TC/MovFacturadosInternacionales_94840000-6_9-6-2026.xls
2026-06,Almagro Inmobiliaria,2026-06-03,03/06/2026,PL8PCS56E2,0306 74987506153000741132081,26892894557062574-27012694748415879,FB_Almagro_Awareness,Almagro S.A,Marca,Indico,I-ALM-1453,69372,4955,600000,69272.0,Coincide,Match cartola + proyecto,600000,Facturas Meta/Cartola TC/MovFacturadosInternacionales_94840000-6_9-6-2026.xls
2026-06,Almagro Inmobiliaria,2026-06-03,03/06/2026,PL8PCS56E2,0306 74987506153000741132081,26892894557062574-27012694748415879,FB_Almagro_Awareness,Almagro S.A,Marca,Insigne,I-ALM-2157,69372,4955,600000,69272.0,Coincide,Match cartola + proyecto,600000,Facturas Meta/Cartola TC/MovFacturadosInternacionales_94840000-6_9-6-2026.xls
2026-06,Almagro Inmobiliaria,2026-06-03,03/06/2026,PL8PCS56E2,0306 74987506153000741132081,26892894557062574-27012694748415879,FB_Almagro_Awareness,Almagro S.A,Marca,Los Cactus,I-ALM-2342,69372,4955,600000,69272.0,Coincide,Match cartola + proyecto,600000,Facturas Meta/Cartola TC/MovFacturadosInternacionales_94840000-6_9-6-2026.xls
2026-06,Almagro Inmobiliaria,2026-06-03,03/06/2026,PL8PCS56E2,0306 74987506153000741132081,26892894557062574-27012694748415879,FB_Almagro_Awareness,Almagro S.A,Marca,Lyon Bilbao,I-ALM-2211,69372,4955,600000,69272.0,Coincide,Match cartola + proyecto,600000,Facturas Meta/Cartola TC/MovFacturadosInternacionales_94840000-6_9-6-2026.xls
2026-06,Almagro Inmobiliaria,2026-06-03,03/06/2026,PL8PCS56E2,0306 74987506153000741132081,26892894557062574-27012694748415879,FB_Almagro_Awareness,Arcilla Roja,Marca,PLP 1,I-ALM-2226,69372,4955,600000,69272.0,Coincide,Match cartola + proyecto,600000,Facturas Meta/Cartola TC/MovFacturadosInternacionales_94840000-6_9-6-2026.xls
2026-06,Almagro Inmobiliaria,2026-06-03,03/06/2026,PL8PCS56E2,0306 74987506153000741132081,26892894557062574-27012694748415879,FB_Almagro_Awareness,Arcilla Roja,Marca,PLP 2,I-ALM-2306,69372,4955,600000,69272.0,Coincide,Match cartola + proyecto,600000,Facturas Meta/Cartola TC/MovFacturadosInternacionales_94840000-6_9-6-2026.xls
2026-06,Almagro Inmobiliaria,2026-06-03,03/06/2026,PL8PCS56E2,0306 74987506153000741132081,26892894557062574-27012694748415879,FB_Almagro_Awareness,Almagro S.A,Marca,Parque Brasil,I-ALM-2285,69372,4955,600000,69272.0,Coincide,Match cartola + proyecto,600000,Facturas Meta/Cartola TC/MovFacturadosInternacionales_94840000-6_9-6-2026.xls
2026-06,Almagro Inmobiliaria,2026-06-03,03/06/2026,PL8PCS56E2,0306 74987506153000741132081,26892894557062574-27012694748415879,FB_Almagro_Awareness,Arcilla Roja,Marca,Rengo,I-ALM-2288,69372,4955,600000,69272.0,Coincide,Match cartola + proyecto,600000,Facturas Meta/Cartola TC/MovFacturadosInternacionales_94840000-6_9-6-2026.xls
2026-06,Almagro Inmobiliaria,2026-06-03,03/06/2026,PL8PCS56E2,0306 74987506153000741132081,26892894557062574-27012694748415879,FB_Almagro_Awareness,Almagro S.A,Marca,San Eugenio 2,I-ALM-2227,69372,4955,600000,69272.0,Coincide,Match cartola + proyecto,600000,Facturas Meta/Cartola TC/MovFacturadosInternacionales_94840000-6_9-6-2026.xls
2026-06,Almagro Inmobiliaria,2026-06-03,03/06/2026,PL8PCS56E2,0306 74987506153000741132081,26892894557062574-27012694748415879,FB_Almagro_Patrocinado_Blog,Madagascar,Blog,Almagro District,I-ALM-2399,2208,158,600000,69272.0,Coincide,Match cartola + proyecto,600000,Facturas Meta/Cartola TC/MovFacturadosInternacionales_94840000-6_9-6-2026.xls
2026-06,Almagro Inmobiliaria,2026-06-03,03/06/2026,PL8PCS56E2,0306 74987506153000741132081,26892894557062574-27012694748415879,FB_Almagro_Patrocinado_Blog,Arcilla Roja,Blog,Almagro Hub,I-ALM-2189,2208,158,600000,69272.0,Coincide,Match cartola + proyecto,600000,Facturas Meta/Cartola TC/MovFacturadosInternacionales_94840000-6_9-6-2026.xls
2026-06,Almagro Inmobiliaria,2026-06-03,03/06/2026,PL8PCS56E2,0306 74987506153000741132081,26892894557062574-27012694748415879,FB_Almagro_Patrocinado_Blog,Almagro S.A,Blog,Almagro Plus,I-ALM-2234,2208,158,600000,69272.0,Coincide,Match cartola + proyecto,600000,Facturas Meta/Cartola TC/MovFacturadosInternacionales_94840000-6_9-6-2026.xls
2026-06,Almagro Inmobiliaria,2026-06-03,03/06/2026,PL8PCS56E2,0306 74987506153000741132081,26892894557062574-27012694748415879,FB_Almagro_Patrocinado_Blog,Almagro S.A,Blog,Balance,I-ALM-2358,2208,158,600000,69272.0,Coincide,Match cartola + proyecto,600000,Facturas Meta/Cartola TC/MovFacturadosInternacionales_94840000-6_9-6-2026.xls
2026-06,Almagro Inmobiliaria,2026-06-03,03/06/2026,PL8PCS56E2,0306 74987506153000741132081,26892894557062574-27012694748415879,FB_Almagro_Patrocinado_Blog,Almagro S.A,Blog,Carrera 4,I-ALM-2275,2208,158,600000,69272.0,Coincide,Match cartola + proyecto,600000,Facturas Meta/Cartola TC/MovFacturadosInternacionales_94840000-6_9-6-2026.xls
2026-06,Almagro Inmobiliaria,2026-06-03,03/06/2026,PL8PCS56E2,0306 74987506153000741132081,26892894557062574-27012694748415879,FB_Almagro_Patrocinado_Blog,Almagro S.A,Blog,Indico,I-ALM-1453,2208,158,600000,69272.0,Coincide,Match cartola + proyecto,600000,Facturas Meta/Cartola TC/MovFacturadosInternacionales_94840000-6_9-6-2026.xls
2026-06,Almagro Inmobiliaria,2026-06-03,03/06/2026,PL8PCS56E2,0306 74987506153000741132081,26892894557062574-27012694748415879,FB_Almagro_Patrocinado_Blog,Almagro S.A,Blog,Insigne,I-ALM-2157,2208,158,600000,69272.0,Coincide,Match cartola + proyecto,600000,Facturas Meta/Cartola TC/MovFacturadosInternacionales_94840000-6_9-6-2026.xls
2026-06,Almagro Inmobiliaria,2026-06-03,03/06/2026,PL8PCS56E2,0306 74987506153000741132081,26892894557062574-27012694748415879,FB_Almagro_Patrocinado_Blog,Almagro S.A,Blog,Los Cactus,I-ALM-2342,2208,158,600000,69272.0,Coincide,Match cartola + proyecto,600000,Facturas Meta/Cartola TC/MovFacturadosInternacionales_94840000-6_9-6-2026.xls
2026-06,Almagro Inmobiliaria,2026-06-03,03/06/2026,PL8PCS56E2,0306 74987506153000741132081,26892894557062574-27012694748415879,FB_Almagro_Patrocinado_Blog,Almagro S.A,Blog,Lyon Bilbao,I-ALM-2211,2208,158,600000,69272.0,Coincide,Match cartola + proyecto,600000,Facturas Meta/Cartola TC/MovFacturadosInternacionales_94840000-6_9-6-2026.xls
2026-06,Almagro Inmobiliaria,2026-06-03,03/06/2026,PL8PCS56E2,0306 74987506153000741132081,26892894557062574-27012694748415879,FB_Almagro_Patrocinado_Blog,Arcilla Roja,Blog,PLP 1,I-ALM-2226,2208,158,600000,69272.0,Coincide,Match cartola + proyecto,600000,Facturas Meta/Cartola TC/MovFacturadosInternacionales_94840000-6_9-6-2026.xls
2026-06,Almagro Inmobiliaria,2026-06-03,03/06/2026,PL8PCS56E2,0306 74987506153000741132081,26892894557062574-27012694748415879,FB_Almagro_Patrocinado_Blog,Arcilla Roja,Blog,PLP 2,I-ALM-2306,2208,157,600000,69272.0,Coincide,Match cartola + proyecto,600000,Facturas Meta/Cartola TC/MovFacturadosInternacionales_94840000-6_9-6-2026.xls
2026-06,Almagro Inmobiliaria,2026-06-03,03/06/2026,PL8PCS56E2,0306 74987506153000741132081,26892894557062574-27012694748415879,FB_Almagro_Patrocinado_Blog,Almagro S.A,Blog,Parque Brasil,I-ALM-2285,2208,157,600000,69272.0,Coincide,Match cartola + proyecto,600000,Facturas Meta/Cartola TC/MovFacturadosInternacionales_94840000-6_9-6-2026.xls
2026-06,Almagro Inmobiliaria,2026-06-03,03/06/2026,PL8PCS56E2,0306 74987506153000741132081,26892894557062574-27012694748415879,FB_Almagro_Patrocinado_Blog,Arcilla Roja,Blog,Rengo,I-ALM-2288,2208,157,600000,69272.0,Coincide,Match cartola + proyecto,600000,Facturas Meta/Cartola TC/MovFacturadosInternacionales_94840000-6_9-6-2026.xls
2026-06,Almagro Inmobiliaria,2026-06-03,03/06/2026,PL8PCS56E2,0306 74987506153000741132081,26892894557062574-27012694748415879,FB_Almagro_Patrocinado_Blog,Almagro S.A,Blog,San Eugenio 2,I-ALM-2227,2208,157,600000,69272.0,Coincide,Match cartola + proyecto,600000,Facturas Meta/Cartola TC/MovFacturadosInternacionales_94840000-6_9-6-2026.xls
2026-06,Almagro Inmobiliaria,2026-06-03,03/06/2026,PL8PCS56E2,0306 74987506153000741132081,26892894557062574-27012694748415879,FB_Almagro_TuDeptoEsTuPie,Madagascar,PPP,Almagro District,I-ALM-2399,26636,1903,600000,69272.0,Coincide,Match cartola + proyecto,600000,Facturas Meta/Cartola TC/MovFacturadosInternacionales_94840000-6_9-6-2026.xls
2026-06,Almagro Inmobiliaria,2026-06-03,03/06/2026,PL8PCS56E2,0306 74987506153000741132081,26892894557062574-27012694748415879,FB_Almagro_TuDeptoEsTuPie,Arcilla Roja,PPP,Almagro Hub,I-ALM-2189,26636,1903,600000,69272.0,Coincide,Match cartola + proyecto,600000,Facturas Meta/Cartola TC/MovFacturadosInternacionales_94840000-6_9-6-2026.xls
2026-06,Almagro Inmobiliaria,2026-06-03,03/06/2026,PL8PCS56E2,0306 74987506153000741132081,26892894557062574-27012694748415879,FB_Almagro_TuDeptoEsTuPie,Almagro S.A,PPP,Almagro Plus,I-ALM-2234,26636,1903,600000,69272.0,Coincide,Match cartola + proyecto,600000,Facturas Meta/Cartola TC/MovFacturadosInternacionales_94840000-6_9-6-2026.xls
2026-06,Almagro Inmobiliaria,2026-06-03,03/06/2026,PL8PCS56E2,0306 74987506153000741132081,26892894557062574-27012694748415879,FB_Almagro_TuDeptoEsTuPie,Almagro S.A,PPP,Balance,I-ALM-2358,26636,1903,600000,69272.0,Coincide,Match cartola + proyecto,600000,Facturas Meta/Cartola TC/MovFacturadosInternacionales_94840000-6_9-6-2026.xls
2026-06,Almagro Inmobiliaria,2026-06-03,03/06/2026,PL8PCS56E2,0306 74987506153000741132081,26892894557062574-27012694748415879,FB_Almagro_TuDeptoEsTuPie,Almagro S.A,PPP,Carrera 4,I-ALM-2275,26636,1903,600000,69272.0,Coincide,Match cartola + proyecto,600000,Facturas Meta/Cartola TC/MovFacturadosInternacionales_94840000-6_9-6-2026.xls
2026-06,Almagro Inmobiliaria,2026-06-03,03/06/2026,PL8PCS56E2,0306 74987506153000741132081,26892894557062574-27012694748415879,FB_Almagro_TuDeptoEsTuPie,Almagro S.A,PPP,Indico,I-ALM-1453,26636,1903,600000,69272.0,Coincide,Match cartola + proyecto,600000,Facturas Meta/Cartola TC/MovFacturadosInternacionales_94840000-6_9-6-2026.xls
2026-06,Almagro Inmobiliaria,2026-06-03,03/06/2026,PL8PCS56E2,0306 74987506153000741132081,26892894557062574-27012694748415879,FB_Almagro_TuDeptoEsTuPie,Almagro S.A,PPP,Insigne,I-ALM-2157,26636,1903,600000,69272.0,Coincide,Match cartola + proyecto,600000,Facturas Meta/Cartola TC/MovFacturadosInternacionales_94840000-6_9-6-2026.xls
2026-06,Almagro Inmobiliaria,2026-06-03,03/06/2026,PL8PCS56E2,0306 74987506153000741132081,26892894557062574-27012694748415879,FB_Almagro_TuDeptoEsTuPie,Almagro S.A,PPP,Los Cactus,I-ALM-2342,26636,1903,600000,69272.0,Coincide,Match cartola + proyecto,600000,Facturas Meta/Cartola TC/MovFacturadosInternacionales_94840000-6_9-6-2026.xls
2026-06,Almagro Inmobiliaria,2026-06-03,03/06/2026,PL8PCS56E2,0306 74987506153000741132081,26892894557062574-27012694748415879,FB_Almagro_TuDeptoEsTuPie,Almagro S.A,PPP,Lyon Bilbao,I-ALM-2211,26636,1902,600000,69272.0,Coincide,Match cartola + proyecto,600000,Facturas Meta/Cartola TC/MovFacturadosInternacionales_94840000-6_9-6-2026.xls
2026-06,Almagro Inmobiliaria,2026-06-03,03/06/2026,PL8PCS56E2,0306 74987506153000741132081,26892894557062574-27012694748415879,FB_Almagro_TuDeptoEsTuPie,Arcilla Roja,PPP,PLP 1,I-ALM-2226,26636,1902,600000,69272.0,Coincide,Match cartola + proyecto,600000,Facturas Meta/Cartola TC/MovFacturadosInternacionales_94840000-6_9-6-2026.xls
2026-06,Almagro Inmobiliaria,2026-06-03,03/06/2026,PL8PCS56E2,0306 74987506153000741132081,26892894557062574-27012694748415879,FB_Almagro_TuDeptoEsTuPie,Arcilla Roja,PPP,PLP 2,I-ALM-2306,26636,1902,600000,69272.0,Coincide,Match cartola + proyecto,600000,Facturas Meta/Cartola TC/MovFacturadosInternacionales_94840000-6_9-6-2026.xls
2026-06,Almagro Inmobiliaria,2026-06-03,03/06/2026,PL8PCS56E2,0306 74987506153000741132081,26892894557062574-27012694748415879,FB_Almagro_TuDeptoEsTuPie,Almagro S.A,PPP,Parque Brasil,I-ALM-2285,26636,1902,600000,69272.0,Coincide,Match cartola + proyecto,600000,Facturas Meta/Cartola TC/MovFacturadosInternacionales_94840000-6_9-6-2026.xls
2026-06,Almagro Inmobiliaria,2026-06-03,03/06/2026,PL8PCS56E2,0306 74987506153000741132081,26892894557062574-27012694748415879,FB_Almagro_TuDeptoEsTuPie,Arcilla Roja,PPP,Rengo,I-ALM-2288,26636,1902,600000,69272.0,Coincide,Match cartola + proyecto,600000,Facturas Meta/Cartola TC/MovFacturadosInternacionales_94840000-6_9-6-2026.xls
2026-06,Almagro Inmobiliaria,2026-06-03,03/06/2026,PL8PCS56E2,0306 74987506153000741132081,26892894557062574-27012694748415879,FB_Almagro_TuDeptoEsTuPie,Almagro S.A,PPP,San Eugenio 2,I-ALM-2227,26636,1902,600000,69272.0,Coincide,Match cartola + proyecto,600000,Facturas Meta/Cartola TC/MovFacturadosInternacionales_94840000-6_9-6-2026.xls
2026-06,Almagro Inmobiliaria,2026-06-03,03/06/2026,M692CTH6E2,0406 74987506154000825401088,26955895790762447-26978962338455786,FB_AOL_Antofagasta_AlmagroTerra,Almagro S.A,Antofagasta,Almagro Terra,I-ALM-2360,10478,10478,600000,69272.0,Coincide,Match cartola + proyecto,600000,Facturas Meta/Cartola TC/MovFacturadosInternacionales_94840000-6_9-6-2026.xls
2026-06,Almagro Inmobiliaria,2026-06-03,03/06/2026,M692CTH6E2,0406 74987506154000825401088,26955895790762447-26978962338455786,FB_AOL_Antofagasta_Indico,Almagro S.A,Antofagasta,Indico,I-ALM-1453,14936,14936,600000,69272.0,Coincide,Match cartola + proyecto,600000,Facturas Meta/Cartola TC/MovFacturadosInternacionales_94840000-6_9-6-2026.xls
2026-06,Almagro Inmobiliaria,2026-06-03,03/06/2026,M692CTH6E2,0406 74987506154000825401088,26955895790762447-26978962338455786,FB_AOL_Antofagasta_ParqueBrasil,Almagro S.A,Antofagasta,Parque Brasil,I-ALM-2285,11217,11217,600000,69272.0,Coincide,Match cartola + proyecto,600000,Facturas Meta/Cartola TC/MovFacturadosInternacionales_94840000-6_9-6-2026.xls
2026-06,Almagro Inmobiliaria,2026-06-03,03/06/2026,M692CTH6E2,0406 74987506154000825401088,26955895790762447-26978962338455786,FB_AOL_Santiago_AlmagroDistrict,Madagascar,Las Condes,Almagro District,I-ALM-2399,6156,6156,600000,69272.0,Coincide,Match cartola + proyecto,600000,Facturas Meta/Cartola TC/MovFacturadosInternacionales_94840000-6_9-6-2026.xls
2026-06,Almagro Inmobiliaria,2026-06-03,03/06/2026,M692CTH6E2,0406 74987506154000825401088,26955895790762447-26978962338455786,FB_AOL_Santiago_AlmagroHub,Arcilla Roja,Providencia,Almagro Hub,I-ALM-2189,4443,4443,600000,69272.0,Coincide,Match cartola + proyecto,600000,Facturas Meta/Cartola TC/MovFacturadosInternacionales_94840000-6_9-6-2026.xls
2026-06,Almagro Inmobiliaria,2026-06-03,03/06/2026,M692CTH6E2,0406 74987506154000825401088,26955895790762447-26978962338455786,FB_AOL_Santiago_AlmagroPlus,Almagro S.A,Almagro Plus,Almagro Plus,I-ALM-2234,8650,8650,600000,69272.0,Coincide,Match cartola + proyecto,600000,Facturas Meta/Cartola TC/MovFacturadosInternacionales_94840000-6_9-6-2026.xls
2026-06,Almagro Inmobiliaria,2026-06-03,03/06/2026,M692CTH6E2,0406 74987506154000825401088,26955895790762447-26978962338455786,FB_AOL_Santiago_Balance,Almagro S.A,Providencia,Balance,I-ALM-2358,7150,7150,600000,69272.0,Coincide,Match cartola + proyecto,600000,Facturas Meta/Cartola TC/MovFacturadosInternacionales_94840000-6_9-6-2026.xls
2026-06,Almagro Inmobiliaria,2026-06-03,03/06/2026,M692CTH6E2,0406 74987506154000825401088,26955895790762447-26978962338455786,FB_AOL_Santiago_Carrera_IV,Almagro S.A,Santiago Centro,Carrera 4,I-ALM-2275,9788,9788,600000,69272.0,Coincide,Match cartola + proyecto,600000,Facturas Meta/Cartola TC/MovFacturadosInternacionales_94840000-6_9-6-2026.xls
2026-06,Almagro Inmobiliaria,2026-06-03,03/06/2026,M692CTH6E2,0406 74987506154000825401088,26955895790762447-26978962338455786,FB_AOL_Santiago_Insigne,Almagro S.A,Macul,Insigne,I-ALM-2157,11239,11239,600000,69272.0,Coincide,Match cartola + proyecto,600000,Facturas Meta/Cartola TC/MovFacturadosInternacionales_94840000-6_9-6-2026.xls
2026-06,Almagro Inmobiliaria,2026-06-03,03/06/2026,M692CTH6E2,0406 74987506154000825401088,26955895790762447-26978962338455786,FB_AOL_Santiago_LosCactus,Almagro S.A,Lo Barnechea,Los Cactus,I-ALM-2342,4732,4732,600000,69272.0,Coincide,Match cartola + proyecto,600000,Facturas Meta/Cartola TC/MovFacturadosInternacionales_94840000-6_9-6-2026.xls
2026-06,Almagro Inmobiliaria,2026-06-03,03/06/2026,M692CTH6E2,0406 74987506154000825401088,26955895790762447-26978962338455786,FB_AOL_Santiago_LyonBilbao,Almagro S.A,Providencia,Lyon Bilbao,I-ALM-2211,4432,4432,600000,69272.0,Coincide,Match cartola + proyecto,600000,Facturas Meta/Cartola TC/MovFacturadosInternacionales_94840000-6_9-6-2026.xls
2026-06,Almagro Inmobiliaria,2026-06-03,03/06/2026,M692CTH6E2,0406 74987506154000825401088,26955895790762447-26978962338455786,FB_AOL_Santiago_PadreLePaige,Arcilla Roja,Las Condes,PLP 1,I-ALM-2226,5682,5682,600000,69272.0,Coincide,Match cartola + proyecto,600000,Facturas Meta/Cartola TC/MovFacturadosInternacionales_94840000-6_9-6-2026.xls
2026-06,Almagro Inmobiliaria,2026-06-03,03/06/2026,M692CTH6E2,0406 74987506154000825401088,26955895790762447-26978962338455786,FB_AOL_Santiago_PadreLePaige_Etapa2,Arcilla Roja,Las Condes,PLP 2,I-ALM-2306,6475,6475,600000,69272.0,Coincide,Match cartola + proyecto,600000,Facturas Meta/Cartola TC/MovFacturadosInternacionales_94840000-6_9-6-2026.xls
2026-06,Almagro Inmobiliaria,2026-06-03,03/06/2026,M692CTH6E2,0406 74987506154000825401088,26955895790762447-26978962338455786,FB_AOL_Santiago_Rengo,Arcilla Roja,Providencia,Rengo,I-ALM-2288,4967,4967,600000,69272.0,Coincide,Match cartola + proyecto,600000,Facturas Meta/Cartola TC/MovFacturadosInternacionales_94840000-6_9-6-2026.xls
2026-06,Almagro Inmobiliaria,2026-06-03,03/06/2026,M692CTH6E2,0406 74987506154000825401088,26955895790762447-26978962338455786,FB_AOL_Santiago_SanEugenio,Almagro S.A,Ñuñoa,San Eugenio 2,I-ALM-2227,11322,11322,600000,69272.0,Coincide,Match cartola + proyecto,600000,Facturas Meta/Cartola TC/MovFacturadosInternacionales_94840000-6_9-6-2026.xls
2026-06,Almagro Inmobiliaria,2026-06-03,03/06/2026,M692CTH6E2,0406 74987506154000825401088,26955895790762447-26978962338455786,FB_AOT_Antofagasta_AlmagroTerra,Almagro S.A,Antofagasta,Almagro Terra,I-ALM-2360,27725,27725,600000,69272.0,Coincide,Match cartola + proyecto,600000,Facturas Meta/Cartola TC/MovFacturadosInternacionales_94840000-6_9-6-2026.xls
2026-06,Almagro Inmobiliaria,2026-06-03,03/06/2026,M692CTH6E2,0406 74987506154000825401088,26955895790762447-26978962338455786,FB_AOT_Antofagasta_ParqueBrasil,Almagro S.A,Antofagasta,Parque Brasil,I-ALM-2285,28893,28893,600000,69272.0,Coincide,Match cartola + proyecto,600000,Facturas Meta/Cartola TC/MovFacturadosInternacionales_94840000-6_9-6-2026.xls
2026-06,Almagro Inmobiliaria,2026-06-03,03/06/2026,M692CTH6E2,0406 74987506154000825401088,26955895790762447-26978962338455786,FB_AOT_Antofagasta_ValleDelMar,Almagro S.A,Antofagasta,Valle del Mar,I-ALM-1453,28318,28318,600000,69272.0,Coincide,Match cartola + proyecto,600000,Facturas Meta/Cartola TC/MovFacturadosInternacionales_94840000-6_9-6-2026.xls
2026-06,Almagro Inmobiliaria,2026-06-03,03/06/2026,M692CTH6E2,0406 74987506154000825401088,26955895790762447-26978962338455786,FB_AOT_Inversionistas,Almagro S.A,Santiago,Insigne,I-ALM-2157,59745,59745,600000,69272.0,Coincide,Match cartola + proyecto,600000,Facturas Meta/Cartola TC/MovFacturadosInternacionales_94840000-6_9-6-2026.xls
2026-06,Almagro Inmobiliaria,2026-06-03,03/06/2026,M692CTH6E2,0406 74987506154000825401088,26955895790762447-26978962338455786,FB_AOT_Santiago_AlmagroPlus,Almagro S.A,Ñuñoa,Almagro Plus,I-ALM-2234,27962,27962,600000,69272.0,Coincide,Match cartola + proyecto,600000,Facturas Meta/Cartola TC/MovFacturadosInternacionales_94840000-6_9-6-2026.xls
2026-06,Almagro Inmobiliaria,2026-06-03,03/06/2026,M692CTH6E2,0406 74987506154000825401088,26955895790762447-26978962338455786,FB_AOT_Santiago_Carrera_IV,Almagro S.A,Santiago,Carrera 4,I-ALM-2275,32495,32495,600000,69272.0,Coincide,Match cartola + proyecto,600000,Facturas Meta/Cartola TC/MovFacturadosInternacionales_94840000-6_9-6-2026.xls
2026-06,Almagro Inmobiliaria,2026-06-03,03/06/2026,M692CTH6E2,0406 74987506154000825401088,26955895790762447-26978962338455786,FB_AOT_Santiago_Insigne,Almagro S.A,Macul,Insigne,I-ALM-2157,27400,27400,600000,69272.0,Coincide,Match cartola + proyecto,600000,Facturas Meta/Cartola TC/MovFacturadosInternacionales_94840000-6_9-6-2026.xls
2026-06,Almagro Inmobiliaria,2026-06-03,03/06/2026,M692CTH6E2,0406 74987506154000825401088,26955895790762447-26978962338455786,FB_AOT_Santiago_SanEugenio,Almagro S.A,Santiago,San Eugenio 2,I-ALM-2227,30675,30675,600000,69272.0,Coincide,Match cartola + proyecto,600000,Facturas Meta/Cartola TC/MovFacturadosInternacionales_94840000-6_9-6-2026.xls
2026-06,Almagro Inmobiliaria,2026-06-03,03/06/2026,M692CTH6E2,0406 74987506154000825401088,26955895790762447-26978962338455786,FB_AOT_Santiago_Signature,Almagro S.A,Santiago,Signature,I-ALM-2354,6356,6356,600000,69272.0,Coincide,Match cartola + proyecto,600000,Facturas Meta/Cartola TC/MovFacturadosInternacionales_94840000-6_9-6-2026.xls
2026-06,Almagro Inmobiliaria,2026-06-03,03/06/2026,M692CTH6E2,0406 74987506154000825401088,26955895790762447-26978962338455786,FB_Advantage_Almagro,Arcilla Roja,AON,Almagro Hub,I-ALM-2189,103191,12899,600000,69272.0,Coincide,Match cartola + proyecto,600000,Facturas Meta/Cartola TC/MovFacturadosInternacionales_94840000-6_9-6-2026.xls
2026-06,Almagro Inmobiliaria,2026-06-03,03/06/2026,M692CTH6E2,0406 74987506154000825401088,26955895790762447-26978962338455786,FB_Advantage_Almagro,Almagro S.A,AON,Carrera 4,I-ALM-2275,103191,12899,600000,69272.0,Coincide,Match cartola + proyecto,600000,Facturas Meta/Cartola TC/MovFacturadosInternacionales_94840000-6_9-6-2026.xls
2026-06,Almagro Inmobiliaria,2026-06-03,03/06/2026,M692CTH6E2,0406 74987506154000825401088,26955895790762447-26978962338455786,FB_Advantage_Almagro,Almagro S.A,AON,Indico,I-ALM-1453,103191,12899,600000,69272.0,Coincide,Match cartola + proyecto,600000,Facturas Meta/Cartola TC/MovFacturadosInternacionales_94840000-6_9-6-2026.xls
2026-06,Almagro Inmobiliaria,2026-06-03,03/06/2026,M692CTH6E2,0406 74987506154000825401088,26955895790762447-26978962338455786,FB_Advantage_Almagro,Almagro S.A,AON,Los Cactus,I-ALM-2342,103191,12899,600000,69272.0,Coincide,Match cartola + proyecto,600000,Facturas Meta/Cartola TC/MovFacturadosInternacionales_94840000-6_9-6-2026.xls
2026-06,Almagro Inmobiliaria,2026-06-03,03/06/2026,M692CTH6E2,0406 74987506154000825401088,26955895790762447-26978962338455786,FB_Advantage_Almagro,Almagro S.A,AON,Lyon Bilbao,I-ALM-2211,103191,12899,600000,69272.0,Coincide,Match cartola + proyecto,600000,Facturas Meta/Cartola TC/MovFacturadosInternacionales_94840000-6_9-6-2026.xls
2026-06,Almagro Inmobiliaria,2026-06-03,03/06/2026,M692CTH6E2,0406 74987506154000825401088,26955895790762447-26978962338455786,FB_Advantage_Almagro,Arcilla Roja,AON,PLP 1,I-ALM-2226,103191,12899,600000,69272.0,Coincide,Match cartola + proyecto,600000,Facturas Meta/Cartola TC/MovFacturadosInternacionales_94840000-6_9-6-2026.xls
2026-06,Almagro Inmobiliaria,2026-06-03,03/06/2026,M692CTH6E2,0406 74987506154000825401088,26955895790762447-26978962338455786,FB_Advantage_Almagro,Arcilla Roja,AON,PLP 2,I-ALM-2306,103191,12899,600000,69272.0,Coincide,Match cartola + proyecto,600000,Facturas Meta/Cartola TC/MovFacturadosInternacionales_94840000-6_9-6-2026.xls
2026-06,Almagro Inmobiliaria,2026-06-03,03/06/2026,M692CTH6E2,0406 74987506154000825401088,26955895790762447-26978962338455786,FB_Advantage_Almagro,Almagro S.A,AON,San Eugenio 2,I-ALM-2227,103191,12898,600000,69272.0,Coincide,Match cartola + proyecto,600000,Facturas Meta/Cartola TC/MovFacturadosInternacionales_94840000-6_9-6-2026.xls
2026-06,Almagro Inmobiliaria,2026-06-03,03/06/2026,M692CTH6E2,0406 74987506154000825401088,26955895790762447-26978962338455786,FB_Almagro_Awareness,Madagascar,Marca,Almagro District,I-ALM-2399,80043,5718,600000,69272.0,Coincide,Match cartola + proyecto,600000,Facturas Meta/Cartola TC/MovFacturadosInternacionales_94840000-6_9-6-2026.xls
2026-06,Almagro Inmobiliaria,2026-06-03,03/06/2026,M692CTH6E2,0406 74987506154000825401088,26955895790762447-26978962338455786,FB_Almagro_Awareness,Arcilla Roja,Marca,Almagro Hub,I-ALM-2189,80043,5718,600000,69272.0,Coincide,Match cartola + proyecto,600000,Facturas Meta/Cartola TC/MovFacturadosInternacionales_94840000-6_9-6-2026.xls
2026-06,Almagro Inmobiliaria,2026-06-03,03/06/2026,M692CTH6E2,0406 74987506154000825401088,26955895790762447-26978962338455786,FB_Almagro_Awareness,Almagro S.A,Marca,Almagro Plus,I-ALM-2234,80043,5718,600000,69272.0,Coincide,Match cartola + proyecto,600000,Facturas Meta/Cartola TC/MovFacturadosInternacionales_94840000-6_9-6-2026.xls
2026-06,Almagro Inmobiliaria,2026-06-03,03/06/2026,M692CTH6E2,0406 74987506154000825401088,26955895790762447-26978962338455786,FB_Almagro_Awareness,Almagro S.A,Marca,Balance,I-ALM-2358,80043,5718,600000,69272.0,Coincide,Match cartola + proyecto,600000,Facturas Meta/Cartola TC/MovFacturadosInternacionales_94840000-6_9-6-2026.xls
2026-06,Almagro Inmobiliaria,2026-06-03,03/06/2026,M692CTH6E2,0406 74987506154000825401088,26955895790762447-26978962338455786,FB_Almagro_Awareness,Almagro S.A,Marca,Carrera 4,I-ALM-2275,80043,5718,600000,69272.0,Coincide,Match cartola + proyecto,600000,Facturas Meta/Cartola TC/MovFacturadosInternacionales_94840000-6_9-6-2026.xls
2026-06,Almagro Inmobiliaria,2026-06-03,03/06/2026,M692CTH6E2,0406 74987506154000825401088,26955895790762447-26978962338455786,FB_Almagro_Awareness,Almagro S.A,Marca,Indico,I-ALM-1453,80043,5717,600000,69272.0,Coincide,Match cartola + proyecto,600000,Facturas Meta/Cartola TC/MovFacturadosInternacionales_94840000-6_9-6-2026.xls
2026-06,Almagro Inmobiliaria,2026-06-03,03/06/2026,M692CTH6E2,0406 74987506154000825401088,26955895790762447-26978962338455786,FB_Almagro_Awareness,Almagro S.A,Marca,Insigne,I-ALM-2157,80043,5717,600000,69272.0,Coincide,Match cartola + proyecto,600000,Facturas Meta/Cartola TC/MovFacturadosInternacionales_94840000-6_9-6-2026.xls
2026-06,Almagro Inmobiliaria,2026-06-03,03/06/2026,M692CTH6E2,0406 74987506154000825401088,26955895790762447-26978962338455786,FB_Almagro_Awareness,Almagro S.A,Marca,Los Cactus,I-ALM-2342,80043,5717,600000,69272.0,Coincide,Match cartola + proyecto,600000,Facturas Meta/Cartola TC/MovFacturadosInternacionales_94840000-6_9-6-2026.xls
2026-06,Almagro Inmobiliaria,2026-06-03,03/06/2026,M692CTH6E2,0406 74987506154000825401088,26955895790762447-26978962338455786,FB_Almagro_Awareness,Almagro S.A,Marca,Lyon Bilbao,I-ALM-2211,80043,5717,600000,69272.0,Coincide,Match cartola + proyecto,600000,Facturas Meta/Cartola TC/MovFacturadosInternacionales_94840000-6_9-6-2026.xls
2026-06,Almagro Inmobiliaria,2026-06-03,03/06/2026,M692CTH6E2,0406 74987506154000825401088,26955895790762447-26978962338455786,FB_Almagro_Awareness,Arcilla Roja,Marca,PLP 1,I-ALM-2226,80043,5717,600000,69272.0,Coincide,Match cartola + proyecto,600000,Facturas Meta/Cartola TC/MovFacturadosInternacionales_94840000-6_9-6-2026.xls
2026-06,Almagro Inmobiliaria,2026-06-03,03/06/2026,M692CTH6E2,0406 74987506154000825401088,26955895790762447-26978962338455786,FB_Almagro_Awareness,Arcilla Roja,Marca,PLP 2,I-ALM-2306,80043,5717,600000,69272.0,Coincide,Match cartola + proyecto,600000,Facturas Meta/Cartola TC/MovFacturadosInternacionales_94840000-6_9-6-2026.xls
2026-06,Almagro Inmobiliaria,2026-06-03,03/06/2026,M692CTH6E2,0406 74987506154000825401088,26955895790762447-26978962338455786,FB_Almagro_Awareness,Almagro S.A,Marca,Parque Brasil,I-ALM-2285,80043,5717,600000,69272.0,Coincide,Match cartola + proyecto,600000,Facturas Meta/Cartola TC/MovFacturadosInternacionales_94840000-6_9-6-2026.xls
2026-06,Almagro Inmobiliaria,2026-06-03,03/06/2026,M692CTH6E2,0406 74987506154000825401088,26955895790762447-26978962338455786,FB_Almagro_Awareness,Arcilla Roja,Marca,Rengo,I-ALM-2288,80043,5717,600000,69272.0,Coincide,Match cartola + proyecto,600000,Facturas Meta/Cartola TC/MovFacturadosInternacionales_94840000-6_9-6-2026.xls
2026-06,Almagro Inmobiliaria,2026-06-03,03/06/2026,M692CTH6E2,0406 74987506154000825401088,26955895790762447-26978962338455786,FB_Almagro_Awareness,Almagro S.A,Marca,San Eugenio 2,I-ALM-2227,80043,5717,600000,69272.0,Coincide,Match cartola + proyecto,600000,Facturas Meta/Cartola TC/MovFacturadosInternacionales_94840000-6_9-6-2026.xls
2026-06,Almagro Inmobiliaria,2026-06-03,03/06/2026,M692CTH6E2,0406 74987506154000825401088,26955895790762447-26978962338455786,FB_Almagro_Patrocinado_Blog,Madagascar,Blog,Almagro District,I-ALM-2399,1265,91,600000,69272.0,Coincide,Match cartola + proyecto,600000,Facturas Meta/Cartola TC/MovFacturadosInternacionales_94840000-6_9-6-2026.xls
2026-06,Almagro Inmobiliaria,2026-06-03,03/06/2026,M692CTH6E2,0406 74987506154000825401088,26955895790762447-26978962338455786,FB_Almagro_Patrocinado_Blog,Arcilla Roja,Blog,Almagro Hub,I-ALM-2189,1265,91,600000,69272.0,Coincide,Match cartola + proyecto,600000,Facturas Meta/Cartola TC/MovFacturadosInternacionales_94840000-6_9-6-2026.xls
2026-06,Almagro Inmobiliaria,2026-06-03,03/06/2026,M692CTH6E2,0406 74987506154000825401088,26955895790762447-26978962338455786,FB_Almagro_Patrocinado_Blog,Almagro S.A,Blog,Almagro Plus,I-ALM-2234,1265,91,600000,69272.0,Coincide,Match cartola + proyecto,600000,Facturas Meta/Cartola TC/MovFacturadosInternacionales_94840000-6_9-6-2026.xls
2026-06,Almagro Inmobiliaria,2026-06-03,03/06/2026,M692CTH6E2,0406 74987506154000825401088,26955895790762447-26978962338455786,FB_Almagro_Patrocinado_Blog,Almagro S.A,Blog,Balance,I-ALM-2358,1265,91,600000,69272.0,Coincide,Match cartola + proyecto,600000,Facturas Meta/Cartola TC/MovFacturadosInternacionales_94840000-6_9-6-2026.xls
2026-06,Almagro Inmobiliaria,2026-06-03,03/06/2026,M692CTH6E2,0406 74987506154000825401088,26955895790762447-26978962338455786,FB_Almagro_Patrocinado_Blog,Almagro S.A,Blog,Carrera 4,I-ALM-2275,1265,91,600000,69272.0,Coincide,Match cartola + proyecto,600000,Facturas Meta/Cartola TC/MovFacturadosInternacionales_94840000-6_9-6-2026.xls
2026-06,Almagro Inmobiliaria,2026-06-03,03/06/2026,M692CTH6E2,0406 74987506154000825401088,26955895790762447-26978962338455786,FB_Almagro_Patrocinado_Blog,Almagro S.A,Blog,Indico,I-ALM-1453,1265,90,600000,69272.0,Coincide,Match cartola + proyecto,600000,Facturas Meta/Cartola TC/MovFacturadosInternacionales_94840000-6_9-6-2026.xls
2026-06,Almagro Inmobiliaria,2026-06-03,03/06/2026,M692CTH6E2,0406 74987506154000825401088,26955895790762447-26978962338455786,FB_Almagro_Patrocinado_Blog,Almagro S.A,Blog,Insigne,I-ALM-2157,1265,90,600000,69272.0,Coincide,Match cartola + proyecto,600000,Facturas Meta/Cartola TC/MovFacturadosInternacionales_94840000-6_9-6-2026.xls
2026-06,Almagro Inmobiliaria,2026-06-03,03/06/2026,M692CTH6E2,0406 74987506154000825401088,26955895790762447-26978962338455786,FB_Almagro_Patrocinado_Blog,Almagro S.A,Blog,Los Cactus,I-ALM-2342,1265,90,600000,69272.0,Coincide,Match cartola + proyecto,600000,Facturas Meta/Cartola TC/MovFacturadosInternacionales_94840000-6_9-6-2026.xls
2026-06,Almagro Inmobiliaria,2026-06-03,03/06/2026,M692CTH6E2,0406 74987506154000825401088,26955895790762447-26978962338455786,FB_Almagro_Patrocinado_Blog,Almagro S.A,Blog,Lyon Bilbao,I-ALM-2211,1265,90,600000,69272.0,Coincide,Match cartola + proyecto,600000,Facturas Meta/Cartola TC/MovFacturadosInternacionales_94840000-6_9-6-2026.xls
2026-06,Almagro Inmobiliaria,2026-06-03,03/06/2026,M692CTH6E2,0406 74987506154000825401088,26955895790762447-26978962338455786,FB_Almagro_Patrocinado_Blog,Arcilla Roja,Blog,PLP 1,I-ALM-2226,1265,90,600000,69272.0,Coincide,Match cartola + proyecto,600000,Facturas Meta/Cartola TC/MovFacturadosInternacionales_94840000-6_9-6-2026.xls
2026-06,Almagro Inmobiliaria,2026-06-03,03/06/2026,M692CTH6E2,0406 74987506154000825401088,26955895790762447-26978962338455786,FB_Almagro_Patrocinado_Blog,Arcilla Roja,Blog,PLP 2,I-ALM-2306,1265,90,600000,69272.0,Coincide,Match cartola + proyecto,600000,Facturas Meta/Cartola TC/MovFacturadosInternacionales_94840000-6_9-6-2026.xls
2026-06,Almagro Inmobiliaria,2026-06-03,03/06/2026,M692CTH6E2,0406 74987506154000825401088,26955895790762447-26978962338455786,FB_Almagro_Patrocinado_Blog,Almagro S.A,Blog,Parque Brasil,I-ALM-2285,1265,90,600000,69272.0,Coincide,Match cartola + proyecto,600000,Facturas Meta/Cartola TC/MovFacturadosInternacionales_94840000-6_9-6-2026.xls
2026-06,Almagro Inmobiliaria,2026-06-03,03/06/2026,M692CTH6E2,0406 74987506154000825401088,26955895790762447-26978962338455786,FB_Almagro_Patrocinado_Blog,Arcilla Roja,Blog,Rengo,I-ALM-2288,1265,90,600000,69272.0,Coincide,Match cartola + proyecto,600000,Facturas Meta/Cartola TC/MovFacturadosInternacionales_94840000-6_9-6-2026.xls
2026-06,Almagro Inmobiliaria,2026-06-03,03/06/2026,M692CTH6E2,0406 74987506154000825401088,26955895790762447-26978962338455786,FB_Almagro_Patrocinado_Blog,Almagro S.A,Blog,San Eugenio 2,I-ALM-2227,1265,90,600000,69272.0,Coincide,Match cartola + proyecto,600000,Facturas Meta/Cartola TC/MovFacturadosInternacionales_94840000-6_9-6-2026.xls
2026-06,Almagro Inmobiliaria,2026-06-03,03/06/2026,M692CTH6E2,0406 74987506154000825401088,26955895790762447-26978962338455786,FB_Almagro_TuDeptoEsTuPie,Madagascar,PPP,Almagro District,I-ALM-2399,24265,1734,600000,69272.0,Coincide,Match cartola + proyecto,600000,Facturas Meta/Cartola TC/MovFacturadosInternacionales_94840000-6_9-6-2026.xls
2026-06,Almagro Inmobiliaria,2026-06-03,03/06/2026,M692CTH6E2,0406 74987506154000825401088,26955895790762447-26978962338455786,FB_Almagro_TuDeptoEsTuPie,Arcilla Roja,PPP,Almagro Hub,I-ALM-2189,24265,1734,600000,69272.0,Coincide,Match cartola + proyecto,600000,Facturas Meta/Cartola TC/MovFacturadosInternacionales_94840000-6_9-6-2026.xls
2026-06,Almagro Inmobiliaria,2026-06-03,03/06/2026,M692CTH6E2,0406 74987506154000825401088,26955895790762447-26978962338455786,FB_Almagro_TuDeptoEsTuPie,Almagro S.A,PPP,Almagro Plus,I-ALM-2234,24265,1734,600000,69272.0,Coincide,Match cartola + proyecto,600000,Facturas Meta/Cartola TC/MovFacturadosInternacionales_94840000-6_9-6-2026.xls
2026-06,Almagro Inmobiliaria,2026-06-03,03/06/2026,M692CTH6E2,0406 74987506154000825401088,26955895790762447-26978962338455786,FB_Almagro_TuDeptoEsTuPie,Almagro S.A,PPP,Balance,I-ALM-2358,24265,1733,600000,69272.0,Coincide,Match cartola + proyecto,600000,Facturas Meta/Cartola TC/MovFacturadosInternacionales_94840000-6_9-6-2026.xls
2026-06,Almagro Inmobiliaria,2026-06-03,03/06/2026,M692CTH6E2,0406 74987506154000825401088,26955895790762447-26978962338455786,FB_Almagro_TuDeptoEsTuPie,Almagro S.A,PPP,Carrera 4,I-ALM-2275,24265,1733,600000,69272.0,Coincide,Match cartola + proyecto,600000,Facturas Meta/Cartola TC/MovFacturadosInternacionales_94840000-6_9-6-2026.xls
2026-06,Almagro Inmobiliaria,2026-06-03,03/06/2026,M692CTH6E2,0406 74987506154000825401088,26955895790762447-26978962338455786,FB_Almagro_TuDeptoEsTuPie,Almagro S.A,PPP,Indico,I-ALM-1453,24265,1733,600000,69272.0,Coincide,Match cartola + proyecto,600000,Facturas Meta/Cartola TC/MovFacturadosInternacionales_94840000-6_9-6-2026.xls
2026-06,Almagro Inmobiliaria,2026-06-03,03/06/2026,M692CTH6E2,0406 74987506154000825401088,26955895790762447-26978962338455786,FB_Almagro_TuDeptoEsTuPie,Almagro S.A,PPP,Insigne,I-ALM-2157,24265,1733,600000,69272.0,Coincide,Match cartola + proyecto,600000,Facturas Meta/Cartola TC/MovFacturadosInternacionales_94840000-6_9-6-2026.xls
2026-06,Almagro Inmobiliaria,2026-06-03,03/06/2026,M692CTH6E2,0406 74987506154000825401088,26955895790762447-26978962338455786,FB_Almagro_TuDeptoEsTuPie,Almagro S.A,PPP,Los Cactus,I-ALM-2342,24265,1733,600000,69272.0,Coincide,Match cartola + proyecto,600000,Facturas Meta/Cartola TC/MovFacturadosInternacionales_94840000-6_9-6-2026.xls
2026-06,Almagro Inmobiliaria,2026-06-03,03/06/2026,M692CTH6E2,0406 74987506154000825401088,26955895790762447-26978962338455786,FB_Almagro_TuDeptoEsTuPie,Almagro S.A,PPP,Lyon Bilbao,I-ALM-2211,24265,1733,600000,69272.0,Coincide,Match cartola + proyecto,600000,Facturas Meta/Cartola TC/MovFacturadosInternacionales_94840000-6_9-6-2026.xls
2026-06,Almagro Inmobiliaria,2026-06-03,03/06/2026,M692CTH6E2,0406 74987506154000825401088,26955895790762447-26978962338455786,FB_Almagro_TuDeptoEsTuPie,Arcilla Roja,PPP,PLP 1,I-ALM-2226,24265,1733,600000,69272.0,Coincide,Match cartola + proyecto,600000,Facturas Meta/Cartola TC/MovFacturadosInternacionales_94840000-6_9-6-2026.xls
2026-06,Almagro Inmobiliaria,2026-06-03,03/06/2026,M692CTH6E2,0406 74987506154000825401088,26955895790762447-26978962338455786,FB_Almagro_TuDeptoEsTuPie,Arcilla Roja,PPP,PLP 2,I-ALM-2306,24265,1733,600000,69272.0,Coincide,Match cartola + proyecto,600000,Facturas Meta/Cartola TC/MovFacturadosInternacionales_94840000-6_9-6-2026.xls
2026-06,Almagro Inmobiliaria,2026-06-03,03/06/2026,M692CTH6E2,0406 74987506154000825401088,26955895790762447-26978962338455786,FB_Almagro_TuDeptoEsTuPie,Almagro S.A,PPP,Parque Brasil,I-ALM-2285,24265,1733,600000,69272.0,Coincide,Match cartola + proyecto,600000,Facturas Meta/Cartola TC/MovFacturadosInternacionales_94840000-6_9-6-2026.xls
2026-06,Almagro Inmobiliaria,2026-06-03,03/06/2026,M692CTH6E2,0406 74987506154000825401088,26955895790762447-26978962338455786,FB_Almagro_TuDeptoEsTuPie,Arcilla Roja,PPP,Rengo,I-ALM-2288,24265,1733,600000,69272.0,Coincide,Match cartola + proyecto,600000,Facturas Meta/Cartola TC/MovFacturadosInternacionales_94840000-6_9-6-2026.xls
2026-06,Almagro Inmobiliaria,2026-06-03,03/06/2026,M692CTH6E2,0406 74987506154000825401088,26955895790762447-26978962338455786,FB_Almagro_TuDeptoEsTuPie,Almagro S.A,PPP,San Eugenio 2,I-ALM-2227,24265,1733,600000,69272.0,Coincide,Match cartola + proyecto,600000,Facturas Meta/Cartola TC/MovFacturadosInternacionales_94840000-6_9-6-2026.xls
2026-06,Almagro Inmobiliaria,2026-06-05,05/06/2026,HQL9HTH6E2,0506 74987506155000134688077,26984051261280231-27041801612171859,FB_AOL_Antofagasta_AlmagroTerra,Almagro S.A,Antofagasta,Almagro Terra,I-ALM-2360,8608,8608,600000,68596.0,Coincide,Match cartola + proyecto,600000,Facturas Meta/Cartola TC/MovFacturadosInternacionales_94840000-6_9-6-2026.xls
2026-06,Almagro Inmobiliaria,2026-06-05,05/06/2026,HQL9HTH6E2,0506 74987506155000134688077,26984051261280231-27041801612171859,FB_AOL_Antofagasta_Indico,Almagro S.A,Antofagasta,Indico,I-ALM-1453,15686,15686,600000,68596.0,Coincide,Match cartola + proyecto,600000,Facturas Meta/Cartola TC/MovFacturadosInternacionales_94840000-6_9-6-2026.xls
2026-06,Almagro Inmobiliaria,2026-06-05,05/06/2026,HQL9HTH6E2,0506 74987506155000134688077,26984051261280231-27041801612171859,FB_AOL_Antofagasta_ParqueBrasil,Almagro S.A,Antofagasta,Parque Brasil,I-ALM-2285,7900,7900,600000,68596.0,Coincide,Match cartola + proyecto,600000,Facturas Meta/Cartola TC/MovFacturadosInternacionales_94840000-6_9-6-2026.xls
2026-06,Almagro Inmobiliaria,2026-06-05,05/06/2026,HQL9HTH6E2,0506 74987506155000134688077,26984051261280231-27041801612171859,FB_AOL_Santiago_AlmagroDistrict,Madagascar,Las Condes,Almagro District,I-ALM-2399,4214,4214,600000,68596.0,Coincide,Match cartola + proyecto,600000,Facturas Meta/Cartola TC/MovFacturadosInternacionales_94840000-6_9-6-2026.xls
2026-06,Almagro Inmobiliaria,2026-06-05,05/06/2026,HQL9HTH6E2,0506 74987506155000134688077,26984051261280231-27041801612171859,FB_AOL_Santiago_AlmagroHub,Arcilla Roja,Providencia,Almagro Hub,I-ALM-2189,4118,4118,600000,68596.0,Coincide,Match cartola + proyecto,600000,Facturas Meta/Cartola TC/MovFacturadosInternacionales_94840000-6_9-6-2026.xls
2026-06,Almagro Inmobiliaria,2026-06-05,05/06/2026,HQL9HTH6E2,0506 74987506155000134688077,26984051261280231-27041801612171859,FB_AOL_Santiago_AlmagroPlus,Almagro S.A,Almagro Plus,Almagro Plus,I-ALM-2234,9433,9433,600000,68596.0,Coincide,Match cartola + proyecto,600000,Facturas Meta/Cartola TC/MovFacturadosInternacionales_94840000-6_9-6-2026.xls
2026-06,Almagro Inmobiliaria,2026-06-05,05/06/2026,HQL9HTH6E2,0506 74987506155000134688077,26984051261280231-27041801612171859,FB_AOL_Santiago_Balance,Almagro S.A,Providencia,Balance,I-ALM-2358,5066,5066,600000,68596.0,Coincide,Match cartola + proyecto,600000,Facturas Meta/Cartola TC/MovFacturadosInternacionales_94840000-6_9-6-2026.xls
2026-06,Almagro Inmobiliaria,2026-06-05,05/06/2026,HQL9HTH6E2,0506 74987506155000134688077,26984051261280231-27041801612171859,FB_AOL_Santiago_Carrera_IV,Almagro S.A,Santiago Centro,Carrera 4,I-ALM-2275,11707,11707,600000,68596.0,Coincide,Match cartola + proyecto,600000,Facturas Meta/Cartola TC/MovFacturadosInternacionales_94840000-6_9-6-2026.xls
2026-06,Almagro Inmobiliaria,2026-06-05,05/06/2026,HQL9HTH6E2,0506 74987506155000134688077,26984051261280231-27041801612171859,FB_AOL_Santiago_Insigne,Almagro S.A,Macul,Insigne,I-ALM-2157,9227,9227,600000,68596.0,Coincide,Match cartola + proyecto,600000,Facturas Meta/Cartola TC/MovFacturadosInternacionales_94840000-6_9-6-2026.xls
2026-06,Almagro Inmobiliaria,2026-06-05,05/06/2026,HQL9HTH6E2,0506 74987506155000134688077,26984051261280231-27041801612171859,FB_AOL_Santiago_LosCactus,Almagro S.A,Lo Barnechea,Los Cactus,I-ALM-2342,4957,4957,600000,68596.0,Coincide,Match cartola + proyecto,600000,Facturas Meta/Cartola TC/MovFacturadosInternacionales_94840000-6_9-6-2026.xls
2026-06,Almagro Inmobiliaria,2026-06-05,05/06/2026,HQL9HTH6E2,0506 74987506155000134688077,26984051261280231-27041801612171859,FB_AOL_Santiago_LyonBilbao,Almagro S.A,Providencia,Lyon Bilbao,I-ALM-2211,4604,4604,600000,68596.0,Coincide,Match cartola + proyecto,600000,Facturas Meta/Cartola TC/MovFacturadosInternacionales_94840000-6_9-6-2026.xls
2026-06,Almagro Inmobiliaria,2026-06-05,05/06/2026,HQL9HTH6E2,0506 74987506155000134688077,26984051261280231-27041801612171859,FB_AOL_Santiago_PadreLePaige,Arcilla Roja,Las Condes,PLP 1,I-ALM-2226,4672,4672,600000,68596.0,Coincide,Match cartola + proyecto,600000,Facturas Meta/Cartola TC/MovFacturadosInternacionales_94840000-6_9-6-2026.xls
2026-06,Almagro Inmobiliaria,2026-06-05,05/06/2026,HQL9HTH6E2,0506 74987506155000134688077,26984051261280231-27041801612171859,FB_AOL_Santiago_PadreLePaige_Etapa2,Arcilla Roja,Las Condes,PLP 2,I-ALM-2306,5095,5095,600000,68596.0,Coincide,Match cartola + proyecto,600000,Facturas Meta/Cartola TC/MovFacturadosInternacionales_94840000-6_9-6-2026.xls
2026-06,Almagro Inmobiliaria,2026-06-05,05/06/2026,HQL9HTH6E2,0506 74987506155000134688077,26984051261280231-27041801612171859,FB_AOL_Santiago_Rengo,Arcilla Roja,Providencia,Rengo,I-ALM-2288,4323,4323,600000,68596.0,Coincide,Match cartola + proyecto,600000,Facturas Meta/Cartola TC/MovFacturadosInternacionales_94840000-6_9-6-2026.xls
2026-06,Almagro Inmobiliaria,2026-06-05,05/06/2026,HQL9HTH6E2,0506 74987506155000134688077,26984051261280231-27041801612171859,FB_AOL_Santiago_SanEugenio,Almagro S.A,Ñuñoa,San Eugenio 2,I-ALM-2227,9322,9322,600000,68596.0,Coincide,Match cartola + proyecto,600000,Facturas Meta/Cartola TC/MovFacturadosInternacionales_94840000-6_9-6-2026.xls
2026-06,Almagro Inmobiliaria,2026-06-05,05/06/2026,HQL9HTH6E2,0506 74987506155000134688077,26984051261280231-27041801612171859,FB_AOT_Antofagasta_AlmagroTerra,Almagro S.A,Antofagasta,Almagro Terra,I-ALM-2360,29038,29038,600000,68596.0,Coincide,Match cartola + proyecto,600000,Facturas Meta/Cartola TC/MovFacturadosInternacionales_94840000-6_9-6-2026.xls
2026-06,Almagro Inmobiliaria,2026-06-05,05/06/2026,HQL9HTH6E2,0506 74987506155000134688077,26984051261280231-27041801612171859,FB_AOT_Antofagasta_ParqueBrasil,Almagro S.A,Antofagasta,Parque Brasil,I-ALM-2285,29692,29692,600000,68596.0,Coincide,Match cartola + proyecto,600000,Facturas Meta/Cartola TC/MovFacturadosInternacionales_94840000-6_9-6-2026.xls
2026-06,Almagro Inmobiliaria,2026-06-05,05/06/2026,HQL9HTH6E2,0506 74987506155000134688077,26984051261280231-27041801612171859,FB_AOT_Antofagasta_ValleDelMar,Almagro S.A,Antofagasta,Valle del Mar,I-ALM-1453,29943,29943,600000,68596.0,Coincide,Match cartola + proyecto,600000,Facturas Meta/Cartola TC/MovFacturadosInternacionales_94840000-6_9-6-2026.xls
2026-06,Almagro Inmobiliaria,2026-06-05,05/06/2026,HQL9HTH6E2,0506 74987506155000134688077,26984051261280231-27041801612171859,FB_AOT_Inversionistas,Almagro S.A,Santiago,Insigne,I-ALM-2157,65483,65483,600000,68596.0,Coincide,Match cartola + proyecto,600000,Facturas Meta/Cartola TC/MovFacturadosInternacionales_94840000-6_9-6-2026.xls
2026-06,Almagro Inmobiliaria,2026-06-05,05/06/2026,HQL9HTH6E2,0506 74987506155000134688077,26984051261280231-27041801612171859,FB_AOT_Santiago_AlmagroPlus,Almagro S.A,Ñuñoa,Almagro Plus,I-ALM-2234,30425,30425,600000,68596.0,Coincide,Match cartola + proyecto,600000,Facturas Meta/Cartola TC/MovFacturadosInternacionales_94840000-6_9-6-2026.xls
2026-06,Almagro Inmobiliaria,2026-06-05,05/06/2026,HQL9HTH6E2,0506 74987506155000134688077,26984051261280231-27041801612171859,FB_AOT_Santiago_Carrera_IV,Almagro S.A,Santiago,Carrera 4,I-ALM-2275,33896,33896,600000,68596.0,Coincide,Match cartola + proyecto,600000,Facturas Meta/Cartola TC/MovFacturadosInternacionales_94840000-6_9-6-2026.xls
2026-06,Almagro Inmobiliaria,2026-06-05,05/06/2026,HQL9HTH6E2,0506 74987506155000134688077,26984051261280231-27041801612171859,FB_AOT_Santiago_Insigne,Almagro S.A,Macul,Insigne,I-ALM-2157,29198,29198,600000,68596.0,Coincide,Match cartola + proyecto,600000,Facturas Meta/Cartola TC/MovFacturadosInternacionales_94840000-6_9-6-2026.xls
2026-06,Almagro Inmobiliaria,2026-06-05,05/06/2026,HQL9HTH6E2,0506 74987506155000134688077,26984051261280231-27041801612171859,FB_AOT_Santiago_SanEugenio,Almagro S.A,Santiago,San Eugenio 2,I-ALM-2227,28336,28336,600000,68596.0,Coincide,Match cartola + proyecto,600000,Facturas Meta/Cartola TC/MovFacturadosInternacionales_94840000-6_9-6-2026.xls
2026-06,Almagro Inmobiliaria,2026-06-05,05/06/2026,HQL9HTH6E2,0506 74987506155000134688077,26984051261280231-27041801612171859,FB_AOT_Santiago_Signature,Almagro S.A,Santiago,Signature,I-ALM-2354,7210,7210,600000,68596.0,Coincide,Match cartola + proyecto,600000,Facturas Meta/Cartola TC/MovFacturadosInternacionales_94840000-6_9-6-2026.xls
2026-06,Almagro Inmobiliaria,2026-06-05,05/06/2026,HQL9HTH6E2,0506 74987506155000134688077,26984051261280231-27041801612171859,FB_Advantage_Almagro,Arcilla Roja,AON,Almagro Hub,I-ALM-2189,112143,14018,600000,68596.0,Coincide,Match cartola + proyecto,600000,Facturas Meta/Cartola TC/MovFacturadosInternacionales_94840000-6_9-6-2026.xls
2026-06,Almagro Inmobiliaria,2026-06-05,05/06/2026,HQL9HTH6E2,0506 74987506155000134688077,26984051261280231-27041801612171859,FB_Advantage_Almagro,Almagro S.A,AON,Carrera 4,I-ALM-2275,112143,14018,600000,68596.0,Coincide,Match cartola + proyecto,600000,Facturas Meta/Cartola TC/MovFacturadosInternacionales_94840000-6_9-6-2026.xls
2026-06,Almagro Inmobiliaria,2026-06-05,05/06/2026,HQL9HTH6E2,0506 74987506155000134688077,26984051261280231-27041801612171859,FB_Advantage_Almagro,Almagro S.A,AON,Indico,I-ALM-1453,112143,14018,600000,68596.0,Coincide,Match cartola + proyecto,600000,Facturas Meta/Cartola TC/MovFacturadosInternacionales_94840000-6_9-6-2026.xls
2026-06,Almagro Inmobiliaria,2026-06-05,05/06/2026,HQL9HTH6E2,0506 74987506155000134688077,26984051261280231-27041801612171859,FB_Advantage_Almagro,Almagro S.A,AON,Los Cactus,I-ALM-2342,112143,14018,600000,68596.0,Coincide,Match cartola + proyecto,600000,Facturas Meta/Cartola TC/MovFacturadosInternacionales_94840000-6_9-6-2026.xls
2026-06,Almagro Inmobiliaria,2026-06-05,05/06/2026,HQL9HTH6E2,0506 74987506155000134688077,26984051261280231-27041801612171859,FB_Advantage_Almagro,Almagro S.A,AON,Lyon Bilbao,I-ALM-2211,112143,14018,600000,68596.0,Coincide,Match cartola + proyecto,600000,Facturas Meta/Cartola TC/MovFacturadosInternacionales_94840000-6_9-6-2026.xls
2026-06,Almagro Inmobiliaria,2026-06-05,05/06/2026,HQL9HTH6E2,0506 74987506155000134688077,26984051261280231-27041801612171859,FB_Advantage_Almagro,Arcilla Roja,AON,PLP 1,I-ALM-2226,112143,14018,600000,68596.0,Coincide,Match cartola + proyecto,600000,Facturas Meta/Cartola TC/MovFacturadosInternacionales_94840000-6_9-6-2026.xls
2026-06,Almagro Inmobiliaria,2026-06-05,05/06/2026,HQL9HTH6E2,0506 74987506155000134688077,26984051261280231-27041801612171859,FB_Advantage_Almagro,Arcilla Roja,AON,PLP 2,I-ALM-2306,112143,14018,600000,68596.0,Coincide,Match cartola + proyecto,600000,Facturas Meta/Cartola TC/MovFacturadosInternacionales_94840000-6_9-6-2026.xls
2026-06,Almagro Inmobiliaria,2026-06-05,05/06/2026,HQL9HTH6E2,0506 74987506155000134688077,26984051261280231-27041801612171859,FB_Advantage_Almagro,Almagro S.A,AON,San Eugenio 2,I-ALM-2227,112143,14017,600000,68596.0,Coincide,Match cartola + proyecto,600000,Facturas Meta/Cartola TC/MovFacturadosInternacionales_94840000-6_9-6-2026.xls
2026-06,Almagro Inmobiliaria,2026-06-05,05/06/2026,HQL9HTH6E2,0506 74987506155000134688077,26984051261280231-27041801612171859,FB_Almagro_Awareness,Madagascar,Marca,Almagro District,I-ALM-2399,68375,4884,600000,68596.0,Coincide,Match cartola + proyecto,600000,Facturas Meta/Cartola TC/MovFacturadosInternacionales_94840000-6_9-6-2026.xls
2026-06,Almagro Inmobiliaria,2026-06-05,05/06/2026,HQL9HTH6E2,0506 74987506155000134688077,26984051261280231-27041801612171859,FB_Almagro_Awareness,Arcilla Roja,Marca,Almagro Hub,I-ALM-2189,68375,4884,600000,68596.0,Coincide,Match cartola + proyecto,600000,Facturas Meta/Cartola TC/MovFacturadosInternacionales_94840000-6_9-6-2026.xls
2026-06,Almagro Inmobiliaria,2026-06-05,05/06/2026,HQL9HTH6E2,0506 74987506155000134688077,26984051261280231-27041801612171859,FB_Almagro_Awareness,Almagro S.A,Marca,Almagro Plus,I-ALM-2234,68375,4884,600000,68596.0,Coincide,Match cartola + proyecto,600000,Facturas Meta/Cartola TC/MovFacturadosInternacionales_94840000-6_9-6-2026.xls
2026-06,Almagro Inmobiliaria,2026-06-05,05/06/2026,HQL9HTH6E2,0506 74987506155000134688077,26984051261280231-27041801612171859,FB_Almagro_Awareness,Almagro S.A,Marca,Balance,I-ALM-2358,68375,4884,600000,68596.0,Coincide,Match cartola + proyecto,600000,Facturas Meta/Cartola TC/MovFacturadosInternacionales_94840000-6_9-6-2026.xls
2026-06,Almagro Inmobiliaria,2026-06-05,05/06/2026,HQL9HTH6E2,0506 74987506155000134688077,26984051261280231-27041801612171859,FB_Almagro_Awareness,Almagro S.A,Marca,Carrera 4,I-ALM-2275,68375,4884,600000,68596.0,Coincide,Match cartola + proyecto,600000,Facturas Meta/Cartola TC/MovFacturadosInternacionales_94840000-6_9-6-2026.xls
2026-06,Almagro Inmobiliaria,2026-06-05,05/06/2026,HQL9HTH6E2,0506 74987506155000134688077,26984051261280231-27041801612171859,FB_Almagro_Awareness,Almagro S.A,Marca,Indico,I-ALM-1453,68375,4884,600000,68596.0,Coincide,Match cartola + proyecto,600000,Facturas Meta/Cartola TC/MovFacturadosInternacionales_94840000-6_9-6-2026.xls
2026-06,Almagro Inmobiliaria,2026-06-05,05/06/2026,HQL9HTH6E2,0506 74987506155000134688077,26984051261280231-27041801612171859,FB_Almagro_Awareness,Almagro S.A,Marca,Insigne,I-ALM-2157,68375,4884,600000,68596.0,Coincide,Match cartola + proyecto,600000,Facturas Meta/Cartola TC/MovFacturadosInternacionales_94840000-6_9-6-2026.xls
2026-06,Almagro Inmobiliaria,2026-06-05,05/06/2026,HQL9HTH6E2,0506 74987506155000134688077,26984051261280231-27041801612171859,FB_Almagro_Awareness,Almagro S.A,Marca,Los Cactus,I-ALM-2342,68375,4884,600000,68596.0,Coincide,Match cartola + proyecto,600000,Facturas Meta/Cartola TC/MovFacturadosInternacionales_94840000-6_9-6-2026.xls
2026-06,Almagro Inmobiliaria,2026-06-05,05/06/2026,HQL9HTH6E2,0506 74987506155000134688077,26984051261280231-27041801612171859,FB_Almagro_Awareness,Almagro S.A,Marca,Lyon Bilbao,I-ALM-2211,68375,4884,600000,68596.0,Coincide,Match cartola + proyecto,600000,Facturas Meta/Cartola TC/MovFacturadosInternacionales_94840000-6_9-6-2026.xls
2026-06,Almagro Inmobiliaria,2026-06-05,05/06/2026,HQL9HTH6E2,0506 74987506155000134688077,26984051261280231-27041801612171859,FB_Almagro_Awareness,Arcilla Roja,Marca,PLP 1,I-ALM-2226,68375,4884,600000,68596.0,Coincide,Match cartola + proyecto,600000,Facturas Meta/Cartola TC/MovFacturadosInternacionales_94840000-6_9-6-2026.xls
2026-06,Almagro Inmobiliaria,2026-06-05,05/06/2026,HQL9HTH6E2,0506 74987506155000134688077,26984051261280231-27041801612171859,FB_Almagro_Awareness,Arcilla Roja,Marca,PLP 2,I-ALM-2306,68375,4884,600000,68596.0,Coincide,Match cartola + proyecto,600000,Facturas Meta/Cartola TC/MovFacturadosInternacionales_94840000-6_9-6-2026.xls
2026-06,Almagro Inmobiliaria,2026-06-05,05/06/2026,HQL9HTH6E2,0506 74987506155000134688077,26984051261280231-27041801612171859,FB_Almagro_Awareness,Almagro S.A,Marca,Parque Brasil,I-ALM-2285,68375,4884,600000,68596.0,Coincide,Match cartola + proyecto,600000,Facturas Meta/Cartola TC/MovFacturadosInternacionales_94840000-6_9-6-2026.xls
2026-06,Almagro Inmobiliaria,2026-06-05,05/06/2026,HQL9HTH6E2,0506 74987506155000134688077,26984051261280231-27041801612171859,FB_Almagro_Awareness,Arcilla Roja,Marca,Rengo,I-ALM-2288,68375,4884,600000,68596.0,Coincide,Match cartola + proyecto,600000,Facturas Meta/Cartola TC/MovFacturadosInternacionales_94840000-6_9-6-2026.xls
2026-06,Almagro Inmobiliaria,2026-06-05,05/06/2026,HQL9HTH6E2,0506 74987506155000134688077,26984051261280231-27041801612171859,FB_Almagro_Awareness,Almagro S.A,Marca,San Eugenio 2,I-ALM-2227,68375,4883,600000,68596.0,Coincide,Match cartola + proyecto,600000,Facturas Meta/Cartola TC/MovFacturadosInternacionales_94840000-6_9-6-2026.xls
2026-06,Almagro Inmobiliaria,2026-06-05,05/06/2026,HQL9HTH6E2,0506 74987506155000134688077,26984051261280231-27041801612171859,FB_Almagro_TuDeptoEsTuPie,Madagascar,PPP,Almagro District,I-ALM-2399,27329,1953,600000,68596.0,Coincide,Match cartola + proyecto,600000,Facturas Meta/Cartola TC/MovFacturadosInternacionales_94840000-6_9-6-2026.xls
2026-06,Almagro Inmobiliaria,2026-06-05,05/06/2026,HQL9HTH6E2,0506 74987506155000134688077,26984051261280231-27041801612171859,FB_Almagro_TuDeptoEsTuPie,Arcilla Roja,PPP,Almagro Hub,I-ALM-2189,27329,1952,600000,68596.0,Coincide,Match cartola + proyecto,600000,Facturas Meta/Cartola TC/MovFacturadosInternacionales_94840000-6_9-6-2026.xls
2026-06,Almagro Inmobiliaria,2026-06-05,05/06/2026,HQL9HTH6E2,0506 74987506155000134688077,26984051261280231-27041801612171859,FB_Almagro_TuDeptoEsTuPie,Almagro S.A,PPP,Almagro Plus,I-ALM-2234,27329,1952,600000,68596.0,Coincide,Match cartola + proyecto,600000,Facturas Meta/Cartola TC/MovFacturadosInternacionales_94840000-6_9-6-2026.xls
2026-06,Almagro Inmobiliaria,2026-06-05,05/06/2026,HQL9HTH6E2,0506 74987506155000134688077,26984051261280231-27041801612171859,FB_Almagro_TuDeptoEsTuPie,Almagro S.A,PPP,Balance,I-ALM-2358,27329,1952,600000,68596.0,Coincide,Match cartola + proyecto,600000,Facturas Meta/Cartola TC/MovFacturadosInternacionales_94840000-6_9-6-2026.xls
2026-06,Almagro Inmobiliaria,2026-06-05,05/06/2026,HQL9HTH6E2,0506 74987506155000134688077,26984051261280231-27041801612171859,FB_Almagro_TuDeptoEsTuPie,Almagro S.A,PPP,Carrera 4,I-ALM-2275,27329,1952,600000,68596.0,Coincide,Match cartola + proyecto,600000,Facturas Meta/Cartola TC/MovFacturadosInternacionales_94840000-6_9-6-2026.xls
2026-06,Almagro Inmobiliaria,2026-06-05,05/06/2026,HQL9HTH6E2,0506 74987506155000134688077,26984051261280231-27041801612171859,FB_Almagro_TuDeptoEsTuPie,Almagro S.A,PPP,Indico,I-ALM-1453,27329,1952,600000,68596.0,Coincide,Match cartola + proyecto,600000,Facturas Meta/Cartola TC/MovFacturadosInternacionales_94840000-6_9-6-2026.xls
2026-06,Almagro Inmobiliaria,2026-06-05,05/06/2026,HQL9HTH6E2,0506 74987506155000134688077,26984051261280231-27041801612171859,FB_Almagro_TuDeptoEsTuPie,Almagro S.A,PPP,Insigne,I-ALM-2157,27329,1952,600000,68596.0,Coincide,Match cartola + proyecto,600000,Facturas Meta/Cartola TC/MovFacturadosInternacionales_94840000-6_9-6-2026.xls
2026-06,Almagro Inmobiliaria,2026-06-05,05/06/2026,HQL9HTH6E2,0506 74987506155000134688077,26984051261280231-27041801612171859,FB_Almagro_TuDeptoEsTuPie,Almagro S.A,PPP,Los Cactus,I-ALM-2342,27329,1952,600000,68596.0,Coincide,Match cartola + proyecto,600000,Facturas Meta/Cartola TC/MovFacturadosInternacionales_94840000-6_9-6-2026.xls
2026-06,Almagro Inmobiliaria,2026-06-05,05/06/2026,HQL9HTH6E2,0506 74987506155000134688077,26984051261280231-27041801612171859,FB_Almagro_TuDeptoEsTuPie,Almagro S.A,PPP,Lyon Bilbao,I-ALM-2211,27329,1952,600000,68596.0,Coincide,Match cartola + proyecto,600000,Facturas Meta/Cartola TC/MovFacturadosInternacionales_94840000-6_9-6-2026.xls
2026-06,Almagro Inmobiliaria,2026-06-05,05/06/2026,HQL9HTH6E2,0506 74987506155000134688077,26984051261280231-27041801612171859,FB_Almagro_TuDeptoEsTuPie,Arcilla Roja,PPP,PLP 1,I-ALM-2226,27329,1952,600000,68596.0,Coincide,Match cartola + proyecto,600000,Facturas Meta/Cartola TC/MovFacturadosInternacionales_94840000-6_9-6-2026.xls
2026-06,Almagro Inmobiliaria,2026-06-05,05/06/2026,HQL9HTH6E2,0506 74987506155000134688077,26984051261280231-27041801612171859,FB_Almagro_TuDeptoEsTuPie,Arcilla Roja,PPP,PLP 2,I-ALM-2306,27329,1952,600000,68596.0,Coincide,Match cartola + proyecto,600000,Facturas Meta/Cartola TC/MovFacturadosInternacionales_94840000-6_9-6-2026.xls
2026-06,Almagro Inmobiliaria,2026-06-05,05/06/2026,HQL9HTH6E2,0506 74987506155000134688077,26984051261280231-27041801612171859,FB_Almagro_TuDeptoEsTuPie,Almagro S.A,PPP,Parque Brasil,I-ALM-2285,27329,1952,600000,68596.0,Coincide,Match cartola + proyecto,600000,Facturas Meta/Cartola TC/MovFacturadosInternacionales_94840000-6_9-6-2026.xls
2026-06,Almagro Inmobiliaria,2026-06-05,05/06/2026,HQL9HTH6E2,0506 74987506155000134688077,26984051261280231-27041801612171859,FB_Almagro_TuDeptoEsTuPie,Arcilla Roja,PPP,Rengo,I-ALM-2288,27329,1952,600000,68596.0,Coincide,Match cartola + proyecto,600000,Facturas Meta/Cartola TC/MovFacturadosInternacionales_94840000-6_9-6-2026.xls
2026-06,Almagro Inmobiliaria,2026-06-05,05/06/2026,HQL9HTH6E2,0506 74987506155000134688077,26984051261280231-27041801612171859,FB_Almagro_TuDeptoEsTuPie,Almagro S.A,PPP,San Eugenio 2,I-ALM-2227,27329,1952,600000,68596.0,Coincide,Match cartola + proyecto,600000,Facturas Meta/Cartola TC/MovFacturadosInternacionales_94840000-6_9-6-2026.xls
2026-06,Almagro Inmobiliaria,2026-06-04,04/06/2026,RBA92TM6E2,0506 74987506155000906155099,26911316085220421-27031154826569871,FB_AOL_Antofagasta_AlmagroTerra,Almagro S.A,Antofagasta,Almagro Terra,I-ALM-2360,8717,8717,600000,68733.0,Coincide,Match cartola + proyecto,600000,Facturas Meta/Cartola TC/MovFacturadosInternacionales_94840000-6_9-6-2026.xls
2026-06,Almagro Inmobiliaria,2026-06-04,04/06/2026,RBA92TM6E2,0506 74987506155000906155099,26911316085220421-27031154826569871,FB_AOL_Antofagasta_Indico,Almagro S.A,Antofagasta,Indico,I-ALM-1453,13445,13445,600000,68733.0,Coincide,Match cartola + proyecto,600000,Facturas Meta/Cartola TC/MovFacturadosInternacionales_94840000-6_9-6-2026.xls
2026-06,Almagro Inmobiliaria,2026-06-04,04/06/2026,RBA92TM6E2,0506 74987506155000906155099,26911316085220421-27031154826569871,FB_AOL_Antofagasta_ParqueBrasil,Almagro S.A,Antofagasta,Parque Brasil,I-ALM-2285,8886,8886,600000,68733.0,Coincide,Match cartola + proyecto,600000,Facturas Meta/Cartola TC/MovFacturadosInternacionales_94840000-6_9-6-2026.xls
2026-06,Almagro Inmobiliaria,2026-06-04,04/06/2026,RBA92TM6E2,0506 74987506155000906155099,26911316085220421-27031154826569871,FB_AOL_Santiago_AlmagroDistrict,Madagascar,Las Condes,Almagro District,I-ALM-2399,5007,5007,600000,68733.0,Coincide,Match cartola + proyecto,600000,Facturas Meta/Cartola TC/MovFacturadosInternacionales_94840000-6_9-6-2026.xls
2026-06,Almagro Inmobiliaria,2026-06-04,04/06/2026,RBA92TM6E2,0506 74987506155000906155099,26911316085220421-27031154826569871,FB_AOL_Santiago_AlmagroHub,Arcilla Roja,Providencia,Almagro Hub,I-ALM-2189,4391,4391,600000,68733.0,Coincide,Match cartola + proyecto,600000,Facturas Meta/Cartola TC/MovFacturadosInternacionales_94840000-6_9-6-2026.xls
2026-06,Almagro Inmobiliaria,2026-06-04,04/06/2026,RBA92TM6E2,0506 74987506155000906155099,26911316085220421-27031154826569871,FB_AOL_Santiago_AlmagroPlus,Almagro S.A,Almagro Plus,Almagro Plus,I-ALM-2234,7948,7948,600000,68733.0,Coincide,Match cartola + proyecto,600000,Facturas Meta/Cartola TC/MovFacturadosInternacionales_94840000-6_9-6-2026.xls
2026-06,Almagro Inmobiliaria,2026-06-04,04/06/2026,RBA92TM6E2,0506 74987506155000906155099,26911316085220421-27031154826569871,FB_AOL_Santiago_Balance,Almagro S.A,Providencia,Balance,I-ALM-2358,4079,4079,600000,68733.0,Coincide,Match cartola + proyecto,600000,Facturas Meta/Cartola TC/MovFacturadosInternacionales_94840000-6_9-6-2026.xls
2026-06,Almagro Inmobiliaria,2026-06-04,04/06/2026,RBA92TM6E2,0506 74987506155000906155099,26911316085220421-27031154826569871,FB_AOL_Santiago_Carrera_IV,Almagro S.A,Santiago Centro,Carrera 4,I-ALM-2275,10281,10281,600000,68733.0,Coincide,Match cartola + proyecto,600000,Facturas Meta/Cartola TC/MovFacturadosInternacionales_94840000-6_9-6-2026.xls
2026-06,Almagro Inmobiliaria,2026-06-04,04/06/2026,RBA92TM6E2,0506 74987506155000906155099,26911316085220421-27031154826569871,FB_AOL_Santiago_Insigne,Almagro S.A,Macul,Insigne,I-ALM-2157,14523,14523,600000,68733.0,Coincide,Match cartola + proyecto,600000,Facturas Meta/Cartola TC/MovFacturadosInternacionales_94840000-6_9-6-2026.xls
2026-06,Almagro Inmobiliaria,2026-06-04,04/06/2026,RBA92TM6E2,0506 74987506155000906155099,26911316085220421-27031154826569871,FB_AOL_Santiago_LosCactus,Almagro S.A,Lo Barnechea,Los Cactus,I-ALM-2342,5976,5976,600000,68733.0,Coincide,Match cartola + proyecto,600000,Facturas Meta/Cartola TC/MovFacturadosInternacionales_94840000-6_9-6-2026.xls
2026-06,Almagro Inmobiliaria,2026-06-04,04/06/2026,RBA92TM6E2,0506 74987506155000906155099,26911316085220421-27031154826569871,FB_AOL_Santiago_LyonBilbao,Almagro S.A,Providencia,Lyon Bilbao,I-ALM-2211,5178,5178,600000,68733.0,Coincide,Match cartola + proyecto,600000,Facturas Meta/Cartola TC/MovFacturadosInternacionales_94840000-6_9-6-2026.xls
2026-06,Almagro Inmobiliaria,2026-06-04,04/06/2026,RBA92TM6E2,0506 74987506155000906155099,26911316085220421-27031154826569871,FB_AOL_Santiago_PadreLePaige,Arcilla Roja,Las Condes,PLP 1,I-ALM-2226,6905,6905,600000,68733.0,Coincide,Match cartola + proyecto,600000,Facturas Meta/Cartola TC/MovFacturadosInternacionales_94840000-6_9-6-2026.xls
2026-06,Almagro Inmobiliaria,2026-06-04,04/06/2026,RBA92TM6E2,0506 74987506155000906155099,26911316085220421-27031154826569871,FB_AOL_Santiago_PadreLePaige_Etapa2,Arcilla Roja,Las Condes,PLP 2,I-ALM-2306,4838,4838,600000,68733.0,Coincide,Match cartola + proyecto,600000,Facturas Meta/Cartola TC/MovFacturadosInternacionales_94840000-6_9-6-2026.xls
2026-06,Almagro Inmobiliaria,2026-06-04,04/06/2026,RBA92TM6E2,0506 74987506155000906155099,26911316085220421-27031154826569871,FB_AOL_Santiago_Rengo,Arcilla Roja,Providencia,Rengo,I-ALM-2288,4712,4712,600000,68733.0,Coincide,Match cartola + proyecto,600000,Facturas Meta/Cartola TC/MovFacturadosInternacionales_94840000-6_9-6-2026.xls
2026-06,Almagro Inmobiliaria,2026-06-04,04/06/2026,RBA92TM6E2,0506 74987506155000906155099,26911316085220421-27031154826569871,FB_AOL_Santiago_SanEugenio,Almagro S.A,Ñuñoa,San Eugenio 2,I-ALM-2227,10951,10951,600000,68733.0,Coincide,Match cartola + proyecto,600000,Facturas Meta/Cartola TC/MovFacturadosInternacionales_94840000-6_9-6-2026.xls
2026-06,Almagro Inmobiliaria,2026-06-04,04/06/2026,RBA92TM6E2,0506 74987506155000906155099,26911316085220421-27031154826569871,FB_AOT_Antofagasta_AlmagroTerra,Almagro S.A,Antofagasta,Almagro Terra,I-ALM-2360,30436,30436,600000,68733.0,Coincide,Match cartola + proyecto,600000,Facturas Meta/Cartola TC/MovFacturadosInternacionales_94840000-6_9-6-2026.xls
2026-06,Almagro Inmobiliaria,2026-06-04,04/06/2026,RBA92TM6E2,0506 74987506155000906155099,26911316085220421-27031154826569871,FB_AOT_Antofagasta_ParqueBrasil,Almagro S.A,Antofagasta,Parque Brasil,I-ALM-2285,29203,29203,600000,68733.0,Coincide,Match cartola + proyecto,600000,Facturas Meta/Cartola TC/MovFacturadosInternacionales_94840000-6_9-6-2026.xls
2026-06,Almagro Inmobiliaria,2026-06-04,04/06/2026,RBA92TM6E2,0506 74987506155000906155099,26911316085220421-27031154826569871,FB_AOT_Antofagasta_ValleDelMar,Almagro S.A,Antofagasta,Valle del Mar,I-ALM-1453,31069,31069,600000,68733.0,Coincide,Match cartola + proyecto,600000,Facturas Meta/Cartola TC/MovFacturadosInternacionales_94840000-6_9-6-2026.xls
2026-06,Almagro Inmobiliaria,2026-06-04,04/06/2026,RBA92TM6E2,0506 74987506155000906155099,26911316085220421-27031154826569871,FB_AOT_Inversionistas,Almagro S.A,Santiago,Insigne,I-ALM-2157,60637,60637,600000,68733.0,Coincide,Match cartola + proyecto,600000,Facturas Meta/Cartola TC/MovFacturadosInternacionales_94840000-6_9-6-2026.xls
2026-06,Almagro Inmobiliaria,2026-06-04,04/06/2026,RBA92TM6E2,0506 74987506155000906155099,26911316085220421-27031154826569871,FB_AOT_Santiago_AlmagroPlus,Almagro S.A,Ñuñoa,Almagro Plus,I-ALM-2234,30798,30798,600000,68733.0,Coincide,Match cartola + proyecto,600000,Facturas Meta/Cartola TC/MovFacturadosInternacionales_94840000-6_9-6-2026.xls
2026-06,Almagro Inmobiliaria,2026-06-04,04/06/2026,RBA92TM6E2,0506 74987506155000906155099,26911316085220421-27031154826569871,FB_AOT_Santiago_Carrera_IV,Almagro S.A,Santiago,Carrera 4,I-ALM-2275,29119,29119,600000,68733.0,Coincide,Match cartola + proyecto,600000,Facturas Meta/Cartola TC/MovFacturadosInternacionales_94840000-6_9-6-2026.xls
2026-06,Almagro Inmobiliaria,2026-06-04,04/06/2026,RBA92TM6E2,0506 74987506155000906155099,26911316085220421-27031154826569871,FB_AOT_Santiago_Insigne,Almagro S.A,Macul,Insigne,I-ALM-2157,29391,29391,600000,68733.0,Coincide,Match cartola + proyecto,600000,Facturas Meta/Cartola TC/MovFacturadosInternacionales_94840000-6_9-6-2026.xls
2026-06,Almagro Inmobiliaria,2026-06-04,04/06/2026,RBA92TM6E2,0506 74987506155000906155099,26911316085220421-27031154826569871,FB_AOT_Santiago_SanEugenio,Almagro S.A,Santiago,San Eugenio 2,I-ALM-2227,29627,29627,600000,68733.0,Coincide,Match cartola + proyecto,600000,Facturas Meta/Cartola TC/MovFacturadosInternacionales_94840000-6_9-6-2026.xls
2026-06,Almagro Inmobiliaria,2026-06-04,04/06/2026,RBA92TM6E2,0506 74987506155000906155099,26911316085220421-27031154826569871,FB_AOT_Santiago_Signature,Almagro S.A,Santiago,Signature,I-ALM-2354,9056,9056,600000,68733.0,Coincide,Match cartola + proyecto,600000,Facturas Meta/Cartola TC/MovFacturadosInternacionales_94840000-6_9-6-2026.xls
2026-06,Almagro Inmobiliaria,2026-06-04,04/06/2026,RBA92TM6E2,0506 74987506155000906155099,26911316085220421-27031154826569871,FB_Advantage_Almagro,Arcilla Roja,AON,Almagro Hub,I-ALM-2189,103298,12913,600000,68733.0,Coincide,Match cartola + proyecto,600000,Facturas Meta/Cartola TC/MovFacturadosInternacionales_94840000-6_9-6-2026.xls
2026-06,Almagro Inmobiliaria,2026-06-04,04/06/2026,RBA92TM6E2,0506 74987506155000906155099,26911316085220421-27031154826569871,FB_Advantage_Almagro,Almagro S.A,AON,Carrera 4,I-ALM-2275,103298,12913,600000,68733.0,Coincide,Match cartola + proyecto,600000,Facturas Meta/Cartola TC/MovFacturadosInternacionales_94840000-6_9-6-2026.xls
2026-06,Almagro Inmobiliaria,2026-06-04,04/06/2026,RBA92TM6E2,0506 74987506155000906155099,26911316085220421-27031154826569871,FB_Advantage_Almagro,Almagro S.A,AON,Indico,I-ALM-1453,103298,12912,600000,68733.0,Coincide,Match cartola + proyecto,600000,Facturas Meta/Cartola TC/MovFacturadosInternacionales_94840000-6_9-6-2026.xls
2026-06,Almagro Inmobiliaria,2026-06-04,04/06/2026,RBA92TM6E2,0506 74987506155000906155099,26911316085220421-27031154826569871,FB_Advantage_Almagro,Almagro S.A,AON,Los Cactus,I-ALM-2342,103298,12912,600000,68733.0,Coincide,Match cartola + proyecto,600000,Facturas Meta/Cartola TC/MovFacturadosInternacionales_94840000-6_9-6-2026.xls
2026-06,Almagro Inmobiliaria,2026-06-04,04/06/2026,RBA92TM6E2,0506 74987506155000906155099,26911316085220421-27031154826569871,FB_Advantage_Almagro,Almagro S.A,AON,Lyon Bilbao,I-ALM-2211,103298,12912,600000,68733.0,Coincide,Match cartola + proyecto,600000,Facturas Meta/Cartola TC/MovFacturadosInternacionales_94840000-6_9-6-2026.xls
2026-06,Almagro Inmobiliaria,2026-06-04,04/06/2026,RBA92TM6E2,0506 74987506155000906155099,26911316085220421-27031154826569871,FB_Advantage_Almagro,Arcilla Roja,AON,PLP 1,I-ALM-2226,103298,12912,600000,68733.0,Coincide,Match cartola + proyecto,600000,Facturas Meta/Cartola TC/MovFacturadosInternacionales_94840000-6_9-6-2026.xls
2026-06,Almagro Inmobiliaria,2026-06-04,04/06/2026,RBA92TM6E2,0506 74987506155000906155099,26911316085220421-27031154826569871,FB_Advantage_Almagro,Arcilla Roja,AON,PLP 2,I-ALM-2306,103298,12912,600000,68733.0,Coincide,Match cartola + proyecto,600000,Facturas Meta/Cartola TC/MovFacturadosInternacionales_94840000-6_9-6-2026.xls
2026-06,Almagro Inmobiliaria,2026-06-04,04/06/2026,RBA92TM6E2,0506 74987506155000906155099,26911316085220421-27031154826569871,FB_Advantage_Almagro,Almagro S.A,AON,San Eugenio 2,I-ALM-2227,103298,12912,600000,68733.0,Coincide,Match cartola + proyecto,600000,Facturas Meta/Cartola TC/MovFacturadosInternacionales_94840000-6_9-6-2026.xls
2026-06,Almagro Inmobiliaria,2026-06-04,04/06/2026,RBA92TM6E2,0506 74987506155000906155099,26911316085220421-27031154826569871,FB_Almagro_Awareness,Madagascar,Marca,Almagro District,I-ALM-2399,74173,5299,600000,68733.0,Coincide,Match cartola + proyecto,600000,Facturas Meta/Cartola TC/MovFacturadosInternacionales_94840000-6_9-6-2026.xls
2026-06,Almagro Inmobiliaria,2026-06-04,04/06/2026,RBA92TM6E2,0506 74987506155000906155099,26911316085220421-27031154826569871,FB_Almagro_Awareness,Arcilla Roja,Marca,Almagro Hub,I-ALM-2189,74173,5298,600000,68733.0,Coincide,Match cartola + proyecto,600000,Facturas Meta/Cartola TC/MovFacturadosInternacionales_94840000-6_9-6-2026.xls
2026-06,Almagro Inmobiliaria,2026-06-04,04/06/2026,RBA92TM6E2,0506 74987506155000906155099,26911316085220421-27031154826569871,FB_Almagro_Awareness,Almagro S.A,Marca,Almagro Plus,I-ALM-2234,74173,5298,600000,68733.0,Coincide,Match cartola + proyecto,600000,Facturas Meta/Cartola TC/MovFacturadosInternacionales_94840000-6_9-6-2026.xls
2026-06,Almagro Inmobiliaria,2026-06-04,04/06/2026,RBA92TM6E2,0506 74987506155000906155099,26911316085220421-27031154826569871,FB_Almagro_Awareness,Almagro S.A,Marca,Balance,I-ALM-2358,74173,5298,600000,68733.0,Coincide,Match cartola + proyecto,600000,Facturas Meta/Cartola TC/MovFacturadosInternacionales_94840000-6_9-6-2026.xls
2026-06,Almagro Inmobiliaria,2026-06-04,04/06/2026,RBA92TM6E2,0506 74987506155000906155099,26911316085220421-27031154826569871,FB_Almagro_Awareness,Almagro S.A,Marca,Carrera 4,I-ALM-2275,74173,5298,600000,68733.0,Coincide,Match cartola + proyecto,600000,Facturas Meta/Cartola TC/MovFacturadosInternacionales_94840000-6_9-6-2026.xls
2026-06,Almagro Inmobiliaria,2026-06-04,04/06/2026,RBA92TM6E2,0506 74987506155000906155099,26911316085220421-27031154826569871,FB_Almagro_Awareness,Almagro S.A,Marca,Indico,I-ALM-1453,74173,5298,600000,68733.0,Coincide,Match cartola + proyecto,600000,Facturas Meta/Cartola TC/MovFacturadosInternacionales_94840000-6_9-6-2026.xls
2026-06,Almagro Inmobiliaria,2026-06-04,04/06/2026,RBA92TM6E2,0506 74987506155000906155099,26911316085220421-27031154826569871,FB_Almagro_Awareness,Almagro S.A,Marca,Insigne,I-ALM-2157,74173,5298,600000,68733.0,Coincide,Match cartola + proyecto,600000,Facturas Meta/Cartola TC/MovFacturadosInternacionales_94840000-6_9-6-2026.xls
2026-06,Almagro Inmobiliaria,2026-06-04,04/06/2026,RBA92TM6E2,0506 74987506155000906155099,26911316085220421-27031154826569871,FB_Almagro_Awareness,Almagro S.A,Marca,Los Cactus,I-ALM-2342,74173,5298,600000,68733.0,Coincide,Match cartola + proyecto,600000,Facturas Meta/Cartola TC/MovFacturadosInternacionales_94840000-6_9-6-2026.xls
2026-06,Almagro Inmobiliaria,2026-06-04,04/06/2026,RBA92TM6E2,0506 74987506155000906155099,26911316085220421-27031154826569871,FB_Almagro_Awareness,Almagro S.A,Marca,Lyon Bilbao,I-ALM-2211,74173,5298,600000,68733.0,Coincide,Match cartola + proyecto,600000,Facturas Meta/Cartola TC/MovFacturadosInternacionales_94840000-6_9-6-2026.xls
2026-06,Almagro Inmobiliaria,2026-06-04,04/06/2026,RBA92TM6E2,0506 74987506155000906155099,26911316085220421-27031154826569871,FB_Almagro_Awareness,Arcilla Roja,Marca,PLP 1,I-ALM-2226,74173,5298,600000,68733.0,Coincide,Match cartola + proyecto,600000,Facturas Meta/Cartola TC/MovFacturadosInternacionales_94840000-6_9-6-2026.xls
2026-06,Almagro Inmobiliaria,2026-06-04,04/06/2026,RBA92TM6E2,0506 74987506155000906155099,26911316085220421-27031154826569871,FB_Almagro_Awareness,Arcilla Roja,Marca,PLP 2,I-ALM-2306,74173,5298,600000,68733.0,Coincide,Match cartola + proyecto,600000,Facturas Meta/Cartola TC/MovFacturadosInternacionales_94840000-6_9-6-2026.xls
2026-06,Almagro Inmobiliaria,2026-06-04,04/06/2026,RBA92TM6E2,0506 74987506155000906155099,26911316085220421-27031154826569871,FB_Almagro_Awareness,Almagro S.A,Marca,Parque Brasil,I-ALM-2285,74173,5298,600000,68733.0,Coincide,Match cartola + proyecto,600000,Facturas Meta/Cartola TC/MovFacturadosInternacionales_94840000-6_9-6-2026.xls
2026-06,Almagro Inmobiliaria,2026-06-04,04/06/2026,RBA92TM6E2,0506 74987506155000906155099,26911316085220421-27031154826569871,FB_Almagro_Awareness,Arcilla Roja,Marca,Rengo,I-ALM-2288,74173,5298,600000,68733.0,Coincide,Match cartola + proyecto,600000,Facturas Meta/Cartola TC/MovFacturadosInternacionales_94840000-6_9-6-2026.xls
2026-06,Almagro Inmobiliaria,2026-06-04,04/06/2026,RBA92TM6E2,0506 74987506155000906155099,26911316085220421-27031154826569871,FB_Almagro_Awareness,Almagro S.A,Marca,San Eugenio 2,I-ALM-2227,74173,5298,600000,68733.0,Coincide,Match cartola + proyecto,600000,Facturas Meta/Cartola TC/MovFacturadosInternacionales_94840000-6_9-6-2026.xls
2026-06,Almagro Inmobiliaria,2026-06-04,04/06/2026,RBA92TM6E2,0506 74987506155000906155099,26911316085220421-27031154826569871,FB_Almagro_TuDeptoEsTuPie,Madagascar,PPP,Almagro District,I-ALM-2399,27356,1954,600000,68733.0,Coincide,Match cartola + proyecto,600000,Facturas Meta/Cartola TC/MovFacturadosInternacionales_94840000-6_9-6-2026.xls
2026-06,Almagro Inmobiliaria,2026-06-04,04/06/2026,RBA92TM6E2,0506 74987506155000906155099,26911316085220421-27031154826569871,FB_Almagro_TuDeptoEsTuPie,Arcilla Roja,PPP,Almagro Hub,I-ALM-2189,27356,1954,600000,68733.0,Coincide,Match cartola + proyecto,600000,Facturas Meta/Cartola TC/MovFacturadosInternacionales_94840000-6_9-6-2026.xls
2026-06,Almagro Inmobiliaria,2026-06-04,04/06/2026,RBA92TM6E2,0506 74987506155000906155099,26911316085220421-27031154826569871,FB_Almagro_TuDeptoEsTuPie,Almagro S.A,PPP,Almagro Plus,I-ALM-2234,27356,1954,600000,68733.0,Coincide,Match cartola + proyecto,600000,Facturas Meta/Cartola TC/MovFacturadosInternacionales_94840000-6_9-6-2026.xls
2026-06,Almagro Inmobiliaria,2026-06-04,04/06/2026,RBA92TM6E2,0506 74987506155000906155099,26911316085220421-27031154826569871,FB_Almagro_TuDeptoEsTuPie,Almagro S.A,PPP,Balance,I-ALM-2358,27356,1954,600000,68733.0,Coincide,Match cartola + proyecto,600000,Facturas Meta/Cartola TC/MovFacturadosInternacionales_94840000-6_9-6-2026.xls
2026-06,Almagro Inmobiliaria,2026-06-04,04/06/2026,RBA92TM6E2,0506 74987506155000906155099,26911316085220421-27031154826569871,FB_Almagro_TuDeptoEsTuPie,Almagro S.A,PPP,Carrera 4,I-ALM-2275,27356,1954,600000,68733.0,Coincide,Match cartola + proyecto,600000,Facturas Meta/Cartola TC/MovFacturadosInternacionales_94840000-6_9-6-2026.xls
2026-06,Almagro Inmobiliaria,2026-06-04,04/06/2026,RBA92TM6E2,0506 74987506155000906155099,26911316085220421-27031154826569871,FB_Almagro_TuDeptoEsTuPie,Almagro S.A,PPP,Indico,I-ALM-1453,27356,1954,600000,68733.0,Coincide,Match cartola + proyecto,600000,Facturas Meta/Cartola TC/MovFacturadosInternacionales_94840000-6_9-6-2026.xls
2026-06,Almagro Inmobiliaria,2026-06-04,04/06/2026,RBA92TM6E2,0506 74987506155000906155099,26911316085220421-27031154826569871,FB_Almagro_TuDeptoEsTuPie,Almagro S.A,PPP,Insigne,I-ALM-2157,27356,1954,600000,68733.0,Coincide,Match cartola + proyecto,600000,Facturas Meta/Cartola TC/MovFacturadosInternacionales_94840000-6_9-6-2026.xls
2026-06,Almagro Inmobiliaria,2026-06-04,04/06/2026,RBA92TM6E2,0506 74987506155000906155099,26911316085220421-27031154826569871,FB_Almagro_TuDeptoEsTuPie,Almagro S.A,PPP,Los Cactus,I-ALM-2342,27356,1954,600000,68733.0,Coincide,Match cartola + proyecto,600000,Facturas Meta/Cartola TC/MovFacturadosInternacionales_94840000-6_9-6-2026.xls
2026-06,Almagro Inmobiliaria,2026-06-04,04/06/2026,RBA92TM6E2,0506 74987506155000906155099,26911316085220421-27031154826569871,FB_Almagro_TuDeptoEsTuPie,Almagro S.A,PPP,Lyon Bilbao,I-ALM-2211,27356,1954,600000,68733.0,Coincide,Match cartola + proyecto,600000,Facturas Meta/Cartola TC/MovFacturadosInternacionales_94840000-6_9-6-2026.xls
2026-06,Almagro Inmobiliaria,2026-06-04,04/06/2026,RBA92TM6E2,0506 74987506155000906155099,26911316085220421-27031154826569871,FB_Almagro_TuDeptoEsTuPie,Arcilla Roja,PPP,PLP 1,I-ALM-2226,27356,1954,600000,68733.0,Coincide,Match cartola + proyecto,600000,Facturas Meta/Cartola TC/MovFacturadosInternacionales_94840000-6_9-6-2026.xls
2026-06,Almagro Inmobiliaria,2026-06-04,04/06/2026,RBA92TM6E2,0506 74987506155000906155099,26911316085220421-27031154826569871,FB_Almagro_TuDeptoEsTuPie,Arcilla Roja,PPP,PLP 2,I-ALM-2306,27356,1954,600000,68733.0,Coincide,Match cartola + proyecto,600000,Facturas Meta/Cartola TC/MovFacturadosInternacionales_94840000-6_9-6-2026.xls
2026-06,Almagro Inmobiliaria,2026-06-04,04/06/2026,RBA92TM6E2,0506 74987506155000906155099,26911316085220421-27031154826569871,FB_Almagro_TuDeptoEsTuPie,Almagro S.A,PPP,Parque Brasil,I-ALM-2285,27356,1954,600000,68733.0,Coincide,Match cartola + proyecto,600000,Facturas Meta/Cartola TC/MovFacturadosInternacionales_94840000-6_9-6-2026.xls
2026-06,Almagro Inmobiliaria,2026-06-04,04/06/2026,RBA92TM6E2,0506 74987506155000906155099,26911316085220421-27031154826569871,FB_Almagro_TuDeptoEsTuPie,Arcilla Roja,PPP,Rengo,I-ALM-2288,27356,1954,600000,68733.0,Coincide,Match cartola + proyecto,600000,Facturas Meta/Cartola TC/MovFacturadosInternacionales_94840000-6_9-6-2026.xls
2026-06,Almagro Inmobiliaria,2026-06-04,04/06/2026,RBA92TM6E2,0506 74987506155000906155099,26911316085220421-27031154826569871,FB_Almagro_TuDeptoEsTuPie,Almagro S.A,PPP,San Eugenio 2,I-ALM-2227,27356,1954,600000,68733.0,Coincide,Match cartola + proyecto,600000,Facturas Meta/Cartola TC/MovFacturadosInternacionales_94840000-6_9-6-2026.xls
2026-06,Pilares,2026-06-01,01/06/2026,HNNMKRV6E2,0206 74987506152000711117097,27321818237505474-27340095699011057,FB_AOL_CondeMauleIII,ICSA,Estación Central,Conde del Maule,I-SVS-2255,5372,5372,173061,19931.0,Coincide,Match cartola + proyecto,173061,Facturas Meta/Cartola TC/MovFacturadosInternacionales_94840000-6_9-6-2026.xls
2026-06,Pilares,2026-06-01,01/06/2026,HNNMKRV6E2,0206 74987506152000711117097,27321818237505474-27340095699011057,FB_AOL_EdificioNuble,ICSA,Santiago Centro,Edificio Ñuble,I-SVS-2173,4616,4616,173061,19931.0,Coincide,Match cartola + proyecto,173061,Facturas Meta/Cartola TC/MovFacturadosInternacionales_94840000-6_9-6-2026.xls
2026-06,Pilares,2026-06-01,01/06/2026,HNNMKRV6E2,0206 74987506152000711117097,27321818237505474-27340095699011057,FB_AOL_Franklin,Arcilla Roja,Santiago Centro,Franklin,I-ALM-2212,4740,4740,173061,19931.0,Coincide,Match cartola + proyecto,173061,Facturas Meta/Cartola TC/MovFacturadosInternacionales_94840000-6_9-6-2026.xls
2026-06,Pilares,2026-06-01,01/06/2026,HNNMKRV6E2,0206 74987506152000711117097,27321818237505474-27340095699011057,FB_AOL_GuillermoMann,Pilares S.A,Ñuñoa,Guillermo Mann,I-SVS-2250,6836,6836,173061,19931.0,Coincide,Match cartola + proyecto,173061,Facturas Meta/Cartola TC/MovFacturadosInternacionales_94840000-6_9-6-2026.xls
2026-06,Pilares,2026-06-01,01/06/2026,HNNMKRV6E2,0206 74987506152000711117097,27321818237505474-27340095699011057,FB_AOL_LoOvalle_E2,ICSA,La Cisterna,Lo Ovalle,I-SVS-2296,3859,3859,173061,19931.0,Coincide,Match cartola + proyecto,173061,Facturas Meta/Cartola TC/MovFacturadosInternacionales_94840000-6_9-6-2026.xls
2026-06,Pilares,2026-06-01,01/06/2026,HNNMKRV6E2,0206 74987506152000711117097,27321818237505474-27340095699011057,FB_AOL_RodriguezVelasco,Pilares S.A,La Florida,Rodriguez Velasco,I-SVS-2289,3983,3983,173061,19931.0,Coincide,Match cartola + proyecto,173061,Facturas Meta/Cartola TC/MovFacturadosInternacionales_94840000-6_9-6-2026.xls
2026-06,Pilares,2026-06-01,01/06/2026,HNNMKRV6E2,0206 74987506152000711117097,27321818237505474-27340095699011057,FB_AOL_SantosDumont,ICSA,Independencia,Santos Dumont,I-SVS-2246,6102,6102,173061,19931.0,Coincide,Match cartola + proyecto,173061,Facturas Meta/Cartola TC/MovFacturadosInternacionales_94840000-6_9-6-2026.xls
2026-06,Pilares,2026-06-01,01/06/2026,HNNMKRV6E2,0206 74987506152000711117097,27321818237505474-27340095699011057,FB_AOL_VicunaMackenna7244,Pilares S.A,La Florida,Vicuña Mackenna 7244,I-SVS-2131,4848,4848,173061,19931.0,Coincide,Match cartola + proyecto,173061,Facturas Meta/Cartola TC/MovFacturadosInternacionales_94840000-6_9-6-2026.xls
2026-06,Pilares,2026-06-01,01/06/2026,HNNMKRV6E2,0206 74987506152000711117097,27321818237505474-27340095699011057,FB_AOT_CondeMauleIII,ICSA,Estación Central,Conde del Maule,I-SVS-2255,17244,17244,173061,19931.0,Coincide,Match cartola + proyecto,173061,Facturas Meta/Cartola TC/MovFacturadosInternacionales_94840000-6_9-6-2026.xls
2026-06,Pilares,2026-06-01,01/06/2026,HNNMKRV6E2,0206 74987506152000711117097,27321818237505474-27340095699011057,FB_AOT_Franklin,Arcilla Roja,Santiago Centro,Franklin,I-ALM-2212,17820,17820,173061,19931.0,Coincide,Match cartola + proyecto,173061,Facturas Meta/Cartola TC/MovFacturadosInternacionales_94840000-6_9-6-2026.xls
2026-06,Pilares,2026-06-01,01/06/2026,HNNMKRV6E2,0206 74987506152000711117097,27321818237505474-27340095699011057,FB_AOT_SantosDumont,ICSA,Independencia,Santos Dumont,I-SVS-2246,18385,18385,173061,19931.0,Coincide,Match cartola + proyecto,173061,Facturas Meta/Cartola TC/MovFacturadosInternacionales_94840000-6_9-6-2026.xls
2026-06,Pilares,2026-06-01,01/06/2026,HNNMKRV6E2,0206 74987506152000711117097,27321818237505474-27340095699011057,FB_Pilares_Advantage_Proyectos,Pilares S.A,AON,Edificio Ñuble,I-SVS-2173,46600,9320,173061,19931.0,Coincide,Match cartola + proyecto,173061,Facturas Meta/Cartola TC/MovFacturadosInternacionales_94840000-6_9-6-2026.xls
2026-06,Pilares,2026-06-01,01/06/2026,HNNMKRV6E2,0206 74987506152000711117097,27321818237505474-27340095699011057,FB_Pilares_Advantage_Proyectos,Pilares S.A,AON,Guillermo Mann,I-SVS-2250,46600,9320,173061,19931.0,Coincide,Match cartola + proyecto,173061,Facturas Meta/Cartola TC/MovFacturadosInternacionales_94840000-6_9-6-2026.xls
2026-06,Pilares,2026-06-01,01/06/2026,HNNMKRV6E2,0206 74987506152000711117097,27321818237505474-27340095699011057,FB_Pilares_Advantage_Proyectos,ICSA,AON,Lo Ovalle,I-SVS-2296,46600,9320,173061,19931.0,Coincide,Match cartola + proyecto,173061,Facturas Meta/Cartola TC/MovFacturadosInternacionales_94840000-6_9-6-2026.xls
2026-06,Pilares,2026-06-01,01/06/2026,HNNMKRV6E2,0206 74987506152000711117097,27321818237505474-27340095699011057,FB_Pilares_Advantage_Proyectos,Pilares S.A,AON,Rodriguez Velasco,I-SVS-2289,46600,9320,173061,19931.0,Coincide,Match cartola + proyecto,173061,Facturas Meta/Cartola TC/MovFacturadosInternacionales_94840000-6_9-6-2026.xls
2026-06,Pilares,2026-06-01,01/06/2026,HNNMKRV6E2,0206 74987506152000711117097,27321818237505474-27340095699011057,FB_Pilares_Advantage_Proyectos,Pilares S.A,AON,Vicuña Mackenna 7244,I-SVS-2131,46600,9320,173061,19931.0,Coincide,Match cartola + proyecto,173061,Facturas Meta/Cartola TC/MovFacturadosInternacionales_94840000-6_9-6-2026.xls
2026-06,Pilares,2026-06-01,01/06/2026,HNNMKRV6E2,0206 74987506152000711117097,27321818237505474-27340095699011057,FB_Pilares_Awareness,ICSA,Marca,Conde del Maule,I-SVS-2255,24553,3508,173061,19931.0,Coincide,Match cartola + proyecto,173061,Facturas Meta/Cartola TC/MovFacturadosInternacionales_94840000-6_9-6-2026.xls
2026-06,Pilares,2026-06-01,01/06/2026,HNNMKRV6E2,0206 74987506152000711117097,27321818237505474-27340095699011057,FB_Pilares_Awareness,Pilares S.A,Marca,Edificio Ñuble,I-SVS-2173,24553,3508,173061,19931.0,Coincide,Match cartola + proyecto,173061,Facturas Meta/Cartola TC/MovFacturadosInternacionales_94840000-6_9-6-2026.xls
2026-06,Pilares,2026-06-01,01/06/2026,HNNMKRV6E2,0206 74987506152000711117097,27321818237505474-27340095699011057,FB_Pilares_Awareness,Pilares S.A,Marca,Guillermo Mann,I-SVS-2250,24553,3508,173061,19931.0,Coincide,Match cartola + proyecto,173061,Facturas Meta/Cartola TC/MovFacturadosInternacionales_94840000-6_9-6-2026.xls
2026-06,Pilares,2026-06-01,01/06/2026,HNNMKRV6E2,0206 74987506152000711117097,27321818237505474-27340095699011057,FB_Pilares_Awareness,ICSA,Marca,Lo Ovalle,I-SVS-2296,24553,3508,173061,19931.0,Coincide,Match cartola + proyecto,173061,Facturas Meta/Cartola TC/MovFacturadosInternacionales_94840000-6_9-6-2026.xls
2026-06,Pilares,2026-06-01,01/06/2026,HNNMKRV6E2,0206 74987506152000711117097,27321818237505474-27340095699011057,FB_Pilares_Awareness,Pilares S.A,Marca,Rodriguez Velasco,I-SVS-2289,24553,3507,173061,19931.0,Coincide,Match cartola + proyecto,173061,Facturas Meta/Cartola TC/MovFacturadosInternacionales_94840000-6_9-6-2026.xls
2026-06,Pilares,2026-06-01,01/06/2026,HNNMKRV6E2,0206 74987506152000711117097,27321818237505474-27340095699011057,FB_Pilares_Awareness,ICSA,Marca,Santos Dumont,I-SVS-2246,24553,3507,173061,19931.0,Coincide,Match cartola + proyecto,173061,Facturas Meta/Cartola TC/MovFacturadosInternacionales_94840000-6_9-6-2026.xls
2026-06,Pilares,2026-06-01,01/06/2026,HNNMKRV6E2,0206 74987506152000711117097,27321818237505474-27340095699011057,FB_Pilares_Awareness,Pilares S.A,Marca,Vicuña Mackenna 7244,I-SVS-2131,24553,3507,173061,19931.0,Coincide,Match cartola + proyecto,173061,Facturas Meta/Cartola TC/MovFacturadosInternacionales_94840000-6_9-6-2026.xls
2026-06,Pilares,2026-06-01,01/06/2026,HNNMKRV6E2,0206 74987506152000711117097,27321818237505474-27340095699011057,FB_Pilares_Inversionistas,ICSA,Inversionista,Conde del Maule,I-SVS-2255,8103,1158,173061,19931.0,Coincide,Match cartola + proyecto,173061,Facturas Meta/Cartola TC/MovFacturadosInternacionales_94840000-6_9-6-2026.xls
2026-06,Pilares,2026-06-01,01/06/2026,HNNMKRV6E2,0206 74987506152000711117097,27321818237505474-27340095699011057,FB_Pilares_Inversionistas,Pilares S.A,Inversionista,Edificio Ñuble,I-SVS-2173,8103,1158,173061,19931.0,Coincide,Match cartola + proyecto,173061,Facturas Meta/Cartola TC/MovFacturadosInternacionales_94840000-6_9-6-2026.xls
2026-06,Pilares,2026-06-01,01/06/2026,HNNMKRV6E2,0206 74987506152000711117097,27321818237505474-27340095699011057,FB_Pilares_Inversionistas,Pilares S.A,Inversionista,Guillermo Mann,I-SVS-2250,8103,1158,173061,19931.0,Coincide,Match cartola + proyecto,173061,Facturas Meta/Cartola TC/MovFacturadosInternacionales_94840000-6_9-6-2026.xls
2026-06,Pilares,2026-06-01,01/06/2026,HNNMKRV6E2,0206 74987506152000711117097,27321818237505474-27340095699011057,FB_Pilares_Inversionistas,ICSA,Inversionista,Lo Ovalle,I-SVS-2296,8103,1158,173061,19931.0,Coincide,Match cartola + proyecto,173061,Facturas Meta/Cartola TC/MovFacturadosInternacionales_94840000-6_9-6-2026.xls
2026-06,Pilares,2026-06-01,01/06/2026,HNNMKRV6E2,0206 74987506152000711117097,27321818237505474-27340095699011057,FB_Pilares_Inversionistas,Pilares S.A,Inversionista,Rodriguez Velasco,I-SVS-2289,8103,1157,173061,19931.0,Coincide,Match cartola + proyecto,173061,Facturas Meta/Cartola TC/MovFacturadosInternacionales_94840000-6_9-6-2026.xls
2026-06,Pilares,2026-06-01,01/06/2026,HNNMKRV6E2,0206 74987506152000711117097,27321818237505474-27340095699011057,FB_Pilares_Inversionistas,ICSA,Inversionista,Santos Dumont,I-SVS-2246,8103,1157,173061,19931.0,Coincide,Match cartola + proyecto,173061,Facturas Meta/Cartola TC/MovFacturadosInternacionales_94840000-6_9-6-2026.xls
2026-06,Pilares,2026-06-01,01/06/2026,HNNMKRV6E2,0206 74987506152000711117097,27321818237505474-27340095699011057,FB_Pilares_Inversionistas,Pilares S.A,Inversionista,Vicuña Mackenna 7244,I-SVS-2131,8103,1157,173061,19931.0,Coincide,Match cartola + proyecto,173061,Facturas Meta/Cartola TC/MovFacturadosInternacionales_94840000-6_9-6-2026.xls
2026-06,Pilares,2026-06-02,02/06/2026,QALDZRR6E2,0206 74987506153000007581229,27355250600828897-27266886119665351,FB_AOL_CondeMauleIII,ICSA,Estación Central,Conde del Maule,I-SVS-2255,18490,18490,600000,68856.0,Coincide,Match cartola + proyecto,600000,Facturas Meta/Cartola TC/MovFacturadosInternacionales_94840000-6_9-6-2026.xls
2026-06,Pilares,2026-06-02,02/06/2026,QALDZRR6E2,0206 74987506153000007581229,27355250600828897-27266886119665351,FB_AOL_EdificioNuble,ICSA,Santiago Centro,Edificio Ñuble,I-SVS-2173,15617,15617,600000,68856.0,Coincide,Match cartola + proyecto,600000,Facturas Meta/Cartola TC/MovFacturadosInternacionales_94840000-6_9-6-2026.xls
2026-06,Pilares,2026-06-02,02/06/2026,QALDZRR6E2,0206 74987506153000007581229,27355250600828897-27266886119665351,FB_AOL_Franklin,Arcilla Roja,Santiago Centro,Franklin,I-ALM-2212,17092,17092,600000,68856.0,Coincide,Match cartola + proyecto,600000,Facturas Meta/Cartola TC/MovFacturadosInternacionales_94840000-6_9-6-2026.xls
2026-06,Pilares,2026-06-02,02/06/2026,QALDZRR6E2,0206 74987506153000007581229,27355250600828897-27266886119665351,FB_AOL_GuillermoMann,Pilares S.A,Ñuñoa,Guillermo Mann,I-SVS-2250,14395,14395,600000,68856.0,Coincide,Match cartola + proyecto,600000,Facturas Meta/Cartola TC/MovFacturadosInternacionales_94840000-6_9-6-2026.xls
2026-06,Pilares,2026-06-02,02/06/2026,QALDZRR6E2,0206 74987506153000007581229,27355250600828897-27266886119665351,FB_AOL_LoOvalle_E2,ICSA,La Cisterna,Lo Ovalle,I-SVS-2296,13928,13928,600000,68856.0,Coincide,Match cartola + proyecto,600000,Facturas Meta/Cartola TC/MovFacturadosInternacionales_94840000-6_9-6-2026.xls
2026-06,Pilares,2026-06-02,02/06/2026,QALDZRR6E2,0206 74987506153000007581229,27355250600828897-27266886119665351,FB_AOL_RodriguezVelasco,Pilares S.A,La Florida,Rodriguez Velasco,I-SVS-2289,14203,14203,600000,68856.0,Coincide,Match cartola + proyecto,600000,Facturas Meta/Cartola TC/MovFacturadosInternacionales_94840000-6_9-6-2026.xls
2026-06,Pilares,2026-06-02,02/06/2026,QALDZRR6E2,0206 74987506153000007581229,27355250600828897-27266886119665351,FB_AOL_SantosDumont,ICSA,Independencia,Santos Dumont,I-SVS-2246,20496,20496,600000,68856.0,Coincide,Match cartola + proyecto,600000,Facturas Meta/Cartola TC/MovFacturadosInternacionales_94840000-6_9-6-2026.xls
2026-06,Pilares,2026-06-02,02/06/2026,QALDZRR6E2,0206 74987506153000007581229,27355250600828897-27266886119665351,FB_AOL_VicunaMackenna7244,Pilares S.A,La Florida,Vicuña Mackenna 7244,I-SVS-2131,15468,15468,600000,68856.0,Coincide,Match cartola + proyecto,600000,Facturas Meta/Cartola TC/MovFacturadosInternacionales_94840000-6_9-6-2026.xls
2026-06,Pilares,2026-06-02,02/06/2026,QALDZRR6E2,0206 74987506153000007581229,27355250600828897-27266886119665351,FB_AOT_CondeMauleIII,ICSA,Estación Central,Conde del Maule,I-SVS-2255,71445,71445,600000,68856.0,Coincide,Match cartola + proyecto,600000,Facturas Meta/Cartola TC/MovFacturadosInternacionales_94840000-6_9-6-2026.xls
2026-06,Pilares,2026-06-02,02/06/2026,QALDZRR6E2,0206 74987506153000007581229,27355250600828897-27266886119665351,FB_AOT_Franklin,Arcilla Roja,Santiago Centro,Franklin,I-ALM-2212,64021,64021,600000,68856.0,Coincide,Match cartola + proyecto,600000,Facturas Meta/Cartola TC/MovFacturadosInternacionales_94840000-6_9-6-2026.xls
2026-06,Pilares,2026-06-02,02/06/2026,QALDZRR6E2,0206 74987506153000007581229,27355250600828897-27266886119665351,FB_AOT_SantosDumont,ICSA,Independencia,Santos Dumont,I-SVS-2246,70903,70903,600000,68856.0,Coincide,Match cartola + proyecto,600000,Facturas Meta/Cartola TC/MovFacturadosInternacionales_94840000-6_9-6-2026.xls
2026-06,Pilares,2026-06-02,02/06/2026,QALDZRR6E2,0206 74987506153000007581229,27355250600828897-27266886119665351,FB_Pilares_Advantage_Proyectos,Pilares S.A,AON,Edificio Ñuble,I-SVS-2173,156417,31284,600000,68856.0,Coincide,Match cartola + proyecto,600000,Facturas Meta/Cartola TC/MovFacturadosInternacionales_94840000-6_9-6-2026.xls
2026-06,Pilares,2026-06-02,02/06/2026,QALDZRR6E2,0206 74987506153000007581229,27355250600828897-27266886119665351,FB_Pilares_Advantage_Proyectos,Pilares S.A,AON,Guillermo Mann,I-SVS-2250,156417,31284,600000,68856.0,Coincide,Match cartola + proyecto,600000,Facturas Meta/Cartola TC/MovFacturadosInternacionales_94840000-6_9-6-2026.xls
2026-06,Pilares,2026-06-02,02/06/2026,QALDZRR6E2,0206 74987506153000007581229,27355250600828897-27266886119665351,FB_Pilares_Advantage_Proyectos,ICSA,AON,Lo Ovalle,I-SVS-2296,156417,31283,600000,68856.0,Coincide,Match cartola + proyecto,600000,Facturas Meta/Cartola TC/MovFacturadosInternacionales_94840000-6_9-6-2026.xls
2026-06,Pilares,2026-06-02,02/06/2026,QALDZRR6E2,0206 74987506153000007581229,27355250600828897-27266886119665351,FB_Pilares_Advantage_Proyectos,Pilares S.A,AON,Rodriguez Velasco,I-SVS-2289,156417,31283,600000,68856.0,Coincide,Match cartola + proyecto,600000,Facturas Meta/Cartola TC/MovFacturadosInternacionales_94840000-6_9-6-2026.xls
2026-06,Pilares,2026-06-02,02/06/2026,QALDZRR6E2,0206 74987506153000007581229,27355250600828897-27266886119665351,FB_Pilares_Advantage_Proyectos,Pilares S.A,AON,Vicuña Mackenna 7244,I-SVS-2131,156417,31283,600000,68856.0,Coincide,Match cartola + proyecto,600000,Facturas Meta/Cartola TC/MovFacturadosInternacionales_94840000-6_9-6-2026.xls
2026-06,Pilares,2026-06-02,02/06/2026,QALDZRR6E2,0206 74987506153000007581229,27355250600828897-27266886119665351,FB_Pilares_Awareness,ICSA,Marca,Conde del Maule,I-SVS-2255,79970,11425,600000,68856.0,Coincide,Match cartola + proyecto,600000,Facturas Meta/Cartola TC/MovFacturadosInternacionales_94840000-6_9-6-2026.xls
2026-06,Pilares,2026-06-02,02/06/2026,QALDZRR6E2,0206 74987506153000007581229,27355250600828897-27266886119665351,FB_Pilares_Awareness,Pilares S.A,Marca,Edificio Ñuble,I-SVS-2173,79970,11425,600000,68856.0,Coincide,Match cartola + proyecto,600000,Facturas Meta/Cartola TC/MovFacturadosInternacionales_94840000-6_9-6-2026.xls
2026-06,Pilares,2026-06-02,02/06/2026,QALDZRR6E2,0206 74987506153000007581229,27355250600828897-27266886119665351,FB_Pilares_Awareness,Pilares S.A,Marca,Guillermo Mann,I-SVS-2250,79970,11424,600000,68856.0,Coincide,Match cartola + proyecto,600000,Facturas Meta/Cartola TC/MovFacturadosInternacionales_94840000-6_9-6-2026.xls
2026-06,Pilares,2026-06-02,02/06/2026,QALDZRR6E2,0206 74987506153000007581229,27355250600828897-27266886119665351,FB_Pilares_Awareness,ICSA,Marca,Lo Ovalle,I-SVS-2296,79970,11424,600000,68856.0,Coincide,Match cartola + proyecto,600000,Facturas Meta/Cartola TC/MovFacturadosInternacionales_94840000-6_9-6-2026.xls
2026-06,Pilares,2026-06-02,02/06/2026,QALDZRR6E2,0206 74987506153000007581229,27355250600828897-27266886119665351,FB_Pilares_Awareness,Pilares S.A,Marca,Rodriguez Velasco,I-SVS-2289,79970,11424,600000,68856.0,Coincide,Match cartola + proyecto,600000,Facturas Meta/Cartola TC/MovFacturadosInternacionales_94840000-6_9-6-2026.xls
2026-06,Pilares,2026-06-02,02/06/2026,QALDZRR6E2,0206 74987506153000007581229,27355250600828897-27266886119665351,FB_Pilares_Awareness,ICSA,Marca,Santos Dumont,I-SVS-2246,79970,11424,600000,68856.0,Coincide,Match cartola + proyecto,600000,Facturas Meta/Cartola TC/MovFacturadosInternacionales_94840000-6_9-6-2026.xls
2026-06,Pilares,2026-06-02,02/06/2026,QALDZRR6E2,0206 74987506153000007581229,27355250600828897-27266886119665351,FB_Pilares_Awareness,Pilares S.A,Marca,Vicuña Mackenna 7244,I-SVS-2131,79970,11424,600000,68856.0,Coincide,Match cartola + proyecto,600000,Facturas Meta/Cartola TC/MovFacturadosInternacionales_94840000-6_9-6-2026.xls
2026-06,Pilares,2026-06-02,02/06/2026,QALDZRR6E2,0206 74987506153000007581229,27355250600828897-27266886119665351,FB_Pilares_Inversionistas,ICSA,Inversionista,Conde del Maule,I-SVS-2255,27555,3937,600000,68856.0,Coincide,Match cartola + proyecto,600000,Facturas Meta/Cartola TC/MovFacturadosInternacionales_94840000-6_9-6-2026.xls
2026-06,Pilares,2026-06-02,02/06/2026,QALDZRR6E2,0206 74987506153000007581229,27355250600828897-27266886119665351,FB_Pilares_Inversionistas,Pilares S.A,Inversionista,Edificio Ñuble,I-SVS-2173,27555,3937,600000,68856.0,Coincide,Match cartola + proyecto,600000,Facturas Meta/Cartola TC/MovFacturadosInternacionales_94840000-6_9-6-2026.xls
2026-06,Pilares,2026-06-02,02/06/2026,QALDZRR6E2,0206 74987506153000007581229,27355250600828897-27266886119665351,FB_Pilares_Inversionistas,Pilares S.A,Inversionista,Guillermo Mann,I-SVS-2250,27555,3937,600000,68856.0,Coincide,Match cartola + proyecto,600000,Facturas Meta/Cartola TC/MovFacturadosInternacionales_94840000-6_9-6-2026.xls
2026-06,Pilares,2026-06-02,02/06/2026,QALDZRR6E2,0206 74987506153000007581229,27355250600828897-27266886119665351,FB_Pilares_Inversionistas,ICSA,Inversionista,Lo Ovalle,I-SVS-2296,27555,3936,600000,68856.0,Coincide,Match cartola + proyecto,600000,Facturas Meta/Cartola TC/MovFacturadosInternacionales_94840000-6_9-6-2026.xls
2026-06,Pilares,2026-06-02,02/06/2026,QALDZRR6E2,0206 74987506153000007581229,27355250600828897-27266886119665351,FB_Pilares_Inversionistas,Pilares S.A,Inversionista,Rodriguez Velasco,I-SVS-2289,27555,3936,600000,68856.0,Coincide,Match cartola + proyecto,600000,Facturas Meta/Cartola TC/MovFacturadosInternacionales_94840000-6_9-6-2026.xls
2026-06,Pilares,2026-06-02,02/06/2026,QALDZRR6E2,0206 74987506153000007581229,27355250600828897-27266886119665351,FB_Pilares_Inversionistas,ICSA,Inversionista,Santos Dumont,I-SVS-2246,27555,3936,600000,68856.0,Coincide,Match cartola + proyecto,600000,Facturas Meta/Cartola TC/MovFacturadosInternacionales_94840000-6_9-6-2026.xls
2026-06,Pilares,2026-06-02,02/06/2026,QALDZRR6E2,0206 74987506153000007581229,27355250600828897-27266886119665351,FB_Pilares_Inversionistas,Pilares S.A,Inversionista,Vicuña Mackenna 7244,I-SVS-2131,27555,3936,600000,68856.0,Coincide,Match cartola + proyecto,600000,Facturas Meta/Cartola TC/MovFacturadosInternacionales_94840000-6_9-6-2026.xls
2026-06,Pilares,2026-06-04,04/06/2026,JMDSCTD6E2,0406 74987506155000900210072,27237624292591530-27382631264757497,FB_AOL_CondeMauleIII,ICSA,Estación Central,Conde del Maule,I-SVS-2255,17610,17610,600000,68733.0,Coincide,Match cartola + proyecto,600000,Facturas Meta/Cartola TC/MovFacturadosInternacionales_94840000-6_9-6-2026.xls
2026-06,Pilares,2026-06-04,04/06/2026,JMDSCTD6E2,0406 74987506155000900210072,27237624292591530-27382631264757497,FB_AOL_EdificioNuble,ICSA,Santiago Centro,Edificio Ñuble,I-SVS-2173,15141,15141,600000,68733.0,Coincide,Match cartola + proyecto,600000,Facturas Meta/Cartola TC/MovFacturadosInternacionales_94840000-6_9-6-2026.xls
2026-06,Pilares,2026-06-04,04/06/2026,JMDSCTD6E2,0406 74987506155000900210072,27237624292591530-27382631264757497,FB_AOL_Franklin,Arcilla Roja,Santiago Centro,Franklin,I-ALM-2212,16786,16786,600000,68733.0,Coincide,Match cartola + proyecto,600000,Facturas Meta/Cartola TC/MovFacturadosInternacionales_94840000-6_9-6-2026.xls
2026-06,Pilares,2026-06-04,04/06/2026,JMDSCTD6E2,0406 74987506155000900210072,27237624292591530-27382631264757497,FB_AOL_GuillermoMann,Pilares S.A,Ñuñoa,Guillermo Mann,I-SVS-2250,19022,19022,600000,68733.0,Coincide,Match cartola + proyecto,600000,Facturas Meta/Cartola TC/MovFacturadosInternacionales_94840000-6_9-6-2026.xls
2026-06,Pilares,2026-06-04,04/06/2026,JMDSCTD6E2,0406 74987506155000900210072,27237624292591530-27382631264757497,FB_AOL_LoOvalle_E2,ICSA,La Cisterna,Lo Ovalle,I-SVS-2296,12134,12134,600000,68733.0,Coincide,Match cartola + proyecto,600000,Facturas Meta/Cartola TC/MovFacturadosInternacionales_94840000-6_9-6-2026.xls
2026-06,Pilares,2026-06-04,04/06/2026,JMDSCTD6E2,0406 74987506155000900210072,27237624292591530-27382631264757497,FB_AOL_RodriguezVelasco,Pilares S.A,La Florida,Rodriguez Velasco,I-SVS-2289,16761,16761,600000,68733.0,Coincide,Match cartola + proyecto,600000,Facturas Meta/Cartola TC/MovFacturadosInternacionales_94840000-6_9-6-2026.xls
2026-06,Pilares,2026-06-04,04/06/2026,JMDSCTD6E2,0406 74987506155000900210072,27237624292591530-27382631264757497,FB_AOL_SantosDumont,ICSA,Independencia,Santos Dumont,I-SVS-2246,17525,17525,600000,68733.0,Coincide,Match cartola + proyecto,600000,Facturas Meta/Cartola TC/MovFacturadosInternacionales_94840000-6_9-6-2026.xls
2026-06,Pilares,2026-06-04,04/06/2026,JMDSCTD6E2,0406 74987506155000900210072,27237624292591530-27382631264757497,FB_AOL_VicunaMackenna7244,Pilares S.A,La Florida,Vicuña Mackenna 7244,I-SVS-2131,13577,13577,600000,68733.0,Coincide,Match cartola + proyecto,600000,Facturas Meta/Cartola TC/MovFacturadosInternacionales_94840000-6_9-6-2026.xls
2026-06,Pilares,2026-06-04,04/06/2026,JMDSCTD6E2,0406 74987506155000900210072,27237624292591530-27382631264757497,FB_AOT_CondeMauleIII,ICSA,Estación Central,Conde del Maule,I-SVS-2255,59481,59481,600000,68733.0,Coincide,Match cartola + proyecto,600000,Facturas Meta/Cartola TC/MovFacturadosInternacionales_94840000-6_9-6-2026.xls
2026-06,Pilares,2026-06-04,04/06/2026,JMDSCTD6E2,0406 74987506155000900210072,27237624292591530-27382631264757497,FB_AOT_Franklin,Arcilla Roja,Santiago Centro,Franklin,I-ALM-2212,56531,56531,600000,68733.0,Coincide,Match cartola + proyecto,600000,Facturas Meta/Cartola TC/MovFacturadosInternacionales_94840000-6_9-6-2026.xls
2026-06,Pilares,2026-06-04,04/06/2026,JMDSCTD6E2,0406 74987506155000900210072,27237624292591530-27382631264757497,FB_AOT_SantosDumont,ICSA,Independencia,Santos Dumont,I-SVS-2246,57991,57991,600000,68733.0,Coincide,Match cartola + proyecto,600000,Facturas Meta/Cartola TC/MovFacturadosInternacionales_94840000-6_9-6-2026.xls
2026-06,Pilares,2026-06-04,04/06/2026,JMDSCTD6E2,0406 74987506155000900210072,27237624292591530-27382631264757497,FB_Pilares_Advantage_Proyectos,Pilares S.A,AON,Edificio Ñuble,I-SVS-2173,137094,27419,600000,68733.0,Coincide,Match cartola + proyecto,600000,Facturas Meta/Cartola TC/MovFacturadosInternacionales_94840000-6_9-6-2026.xls
2026-06,Pilares,2026-06-04,04/06/2026,JMDSCTD6E2,0406 74987506155000900210072,27237624292591530-27382631264757497,FB_Pilares_Advantage_Proyectos,Pilares S.A,AON,Guillermo Mann,I-SVS-2250,137094,27419,600000,68733.0,Coincide,Match cartola + proyecto,600000,Facturas Meta/Cartola TC/MovFacturadosInternacionales_94840000-6_9-6-2026.xls
2026-06,Pilares,2026-06-04,04/06/2026,JMDSCTD6E2,0406 74987506155000900210072,27237624292591530-27382631264757497,FB_Pilares_Advantage_Proyectos,ICSA,AON,Lo Ovalle,I-SVS-2296,137094,27419,600000,68733.0,Coincide,Match cartola + proyecto,600000,Facturas Meta/Cartola TC/MovFacturadosInternacionales_94840000-6_9-6-2026.xls
2026-06,Pilares,2026-06-04,04/06/2026,JMDSCTD6E2,0406 74987506155000900210072,27237624292591530-27382631264757497,FB_Pilares_Advantage_Proyectos,Pilares S.A,AON,Rodriguez Velasco,I-SVS-2289,137094,27419,600000,68733.0,Coincide,Match cartola + proyecto,600000,Facturas Meta/Cartola TC/MovFacturadosInternacionales_94840000-6_9-6-2026.xls
2026-06,Pilares,2026-06-04,04/06/2026,JMDSCTD6E2,0406 74987506155000900210072,27237624292591530-27382631264757497,FB_Pilares_Advantage_Proyectos,Pilares S.A,AON,Vicuña Mackenna 7244,I-SVS-2131,137094,27418,600000,68733.0,Coincide,Match cartola + proyecto,600000,Facturas Meta/Cartola TC/MovFacturadosInternacionales_94840000-6_9-6-2026.xls
2026-06,Pilares,2026-06-04,04/06/2026,JMDSCTD6E2,0406 74987506155000900210072,27237624292591530-27382631264757497,FB_Pilares_Awareness,ICSA,Marca,Conde del Maule,I-SVS-2255,77889,11127,600000,68733.0,Coincide,Match cartola + proyecto,600000,Facturas Meta/Cartola TC/MovFacturadosInternacionales_94840000-6_9-6-2026.xls
2026-06,Pilares,2026-06-04,04/06/2026,JMDSCTD6E2,0406 74987506155000900210072,27237624292591530-27382631264757497,FB_Pilares_Awareness,Pilares S.A,Marca,Edificio Ñuble,I-SVS-2173,77889,11127,600000,68733.0,Coincide,Match cartola + proyecto,600000,Facturas Meta/Cartola TC/MovFacturadosInternacionales_94840000-6_9-6-2026.xls
2026-06,Pilares,2026-06-04,04/06/2026,JMDSCTD6E2,0406 74987506155000900210072,27237624292591530-27382631264757497,FB_Pilares_Awareness,Pilares S.A,Marca,Guillermo Mann,I-SVS-2250,77889,11127,600000,68733.0,Coincide,Match cartola + proyecto,600000,Facturas Meta/Cartola TC/MovFacturadosInternacionales_94840000-6_9-6-2026.xls
2026-06,Pilares,2026-06-04,04/06/2026,JMDSCTD6E2,0406 74987506155000900210072,27237624292591530-27382631264757497,FB_Pilares_Awareness,ICSA,Marca,Lo Ovalle,I-SVS-2296,77889,11127,600000,68733.0,Coincide,Match cartola + proyecto,600000,Facturas Meta/Cartola TC/MovFacturadosInternacionales_94840000-6_9-6-2026.xls
2026-06,Pilares,2026-06-04,04/06/2026,JMDSCTD6E2,0406 74987506155000900210072,27237624292591530-27382631264757497,FB_Pilares_Awareness,Pilares S.A,Marca,Rodriguez Velasco,I-SVS-2289,77889,11127,600000,68733.0,Coincide,Match cartola + proyecto,600000,Facturas Meta/Cartola TC/MovFacturadosInternacionales_94840000-6_9-6-2026.xls
2026-06,Pilares,2026-06-04,04/06/2026,JMDSCTD6E2,0406 74987506155000900210072,27237624292591530-27382631264757497,FB_Pilares_Awareness,ICSA,Marca,Santos Dumont,I-SVS-2246,77889,11127,600000,68733.0,Coincide,Match cartola + proyecto,600000,Facturas Meta/Cartola TC/MovFacturadosInternacionales_94840000-6_9-6-2026.xls
2026-06,Pilares,2026-06-04,04/06/2026,JMDSCTD6E2,0406 74987506155000900210072,27237624292591530-27382631264757497,FB_Pilares_Awareness,Pilares S.A,Marca,Vicuña Mackenna 7244,I-SVS-2131,77889,11127,600000,68733.0,Coincide,Match cartola + proyecto,600000,Facturas Meta/Cartola TC/MovFacturadosInternacionales_94840000-6_9-6-2026.xls
2026-06,Pilares,2026-06-04,04/06/2026,JMDSCTD6E2,0406 74987506155000900210072,27237624292591530-27382631264757497,FB_Pilares_Inversionistas,ICSA,Inversionista,Conde del Maule,I-SVS-2255,22238,3177,600000,68733.0,Coincide,Match cartola + proyecto,600000,Facturas Meta/Cartola TC/MovFacturadosInternacionales_94840000-6_9-6-2026.xls
2026-06,Pilares,2026-06-04,04/06/2026,JMDSCTD6E2,0406 74987506155000900210072,27237624292591530-27382631264757497,FB_Pilares_Inversionistas,Pilares S.A,Inversionista,Edificio Ñuble,I-SVS-2173,22238,3177,600000,68733.0,Coincide,Match cartola + proyecto,600000,Facturas Meta/Cartola TC/MovFacturadosInternacionales_94840000-6_9-6-2026.xls
2026-06,Pilares,2026-06-04,04/06/2026,JMDSCTD6E2,0406 74987506155000900210072,27237624292591530-27382631264757497,FB_Pilares_Inversionistas,Pilares S.A,Inversionista,Guillermo Mann,I-SVS-2250,22238,3177,600000,68733.0,Coincide,Match cartola + proyecto,600000,Facturas Meta/Cartola TC/MovFacturadosInternacionales_94840000-6_9-6-2026.xls
2026-06,Pilares,2026-06-04,04/06/2026,JMDSCTD6E2,0406 74987506155000900210072,27237624292591530-27382631264757497,FB_Pilares_Inversionistas,ICSA,Inversionista,Lo Ovalle,I-SVS-2296,22238,3177,600000,68733.0,Coincide,Match cartola + proyecto,600000,Facturas Meta/Cartola TC/MovFacturadosInternacionales_94840000-6_9-6-2026.xls
2026-06,Pilares,2026-06-04,04/06/2026,JMDSCTD6E2,0406 74987506155000900210072,27237624292591530-27382631264757497,FB_Pilares_Inversionistas,Pilares S.A,Inversionista,Rodriguez Velasco,I-SVS-2289,22238,3177,600000,68733.0,Coincide,Match cartola + proyecto,600000,Facturas Meta/Cartola TC/MovFacturadosInternacionales_94840000-6_9-6-2026.xls
2026-06,Pilares,2026-06-04,04/06/2026,JMDSCTD6E2,0406 74987506155000900210072,27237624292591530-27382631264757497,FB_Pilares_Inversionistas,ICSA,Inversionista,Santos Dumont,I-SVS-2246,22238,3177,600000,68733.0,Coincide,Match cartola + proyecto,600000,Facturas Meta/Cartola TC/MovFacturadosInternacionales_94840000-6_9-6-2026.xls
2026-06,Pilares,2026-06-04,04/06/2026,JMDSCTD6E2,0406 74987506155000900210072,27237624292591530-27382631264757497,FB_Pilares_Inversionistas,Pilares S.A,Inversionista,Vicuña Mackenna 7244,I-SVS-2131,22238,3176,600000,68733.0,Coincide,Match cartola + proyecto,600000,Facturas Meta/Cartola TC/MovFacturadosInternacionales_94840000-6_9-6-2026.xls
2026-06,Pilares,2026-06-04,04/06/2026,JMDSCTD6E2,0406 74987506155000900210072,27237624292591530-27382631264757497,FB_WA_Pilares_Advantage_Proyectos,Pilares S.A,AON,Guillermo Mann,I-SVS-2250,60220,60220,600000,68733.0,Coincide,Match cartola + proyecto,600000,Facturas Meta/Cartola TC/MovFacturadosInternacionales_94840000-6_9-6-2026.xls
2026-06,Socovesa,2026-06-01,01/06/2026,9PMC2TH6E2,0206 74987506152000623155219,27313387128352469-27656131824077998,FB_AOL_CentroSur_AltoMaderosll,Socovesa Sur S.A,Los Ángeles,Alto Maderos,I-SUR-2335,1216,1216,279796,32224.0,Coincide,Match cartola + proyecto,279796,Facturas Meta/Cartola TC/MovFacturadosInternacionales_94840000-6_9-6-2026.xls
2026-06,Socovesa,2026-06-01,01/06/2026,9PMC2TH6E2,0206 74987506152000623155219,27313387128352469-27656131824077998,FB_AOL_CentroSur_ElAvellano_E2,Socovesa Sur S.A,Los Ángeles,Parque Avellanos,I-SUR-2336,1518,1518,279796,32224.0,Coincide,Match cartola + proyecto,279796,Facturas Meta/Cartola TC/MovFacturadosInternacionales_94840000-6_9-6-2026.xls
2026-06,Socovesa,2026-06-01,01/06/2026,9PMC2TH6E2,0206 74987506152000623155219,27313387128352469-27656131824077998,FB_AOL_CentroSur_NuevaToledo,Socovesa Sur S.A,Chillán,Nueva Toledo,I-SUR-2334,1353,1353,279796,32224.0,Coincide,Match cartola + proyecto,279796,Facturas Meta/Cartola TC/MovFacturadosInternacionales_94840000-6_9-6-2026.xls
2026-06,Socovesa,2026-06-01,01/06/2026,9PMC2TH6E2,0206 74987506152000623155219,27313387128352469-27656131824077998,FB_AOL_CentroSur_PortaldelLibertadorVIII,Socovesa Sur S.A,Chillán,PDL,I-SUR-2372,1307,1307,279796,32224.0,Coincide,Match cartola + proyecto,279796,Facturas Meta/Cartola TC/MovFacturadosInternacionales_94840000-6_9-6-2026.xls
2026-06,Socovesa,2026-06-01,01/06/2026,9PMC2TH6E2,0206 74987506152000623155219,27313387128352469-27656131824077998,FB_AOL_SantiagoMedio_Coipue,Sociedad Comercializadora Metropolitana,Macul,Coipue,I-STG-2229,3726,3726,279796,32224.0,Coincide,Match cartola + proyecto,279796,Facturas Meta/Cartola TC/MovFacturadosInternacionales_94840000-6_9-6-2026.xls
2026-06,Socovesa,2026-06-01,01/06/2026,9PMC2TH6E2,0206 74987506152000623155219,27313387128352469-27656131824077998,FB_AOL_SantiagoMedio_LosCoihues,INMOBILIARIA ENCINAS DE PEÑALOLEN,Lampa,Los Coihues,I-STG-2325,8170,8170,279796,32224.0,Coincide,Match cartola + proyecto,279796,Facturas Meta/Cartola TC/MovFacturadosInternacionales_94840000-6_9-6-2026.xls
2026-06,Socovesa,2026-06-01,01/06/2026,9PMC2TH6E2,0206 74987506152000623155219,27313387128352469-27656131824077998,FB_AOL_SantiagoMedio_Marathon,Pilares S.A,Ñuñoa,Marathon,I-SVS-2349,6734,6734,279796,32224.0,Coincide,Match cartola + proyecto,279796,Facturas Meta/Cartola TC/MovFacturadosInternacionales_94840000-6_9-6-2026.xls
2026-06,Socovesa,2026-06-01,01/06/2026,9PMC2TH6E2,0206 74987506152000623155219,27313387128352469-27656131824077998,FB_AOL_SantiagoMedio_Pajaritos,Inmobiliaria El Descubridor,Maipú,Pajaritos,I-STG-2204,7752,7752,279796,32224.0,Coincide,Match cartola + proyecto,279796,Facturas Meta/Cartola TC/MovFacturadosInternacionales_94840000-6_9-6-2026.xls
2026-06,Socovesa,2026-06-01,01/06/2026,9PMC2TH6E2,0206 74987506152000623155219,27313387128352469-27656131824077998,FB_AOL_SantiagoMedio_PlazaMirador,INSOCO,La Florida,Plaza Mirador,I-STG-2391,4280,4280,279796,32224.0,Coincide,Match cartola + proyecto,279796,Facturas Meta/Cartola TC/MovFacturadosInternacionales_94840000-6_9-6-2026.xls
2026-06,Socovesa,2026-06-01,01/06/2026,9PMC2TH6E2,0206 74987506152000623155219,27313387128352469-27656131824077998,FB_AOL_SantiagoSubsidio_LasPataguas,INMOBILIARIA ENCINAS DE PEÑALOLEN,Lampa,Las Pataguas,I-STG-2366,4361,4361,279796,32224.0,Coincide,Match cartola + proyecto,279796,Facturas Meta/Cartola TC/MovFacturadosInternacionales_94840000-6_9-6-2026.xls
2026-06,Socovesa,2026-06-01,01/06/2026,9PMC2TH6E2,0206 74987506152000623155219,27313387128352469-27656131824077998,FB_AOL_SurAustral_PortalAustral,Socovesa Sur S.A,Puerto Montt,Portal Austral,I-SUR-2340,1091,1091,279796,32224.0,Coincide,Match cartola + proyecto,279796,Facturas Meta/Cartola TC/MovFacturadosInternacionales_94840000-6_9-6-2026.xls
2026-06,Socovesa,2026-06-01,01/06/2026,9PMC2TH6E2,0206 74987506152000623155219,27313387128352469-27656131824077998,FB_AOL_SurAustral_ReservaMagallanes,Socovesa Sur S.A,Punta Arenas,Reserva Magallanes,I-SUR-2323,1502,1502,279796,32224.0,Coincide,Match cartola + proyecto,279796,Facturas Meta/Cartola TC/MovFacturadosInternacionales_94840000-6_9-6-2026.xls
2026-06,Socovesa,2026-06-01,01/06/2026,9PMC2TH6E2,0206 74987506152000623155219,27313387128352469-27656131824077998,FB_AOL_SurAustral_TerrazaMiradorII,Socovesa Sur S.A,Puerto Montt,Terraza Mirador,I-SUR-2333,1228,1228,279796,32224.0,Coincide,Match cartola + proyecto,279796,Facturas Meta/Cartola TC/MovFacturadosInternacionales_94840000-6_9-6-2026.xls
2026-06,Socovesa,2026-06-01,01/06/2026,9PMC2TH6E2,0206 74987506152000623155219,27313387128352469-27656131824077998,FB_AOL_Sur_CasasEnElPortal,Socovesa Sur S.A,Temuco,Icono,I-SUR-2346,1156,578,279796,32224.0,Coincide,Match cartola + proyecto,279796,Facturas Meta/Cartola TC/MovFacturadosInternacionales_94840000-6_9-6-2026.xls
2026-06,Socovesa,2026-06-01,01/06/2026,9PMC2TH6E2,0206 74987506152000623155219,27313387128352469-27656131824077998,FB_AOL_Sur_CasasEnElPortal,Socovesa Sur S.A,Temuco,Origen,I-SUR-2346,1156,578,279796,32224.0,Coincide,Match cartola + proyecto,279796,Facturas Meta/Cartola TC/MovFacturadosInternacionales_94840000-6_9-6-2026.xls
2026-06,Socovesa,2026-06-01,01/06/2026,9PMC2TH6E2,0206 74987506152000623155219,27313387128352469-27656131824077998,FB_AOL_Sur_EdificioVertice,Socovesa Sur S.A,Temuco,Edificio Vértice,I-SUR-2297,1881,1881,279796,32224.0,Coincide,Match cartola + proyecto,279796,Facturas Meta/Cartola TC/MovFacturadosInternacionales_94840000-6_9-6-2026.xls
2026-06,Socovesa,2026-06-01,01/06/2026,9PMC2TH6E2,0206 74987506152000623155219,27313387128352469-27656131824077998,FB_AOL_Sur_GarciaReyes,Socovesa Sur S.A,Valdivia,García Reyes,I-SUR-2283,1254,1254,279796,32224.0,Coincide,Match cartola + proyecto,279796,Facturas Meta/Cartola TC/MovFacturadosInternacionales_94840000-6_9-6-2026.xls
2026-06,Socovesa,2026-06-01,01/06/2026,9PMC2TH6E2,0206 74987506152000623155219,27313387128352469-27656131824077998,FB_AOL_Sur_ParqueOlimpia_O3,Socovesa Sur S.A,Temuco,O3,I-SUR-2373,1202,1202,279796,32224.0,Coincide,Match cartola + proyecto,279796,Facturas Meta/Cartola TC/MovFacturadosInternacionales_94840000-6_9-6-2026.xls
2026-06,Socovesa,2026-06-01,01/06/2026,9PMC2TH6E2,0206 74987506152000623155219,27313387128352469-27656131824077998,FB_AOL_Sur_VistaNielol_N3,Socovesa Sur S.A,Temuco,N3,I-SUR-2331,1437,1437,279796,32224.0,Coincide,Match cartola + proyecto,279796,Facturas Meta/Cartola TC/MovFacturadosInternacionales_94840000-6_9-6-2026.xls
2026-06,Socovesa,2026-06-01,01/06/2026,9PMC2TH6E2,0206 74987506152000623155219,27313387128352469-27656131824077998,FB_AOT_CentroSur_PortaldelLibertador,Socovesa Sur S.A,Chillán,PDL,I-SUR-2372,4727,4727,279796,32224.0,Coincide,Match cartola + proyecto,279796,Facturas Meta/Cartola TC/MovFacturadosInternacionales_94840000-6_9-6-2026.xls
2026-06,Socovesa,2026-06-01,01/06/2026,9PMC2TH6E2,0206 74987506152000623155219,27313387128352469-27656131824077998,FB_AOT_SantiagoMedio_LosCoihues,INMOBILIARIA ENCINAS DE PEÑALOLEN,Lampa,Los Coihues,I-STG-2325,26298,26298,279796,32224.0,Coincide,Match cartola + proyecto,279796,Facturas Meta/Cartola TC/MovFacturadosInternacionales_94840000-6_9-6-2026.xls
2026-06,Socovesa,2026-06-01,01/06/2026,9PMC2TH6E2,0206 74987506152000623155219,27313387128352469-27656131824077998,FB_AOT_SantiagoMedio_Marathon,Pilares S.A,Ñuñoa,Marathon,I-SVS-2349,20630,20630,279796,32224.0,Coincide,Match cartola + proyecto,279796,Facturas Meta/Cartola TC/MovFacturadosInternacionales_94840000-6_9-6-2026.xls
2026-06,Socovesa,2026-06-01,01/06/2026,9PMC2TH6E2,0206 74987506152000623155219,27313387128352469-27656131824077998,FB_AOT_SantiagoMedio_Pajaritos,Inmobiliaria El Descubridor,Maipú,Pajaritos,I-STG-2204,27952,27952,279796,32224.0,Coincide,Match cartola + proyecto,279796,Facturas Meta/Cartola TC/MovFacturadosInternacionales_94840000-6_9-6-2026.xls
2026-06,Socovesa,2026-06-01,01/06/2026,9PMC2TH6E2,0206 74987506152000623155219,27313387128352469-27656131824077998,FB_AOT_SantiagoMedio_PlazaMirador,INSOCO,La Florida,Plaza Mirador,I-STG-2391,10808,10808,279796,32224.0,Coincide,Match cartola + proyecto,279796,Facturas Meta/Cartola TC/MovFacturadosInternacionales_94840000-6_9-6-2026.xls
2026-06,Socovesa,2026-06-01,01/06/2026,9PMC2TH6E2,0206 74987506152000623155219,27313387128352469-27656131824077998,FB_AOT_SantiagoSubsidio_LasPataguas,INMOBILIARIA ENCINAS DE PEÑALOLEN,Lampa,Las Pataguas,I-STG-2366,26376,26376,279796,32224.0,Coincide,Match cartola + proyecto,279796,Facturas Meta/Cartola TC/MovFacturadosInternacionales_94840000-6_9-6-2026.xls
2026-06,Socovesa,2026-06-01,01/06/2026,9PMC2TH6E2,0206 74987506152000623155219,27313387128352469-27656131824077998,FB_AOT_SurAustral_PortalAustral,Socovesa Sur S.A,Puerto Montt,Portal Austral,I-SUR-2340,4304,4304,279796,32224.0,Coincide,Match cartola + proyecto,279796,Facturas Meta/Cartola TC/MovFacturadosInternacionales_94840000-6_9-6-2026.xls
2026-06,Socovesa,2026-06-01,01/06/2026,9PMC2TH6E2,0206 74987506152000623155219,27313387128352469-27656131824077998,FB_AOT_Sur_GarciaReyes,Socovesa Sur S.A,Valdivia,García Reyes,I-SUR-2283,4183,4183,279796,32224.0,Coincide,Match cartola + proyecto,279796,Facturas Meta/Cartola TC/MovFacturadosInternacionales_94840000-6_9-6-2026.xls
2026-06,Socovesa,2026-06-01,01/06/2026,9PMC2TH6E2,0206 74987506152000623155219,27313387128352469-27656131824077998,FB_AOT_Sur_VistaNielol,Socovesa Sur S.A,Temuco,N3,I-SUR-2331,5475,5475,279796,32224.0,Coincide,Match cartola + proyecto,279796,Facturas Meta/Cartola TC/MovFacturadosInternacionales_94840000-6_9-6-2026.xls
2026-06,Socovesa,2026-06-01,01/06/2026,9PMC2TH6E2,0206 74987506152000623155219,27313387128352469-27656131824077998,FB_SocovesaSantiago_Advantage,Sociedad Comercializadora Metropolitana,AON,Coipue,I-STG-2229,17630,8815,279796,32224.0,Coincide,Match cartola + proyecto,279796,Facturas Meta/Cartola TC/MovFacturadosInternacionales_94840000-6_9-6-2026.xls
2026-06,Socovesa,2026-06-01,01/06/2026,9PMC2TH6E2,0206 74987506152000623155219,27313387128352469-27656131824077998,FB_SocovesaSantiago_Advantage,Consorcio Inmobiliario Macul,AON,Las Palmas,I-STG-2205,17630,8815,279796,32224.0,Coincide,Match cartola + proyecto,279796,Facturas Meta/Cartola TC/MovFacturadosInternacionales_94840000-6_9-6-2026.xls
2026-06,Socovesa,2026-06-01,01/06/2026,9PMC2TH6E2,0206 74987506152000623155219,27313387128352469-27656131824077998,FB_SocovesaSantiago_Awareness,Sociedad Comercializadora Metropolitana,Marca,Coipue,I-STG-2229,41036,6840,279796,32224.0,Coincide,Match cartola + proyecto,279796,Facturas Meta/Cartola TC/MovFacturadosInternacionales_94840000-6_9-6-2026.xls
2026-06,Socovesa,2026-06-01,01/06/2026,9PMC2TH6E2,0206 74987506152000623155219,27313387128352469-27656131824077998,FB_SocovesaSantiago_Awareness,Consorcio Inmobiliario Macul,Marca,Las Palmas,I-STG-2205,41036,6840,279796,32224.0,Coincide,Match cartola + proyecto,279796,Facturas Meta/Cartola TC/MovFacturadosInternacionales_94840000-6_9-6-2026.xls
2026-06,Socovesa,2026-06-01,01/06/2026,9PMC2TH6E2,0206 74987506152000623155219,27313387128352469-27656131824077998,FB_SocovesaSantiago_Awareness,INMOBILIARIA ENCINAS DE PEÑALOLEN,Marca,Las Pataguas,I-STG-2366,41036,6839,279796,32224.0,Coincide,Match cartola + proyecto,279796,Facturas Meta/Cartola TC/MovFacturadosInternacionales_94840000-6_9-6-2026.xls
2026-06,Socovesa,2026-06-01,01/06/2026,9PMC2TH6E2,0206 74987506152000623155219,27313387128352469-27656131824077998,FB_SocovesaSantiago_Awareness,INMOBILIARIA ENCINAS DE PEÑALOLEN,Marca,Los Coihues,I-STG-2325,41036,6839,279796,32224.0,Coincide,Match cartola + proyecto,279796,Facturas Meta/Cartola TC/MovFacturadosInternacionales_94840000-6_9-6-2026.xls
2026-06,Socovesa,2026-06-01,01/06/2026,9PMC2TH6E2,0206 74987506152000623155219,27313387128352469-27656131824077998,FB_SocovesaSantiago_Awareness,Pilares S.A,Marca,Marathon,I-SVS-2349,41036,6839,279796,32224.0,Coincide,Match cartola + proyecto,279796,Facturas Meta/Cartola TC/MovFacturadosInternacionales_94840000-6_9-6-2026.xls
2026-06,Socovesa,2026-06-01,01/06/2026,9PMC2TH6E2,0206 74987506152000623155219,27313387128352469-27656131824077998,FB_SocovesaSantiago_Awareness,Inmobiliaria El Descubridor,Marca,Pajaritos,I-STG-2204,41036,6839,279796,32224.0,Coincide,Match cartola + proyecto,279796,Facturas Meta/Cartola TC/MovFacturadosInternacionales_94840000-6_9-6-2026.xls
2026-06,Socovesa,2026-06-01,01/06/2026,9PMC2TH6E2,0206 74987506152000623155219,27313387128352469-27656131824077998,FB_SocovesaSur_Advantage,Socovesa Sur S.A,AON,Alto Maderos,I-SUR-2335,28544,2855,279796,32224.0,Coincide,Match cartola + proyecto,279796,Facturas Meta/Cartola TC/MovFacturadosInternacionales_94840000-6_9-6-2026.xls
2026-06,Socovesa,2026-06-01,01/06/2026,9PMC2TH6E2,0206 74987506152000623155219,27313387128352469-27656131824077998,FB_SocovesaSur_Advantage,Socovesa Sur S.A,AON,Edificio Vértice,I-SUR-2297,28544,2855,279796,32224.0,Coincide,Match cartola + proyecto,279796,Facturas Meta/Cartola TC/MovFacturadosInternacionales_94840000-6_9-6-2026.xls
2026-06,Socovesa,2026-06-01,01/06/2026,9PMC2TH6E2,0206 74987506152000623155219,27313387128352469-27656131824077998,FB_SocovesaSur_Advantage,Socovesa Sur S.A,AON,Icono,I-SUR-2334,28544,2855,279796,32224.0,Coincide,Match cartola + proyecto,279796,Facturas Meta/Cartola TC/MovFacturadosInternacionales_94840000-6_9-6-2026.xls
2026-06,Socovesa,2026-06-01,01/06/2026,9PMC2TH6E2,0206 74987506152000623155219,27313387128352469-27656131824077998,FB_SocovesaSur_Advantage,Socovesa Sur S.A,AON,N3,I-SUR-2331,28544,2855,279796,32224.0,Coincide,Match cartola + proyecto,279796,Facturas Meta/Cartola TC/MovFacturadosInternacionales_94840000-6_9-6-2026.xls
2026-06,Socovesa,2026-06-01,01/06/2026,9PMC2TH6E2,0206 74987506152000623155219,27313387128352469-27656131824077998,FB_SocovesaSur_Advantage,Socovesa Sur S.A,AON,Nueva Toledo,I-SUR-2334,28544,2854,279796,32224.0,Coincide,Match cartola + proyecto,279796,Facturas Meta/Cartola TC/MovFacturadosInternacionales_94840000-6_9-6-2026.xls
2026-06,Socovesa,2026-06-01,01/06/2026,9PMC2TH6E2,0206 74987506152000623155219,27313387128352469-27656131824077998,FB_SocovesaSur_Advantage,Socovesa Sur S.A,AON,O3,I-SUR-2373,28544,2854,279796,32224.0,Coincide,Match cartola + proyecto,279796,Facturas Meta/Cartola TC/MovFacturadosInternacionales_94840000-6_9-6-2026.xls
2026-06,Socovesa,2026-06-01,01/06/2026,9PMC2TH6E2,0206 74987506152000623155219,27313387128352469-27656131824077998,FB_SocovesaSur_Advantage,Socovesa Sur S.A,AON,Origen,I-SUR-2346,28544,2854,279796,32224.0,Coincide,Match cartola + proyecto,279796,Facturas Meta/Cartola TC/MovFacturadosInternacionales_94840000-6_9-6-2026.xls
2026-06,Socovesa,2026-06-01,01/06/2026,9PMC2TH6E2,0206 74987506152000623155219,27313387128352469-27656131824077998,FB_SocovesaSur_Advantage,Socovesa Sur S.A,AON,Parque Avellanos,I-SUR-2336,28544,2854,279796,32224.0,Coincide,Match cartola + proyecto,279796,Facturas Meta/Cartola TC/MovFacturadosInternacionales_94840000-6_9-6-2026.xls
2026-06,Socovesa,2026-06-01,01/06/2026,9PMC2TH6E2,0206 74987506152000623155219,27313387128352469-27656131824077998,FB_SocovesaSur_Advantage,Socovesa Sur S.A,AON,Reserva Magallanes,I-SUR-2323,28544,2854,279796,32224.0,Coincide,Match cartola + proyecto,279796,Facturas Meta/Cartola TC/MovFacturadosInternacionales_94840000-6_9-6-2026.xls
2026-06,Socovesa,2026-06-01,01/06/2026,9PMC2TH6E2,0206 74987506152000623155219,27313387128352469-27656131824077998,FB_SocovesaSur_Advantage,Socovesa Sur S.A,AON,Terraza Mirador,I-SUR-2333,28544,2854,279796,32224.0,Coincide,Match cartola + proyecto,279796,Facturas Meta/Cartola TC/MovFacturadosInternacionales_94840000-6_9-6-2026.xls
2026-06,Socovesa,2026-06-01,01/06/2026,9PMC2TH6E2,0206 74987506152000623155219,27313387128352469-27656131824077998,FB_Sur_Inversionista,Socovesa Sur S.A,Inversionista,Alto Maderos,I-SUR-2335,10665,821,279796,32224.0,Coincide,Match cartola + proyecto,279796,Facturas Meta/Cartola TC/MovFacturadosInternacionales_94840000-6_9-6-2026.xls
2026-06,Socovesa,2026-06-01,01/06/2026,9PMC2TH6E2,0206 74987506152000623155219,27313387128352469-27656131824077998,FB_Sur_Inversionista,Socovesa Sur S.A,Inversionista,Edificio Vértice,I-SUR-2297,10665,821,279796,32224.0,Coincide,Match cartola + proyecto,279796,Facturas Meta/Cartola TC/MovFacturadosInternacionales_94840000-6_9-6-2026.xls
2026-06,Socovesa,2026-06-01,01/06/2026,9PMC2TH6E2,0206 74987506152000623155219,27313387128352469-27656131824077998,FB_Sur_Inversionista,Socovesa Sur S.A,Inversionista,García Reyes,I-SUR-2283,10665,821,279796,32224.0,Coincide,Match cartola + proyecto,279796,Facturas Meta/Cartola TC/MovFacturadosInternacionales_94840000-6_9-6-2026.xls
2026-06,Socovesa,2026-06-01,01/06/2026,9PMC2TH6E2,0206 74987506152000623155219,27313387128352469-27656131824077998,FB_Sur_Inversionista,Socovesa Sur S.A,Inversionista,Icono,I-SUR-2372,10665,821,279796,32224.0,Coincide,Match cartola + proyecto,279796,Facturas Meta/Cartola TC/MovFacturadosInternacionales_94840000-6_9-6-2026.xls
2026-06,Socovesa,2026-06-01,01/06/2026,9PMC2TH6E2,0206 74987506152000623155219,27313387128352469-27656131824077998,FB_Sur_Inversionista,Socovesa Sur S.A,Inversionista,N3,I-SUR-2331,10665,821,279796,32224.0,Coincide,Match cartola + proyecto,279796,Facturas Meta/Cartola TC/MovFacturadosInternacionales_94840000-6_9-6-2026.xls
2026-06,Socovesa,2026-06-01,01/06/2026,9PMC2TH6E2,0206 74987506152000623155219,27313387128352469-27656131824077998,FB_Sur_Inversionista,Socovesa Sur S.A,Inversionista,Nueva Toledo,I-SUR-2334,10665,820,279796,32224.0,Coincide,Match cartola + proyecto,279796,Facturas Meta/Cartola TC/MovFacturadosInternacionales_94840000-6_9-6-2026.xls
2026-06,Socovesa,2026-06-01,01/06/2026,9PMC2TH6E2,0206 74987506152000623155219,27313387128352469-27656131824077998,FB_Sur_Inversionista,Socovesa Sur S.A,Inversionista,O3,I-SUR-2373,10665,820,279796,32224.0,Coincide,Match cartola + proyecto,279796,Facturas Meta/Cartola TC/MovFacturadosInternacionales_94840000-6_9-6-2026.xls
2026-06,Socovesa,2026-06-01,01/06/2026,9PMC2TH6E2,0206 74987506152000623155219,27313387128352469-27656131824077998,FB_Sur_Inversionista,Socovesa Sur S.A,Inversionista,Origen,I-SUR-2346,10665,820,279796,32224.0,Coincide,Match cartola + proyecto,279796,Facturas Meta/Cartola TC/MovFacturadosInternacionales_94840000-6_9-6-2026.xls
2026-06,Socovesa,2026-06-01,01/06/2026,9PMC2TH6E2,0206 74987506152000623155219,27313387128352469-27656131824077998,FB_Sur_Inversionista,Socovesa Sur S.A,Inversionista,PDL,I-SUR-2372,10665,820,279796,32224.0,Coincide,Match cartola + proyecto,279796,Facturas Meta/Cartola TC/MovFacturadosInternacionales_94840000-6_9-6-2026.xls
2026-06,Socovesa,2026-06-01,01/06/2026,9PMC2TH6E2,0206 74987506152000623155219,27313387128352469-27656131824077998,FB_Sur_Inversionista,Socovesa Sur S.A,Inversionista,Parque Avellanos,I-SUR-2336,10665,820,279796,32224.0,Coincide,Match cartola + proyecto,279796,Facturas Meta/Cartola TC/MovFacturadosInternacionales_94840000-6_9-6-2026.xls
2026-06,Socovesa,2026-06-01,01/06/2026,9PMC2TH6E2,0206 74987506152000623155219,27313387128352469-27656131824077998,FB_Sur_Inversionista,Socovesa Sur S.A,Inversionista,Portal Austral,I-SUR-2340,10665,820,279796,32224.0,Coincide,Match cartola + proyecto,279796,Facturas Meta/Cartola TC/MovFacturadosInternacionales_94840000-6_9-6-2026.xls
2026-06,Socovesa,2026-06-01,01/06/2026,9PMC2TH6E2,0206 74987506152000623155219,27313387128352469-27656131824077998,FB_Sur_Inversionista,Socovesa Sur S.A,Inversionista,Reserva Magallanes,I-SUR-2323,10665,820,279796,32224.0,Coincide,Match cartola + proyecto,279796,Facturas Meta/Cartola TC/MovFacturadosInternacionales_94840000-6_9-6-2026.xls
2026-06,Socovesa,2026-06-01,01/06/2026,9PMC2TH6E2,0206 74987506152000623155219,27313387128352469-27656131824077998,FB_Sur_Inversionista,Socovesa Sur S.A,Inversionista,Terraza Mirador,I-SUR-2333,10665,820,279796,32224.0,Coincide,Match cartola + proyecto,279796,Facturas Meta/Cartola TC/MovFacturadosInternacionales_94840000-6_9-6-2026.xls
2026-06,Socovesa,2026-06-02,02/06/2026,NW669S56E2,0206 74987506153000503939079,27202882542736266-27285298674494653,FB_AOL_CentroSur_AltoMaderosll,Socovesa Sur S.A,Los Ángeles,Alto Maderos,I-SUR-2335,1910,1910,600000,68856.0,Coincide,Match cartola + proyecto,600000,Facturas Meta/Cartola TC/MovFacturadosInternacionales_94840000-6_9-6-2026.xls
2026-06,Socovesa,2026-06-02,02/06/2026,NW669S56E2,0206 74987506153000503939079,27202882542736266-27285298674494653,FB_AOL_CentroSur_ElAvellano_E2,Socovesa Sur S.A,Los Ángeles,Parque Avellanos,I-SUR-2336,2268,2268,600000,68856.0,Coincide,Match cartola + proyecto,600000,Facturas Meta/Cartola TC/MovFacturadosInternacionales_94840000-6_9-6-2026.xls
2026-06,Socovesa,2026-06-02,02/06/2026,NW669S56E2,0206 74987506153000503939079,27202882542736266-27285298674494653,FB_AOL_CentroSur_NuevaToledo,Socovesa Sur S.A,Chillán,Nueva Toledo,I-SUR-2334,2524,2524,600000,68856.0,Coincide,Match cartola + proyecto,600000,Facturas Meta/Cartola TC/MovFacturadosInternacionales_94840000-6_9-6-2026.xls
2026-06,Socovesa,2026-06-02,02/06/2026,NW669S56E2,0206 74987506153000503939079,27202882542736266-27285298674494653,FB_AOL_CentroSur_PortaldelLibertadorVIII,Socovesa Sur S.A,Chillán,PDL,I-SUR-2372,2685,2685,600000,68856.0,Coincide,Match cartola + proyecto,600000,Facturas Meta/Cartola TC/MovFacturadosInternacionales_94840000-6_9-6-2026.xls
2026-06,Socovesa,2026-06-02,02/06/2026,NW669S56E2,0206 74987506153000503939079,27202882542736266-27285298674494653,FB_AOL_SantiagoMedio_Coipue,Sociedad Comercializadora Metropolitana,Macul,Coipue,I-STG-2229,8510,8510,600000,68856.0,Coincide,Match cartola + proyecto,600000,Facturas Meta/Cartola TC/MovFacturadosInternacionales_94840000-6_9-6-2026.xls
2026-06,Socovesa,2026-06-02,02/06/2026,NW669S56E2,0206 74987506153000503939079,27202882542736266-27285298674494653,FB_AOL_SantiagoMedio_LosCoihues,INMOBILIARIA ENCINAS DE PEÑALOLEN,Lampa,Los Coihues,I-STG-2325,14483,14483,600000,68856.0,Coincide,Match cartola + proyecto,600000,Facturas Meta/Cartola TC/MovFacturadosInternacionales_94840000-6_9-6-2026.xls
2026-06,Socovesa,2026-06-02,02/06/2026,NW669S56E2,0206 74987506153000503939079,27202882542736266-27285298674494653,FB_AOL_SantiagoMedio_Marathon,Pilares S.A,Ñuñoa,Marathon,I-SVS-2349,9570,9570,600000,68856.0,Coincide,Match cartola + proyecto,600000,Facturas Meta/Cartola TC/MovFacturadosInternacionales_94840000-6_9-6-2026.xls
2026-06,Socovesa,2026-06-02,02/06/2026,NW669S56E2,0206 74987506153000503939079,27202882542736266-27285298674494653,FB_AOL_SantiagoMedio_Pajaritos,Inmobiliaria El Descubridor,Maipú,Pajaritos,I-STG-2204,11832,11832,600000,68856.0,Coincide,Match cartola + proyecto,600000,Facturas Meta/Cartola TC/MovFacturadosInternacionales_94840000-6_9-6-2026.xls
2026-06,Socovesa,2026-06-02,02/06/2026,NW669S56E2,0206 74987506153000503939079,27202882542736266-27285298674494653,FB_AOL_SantiagoMedio_PlazaMirador,INSOCO,La Florida,Plaza Mirador,I-STG-2391,9692,9692,600000,68856.0,Coincide,Match cartola + proyecto,600000,Facturas Meta/Cartola TC/MovFacturadosInternacionales_94840000-6_9-6-2026.xls
2026-06,Socovesa,2026-06-02,02/06/2026,NW669S56E2,0206 74987506153000503939079,27202882542736266-27285298674494653,FB_AOL_SantiagoSubsidio_LasPataguas,INMOBILIARIA ENCINAS DE PEÑALOLEN,Lampa,Las Pataguas,I-STG-2366,9260,9260,600000,68856.0,Coincide,Match cartola + proyecto,600000,Facturas Meta/Cartola TC/MovFacturadosInternacionales_94840000-6_9-6-2026.xls
2026-06,Socovesa,2026-06-02,02/06/2026,NW669S56E2,0206 74987506153000503939079,27202882542736266-27285298674494653,FB_AOL_SurAustral_PortalAustral,Socovesa Sur S.A,Puerto Montt,Portal Austral,I-SUR-2340,2811,2811,600000,68856.0,Coincide,Match cartola + proyecto,600000,Facturas Meta/Cartola TC/MovFacturadosInternacionales_94840000-6_9-6-2026.xls
2026-06,Socovesa,2026-06-02,02/06/2026,NW669S56E2,0206 74987506153000503939079,27202882542736266-27285298674494653,FB_AOL_SurAustral_ReservaMagallanes,Socovesa Sur S.A,Punta Arenas,Reserva Magallanes,I-SUR-2323,2807,2807,600000,68856.0,Coincide,Match cartola + proyecto,600000,Facturas Meta/Cartola TC/MovFacturadosInternacionales_94840000-6_9-6-2026.xls
2026-06,Socovesa,2026-06-02,02/06/2026,NW669S56E2,0206 74987506153000503939079,27202882542736266-27285298674494653,FB_AOL_SurAustral_TerrazaMiradorII,Socovesa Sur S.A,Puerto Montt,Terraza Mirador,I-SUR-2333,2990,2990,600000,68856.0,Coincide,Match cartola + proyecto,600000,Facturas Meta/Cartola TC/MovFacturadosInternacionales_94840000-6_9-6-2026.xls
2026-06,Socovesa,2026-06-02,02/06/2026,NW669S56E2,0206 74987506153000503939079,27202882542736266-27285298674494653,FB_AOL_Sur_CasasEnElPortal,Socovesa Sur S.A,Temuco,Icono,I-SUR-2346,2280,1140,600000,68856.0,Coincide,Match cartola + proyecto,600000,Facturas Meta/Cartola TC/MovFacturadosInternacionales_94840000-6_9-6-2026.xls
2026-06,Socovesa,2026-06-02,02/06/2026,NW669S56E2,0206 74987506153000503939079,27202882542736266-27285298674494653,FB_AOL_Sur_CasasEnElPortal,Socovesa Sur S.A,Temuco,Origen,I-SUR-2346,2280,1140,600000,68856.0,Coincide,Match cartola + proyecto,600000,Facturas Meta/Cartola TC/MovFacturadosInternacionales_94840000-6_9-6-2026.xls
2026-06,Socovesa,2026-06-02,02/06/2026,NW669S56E2,0206 74987506153000503939079,27202882542736266-27285298674494653,FB_AOL_Sur_EdificioVertice,Socovesa Sur S.A,Temuco,Edificio Vértice,I-SUR-2297,3307,3307,600000,68856.0,Coincide,Match cartola + proyecto,600000,Facturas Meta/Cartola TC/MovFacturadosInternacionales_94840000-6_9-6-2026.xls
2026-06,Socovesa,2026-06-02,02/06/2026,NW669S56E2,0206 74987506153000503939079,27202882542736266-27285298674494653,FB_AOL_Sur_GarciaReyes,Socovesa Sur S.A,Valdivia,García Reyes,I-SUR-2283,3001,3001,600000,68856.0,Coincide,Match cartola + proyecto,600000,Facturas Meta/Cartola TC/MovFacturadosInternacionales_94840000-6_9-6-2026.xls
2026-06,Socovesa,2026-06-02,02/06/2026,NW669S56E2,0206 74987506153000503939079,27202882542736266-27285298674494653,FB_AOL_Sur_ParqueOlimpia_O3,Socovesa Sur S.A,Temuco,O3,I-SUR-2373,1965,1965,600000,68856.0,Coincide,Match cartola + proyecto,600000,Facturas Meta/Cartola TC/MovFacturadosInternacionales_94840000-6_9-6-2026.xls
2026-06,Socovesa,2026-06-02,02/06/2026,NW669S56E2,0206 74987506153000503939079,27202882542736266-27285298674494653,FB_AOL_Sur_VistaNielol_N3,Socovesa Sur S.A,Temuco,N3,I-SUR-2331,4379,4379,600000,68856.0,Coincide,Match cartola + proyecto,600000,Facturas Meta/Cartola TC/MovFacturadosInternacionales_94840000-6_9-6-2026.xls
2026-06,Socovesa,2026-06-02,02/06/2026,NW669S56E2,0206 74987506153000503939079,27202882542736266-27285298674494653,FB_AOT_CentroSur_PortaldelLibertador,Socovesa Sur S.A,Chillán,PDL,I-SUR-2372,11171,11171,600000,68856.0,Coincide,Match cartola + proyecto,600000,Facturas Meta/Cartola TC/MovFacturadosInternacionales_94840000-6_9-6-2026.xls
2026-06,Socovesa,2026-06-02,02/06/2026,NW669S56E2,0206 74987506153000503939079,27202882542736266-27285298674494653,FB_AOT_SantiagoMedio_LosCoihues,INMOBILIARIA ENCINAS DE PEÑALOLEN,Lampa,Los Coihues,I-STG-2325,66830,66830,600000,68856.0,Coincide,Match cartola + proyecto,600000,Facturas Meta/Cartola TC/MovFacturadosInternacionales_94840000-6_9-6-2026.xls
2026-06,Socovesa,2026-06-02,02/06/2026,NW669S56E2,0206 74987506153000503939079,27202882542736266-27285298674494653,FB_AOT_SantiagoMedio_Marathon,Pilares S.A,Ñuñoa,Marathon,I-SVS-2349,47576,47576,600000,68856.0,Coincide,Match cartola + proyecto,600000,Facturas Meta/Cartola TC/MovFacturadosInternacionales_94840000-6_9-6-2026.xls
2026-06,Socovesa,2026-06-02,02/06/2026,NW669S56E2,0206 74987506153000503939079,27202882542736266-27285298674494653,FB_AOT_SantiagoMedio_Pajaritos,Inmobiliaria El Descubridor,Maipú,Pajaritos,I-STG-2204,61874,61874,600000,68856.0,Coincide,Match cartola + proyecto,600000,Facturas Meta/Cartola TC/MovFacturadosInternacionales_94840000-6_9-6-2026.xls
2026-06,Socovesa,2026-06-02,02/06/2026,NW669S56E2,0206 74987506153000503939079,27202882542736266-27285298674494653,FB_AOT_SantiagoMedio_PlazaMirador,INSOCO,La Florida,Plaza Mirador,I-STG-2391,21814,21814,600000,68856.0,Coincide,Match cartola + proyecto,600000,Facturas Meta/Cartola TC/MovFacturadosInternacionales_94840000-6_9-6-2026.xls
2026-06,Socovesa,2026-06-02,02/06/2026,NW669S56E2,0206 74987506153000503939079,27202882542736266-27285298674494653,FB_AOT_SantiagoSubsidio_LasPataguas,INMOBILIARIA ENCINAS DE PEÑALOLEN,Lampa,Las Pataguas,I-STG-2366,57780,57780,600000,68856.0,Coincide,Match cartola + proyecto,600000,Facturas Meta/Cartola TC/MovFacturadosInternacionales_94840000-6_9-6-2026.xls
2026-06,Socovesa,2026-06-02,02/06/2026,NW669S56E2,0206 74987506153000503939079,27202882542736266-27285298674494653,FB_AOT_SurAustral_PortalAustral,Socovesa Sur S.A,Puerto Montt,Portal Austral,I-SUR-2340,9777,9777,600000,68856.0,Coincide,Match cartola + proyecto,600000,Facturas Meta/Cartola TC/MovFacturadosInternacionales_94840000-6_9-6-2026.xls
2026-06,Socovesa,2026-06-02,02/06/2026,NW669S56E2,0206 74987506153000503939079,27202882542736266-27285298674494653,FB_AOT_Sur_GarciaReyes,Socovesa Sur S.A,Valdivia,García Reyes,I-SUR-2283,14158,14158,600000,68856.0,Coincide,Match cartola + proyecto,600000,Facturas Meta/Cartola TC/MovFacturadosInternacionales_94840000-6_9-6-2026.xls
2026-06,Socovesa,2026-06-02,02/06/2026,NW669S56E2,0206 74987506153000503939079,27202882542736266-27285298674494653,FB_AOT_Sur_VistaNielol,Socovesa Sur S.A,Temuco,N3,I-SUR-2331,12850,12850,600000,68856.0,Coincide,Match cartola + proyecto,600000,Facturas Meta/Cartola TC/MovFacturadosInternacionales_94840000-6_9-6-2026.xls
2026-06,Socovesa,2026-06-02,02/06/2026,NW669S56E2,0206 74987506153000503939079,27202882542736266-27285298674494653,FB_SocovesaSantiago_Advantage,Sociedad Comercializadora Metropolitana,AON,Coipue,I-STG-2229,36406,18203,600000,68856.0,Coincide,Match cartola + proyecto,600000,Facturas Meta/Cartola TC/MovFacturadosInternacionales_94840000-6_9-6-2026.xls
2026-06,Socovesa,2026-06-02,02/06/2026,NW669S56E2,0206 74987506153000503939079,27202882542736266-27285298674494653,FB_SocovesaSantiago_Advantage,Consorcio Inmobiliario Macul,AON,Las Palmas,I-STG-2205,36406,18203,600000,68856.0,Coincide,Match cartola + proyecto,600000,Facturas Meta/Cartola TC/MovFacturadosInternacionales_94840000-6_9-6-2026.xls
2026-06,Socovesa,2026-06-02,02/06/2026,NW669S56E2,0206 74987506153000503939079,27202882542736266-27285298674494653,FB_SocovesaSantiago_Awareness,Sociedad Comercializadora Metropolitana,Marca,Coipue,I-STG-2229,73252,12209,600000,68856.0,Coincide,Match cartola + proyecto,600000,Facturas Meta/Cartola TC/MovFacturadosInternacionales_94840000-6_9-6-2026.xls
2026-06,Socovesa,2026-06-02,02/06/2026,NW669S56E2,0206 74987506153000503939079,27202882542736266-27285298674494653,FB_SocovesaSantiago_Awareness,Consorcio Inmobiliario Macul,Marca,Las Palmas,I-STG-2205,73252,12209,600000,68856.0,Coincide,Match cartola + proyecto,600000,Facturas Meta/Cartola TC/MovFacturadosInternacionales_94840000-6_9-6-2026.xls
2026-06,Socovesa,2026-06-02,02/06/2026,NW669S56E2,0206 74987506153000503939079,27202882542736266-27285298674494653,FB_SocovesaSantiago_Awareness,INMOBILIARIA ENCINAS DE PEÑALOLEN,Marca,Las Pataguas,I-STG-2366,73252,12209,600000,68856.0,Coincide,Match cartola + proyecto,600000,Facturas Meta/Cartola TC/MovFacturadosInternacionales_94840000-6_9-6-2026.xls
2026-06,Socovesa,2026-06-02,02/06/2026,NW669S56E2,0206 74987506153000503939079,27202882542736266-27285298674494653,FB_SocovesaSantiago_Awareness,INMOBILIARIA ENCINAS DE PEÑALOLEN,Marca,Los Coihues,I-STG-2325,73252,12209,600000,68856.0,Coincide,Match cartola + proyecto,600000,Facturas Meta/Cartola TC/MovFacturadosInternacionales_94840000-6_9-6-2026.xls
2026-06,Socovesa,2026-06-02,02/06/2026,NW669S56E2,0206 74987506153000503939079,27202882542736266-27285298674494653,FB_SocovesaSantiago_Awareness,Pilares S.A,Marca,Marathon,I-SVS-2349,73252,12208,600000,68856.0,Coincide,Match cartola + proyecto,600000,Facturas Meta/Cartola TC/MovFacturadosInternacionales_94840000-6_9-6-2026.xls
2026-06,Socovesa,2026-06-02,02/06/2026,NW669S56E2,0206 74987506153000503939079,27202882542736266-27285298674494653,FB_SocovesaSantiago_Awareness,Inmobiliaria El Descubridor,Marca,Pajaritos,I-STG-2204,73252,12208,600000,68856.0,Coincide,Match cartola + proyecto,600000,Facturas Meta/Cartola TC/MovFacturadosInternacionales_94840000-6_9-6-2026.xls
2026-06,Socovesa,2026-06-02,02/06/2026,NW669S56E2,0206 74987506153000503939079,27202882542736266-27285298674494653,FB_SocovesaSur_Advantage,Socovesa Sur S.A,AON,Alto Maderos,I-SUR-2335,61490,6149,600000,68856.0,Coincide,Match cartola + proyecto,600000,Facturas Meta/Cartola TC/MovFacturadosInternacionales_94840000-6_9-6-2026.xls
2026-06,Socovesa,2026-06-02,02/06/2026,NW669S56E2,0206 74987506153000503939079,27202882542736266-27285298674494653,FB_SocovesaSur_Advantage,Socovesa Sur S.A,AON,Edificio Vértice,I-SUR-2297,61490,6149,600000,68856.0,Coincide,Match cartola + proyecto,600000,Facturas Meta/Cartola TC/MovFacturadosInternacionales_94840000-6_9-6-2026.xls
2026-06,Socovesa,2026-06-02,02/06/2026,NW669S56E2,0206 74987506153000503939079,27202882542736266-27285298674494653,FB_SocovesaSur_Advantage,Socovesa Sur S.A,AON,Icono,I-SUR-2334,61490,6149,600000,68856.0,Coincide,Match cartola + proyecto,600000,Facturas Meta/Cartola TC/MovFacturadosInternacionales_94840000-6_9-6-2026.xls
2026-06,Socovesa,2026-06-02,02/06/2026,NW669S56E2,0206 74987506153000503939079,27202882542736266-27285298674494653,FB_SocovesaSur_Advantage,Socovesa Sur S.A,AON,N3,I-SUR-2331,61490,6149,600000,68856.0,Coincide,Match cartola + proyecto,600000,Facturas Meta/Cartola TC/MovFacturadosInternacionales_94840000-6_9-6-2026.xls
2026-06,Socovesa,2026-06-02,02/06/2026,NW669S56E2,0206 74987506153000503939079,27202882542736266-27285298674494653,FB_SocovesaSur_Advantage,Socovesa Sur S.A,AON,Nueva Toledo,I-SUR-2334,61490,6149,600000,68856.0,Coincide,Match cartola + proyecto,600000,Facturas Meta/Cartola TC/MovFacturadosInternacionales_94840000-6_9-6-2026.xls
2026-06,Socovesa,2026-06-02,02/06/2026,NW669S56E2,0206 74987506153000503939079,27202882542736266-27285298674494653,FB_SocovesaSur_Advantage,Socovesa Sur S.A,AON,O3,I-SUR-2373,61490,6149,600000,68856.0,Coincide,Match cartola + proyecto,600000,Facturas Meta/Cartola TC/MovFacturadosInternacionales_94840000-6_9-6-2026.xls
2026-06,Socovesa,2026-06-02,02/06/2026,NW669S56E2,0206 74987506153000503939079,27202882542736266-27285298674494653,FB_SocovesaSur_Advantage,Socovesa Sur S.A,AON,Origen,I-SUR-2346,61490,6149,600000,68856.0,Coincide,Match cartola + proyecto,600000,Facturas Meta/Cartola TC/MovFacturadosInternacionales_94840000-6_9-6-2026.xls
2026-06,Socovesa,2026-06-02,02/06/2026,NW669S56E2,0206 74987506153000503939079,27202882542736266-27285298674494653,FB_SocovesaSur_Advantage,Socovesa Sur S.A,AON,Parque Avellanos,I-SUR-2336,61490,6149,600000,68856.0,Coincide,Match cartola + proyecto,600000,Facturas Meta/Cartola TC/MovFacturadosInternacionales_94840000-6_9-6-2026.xls
2026-06,Socovesa,2026-06-02,02/06/2026,NW669S56E2,0206 74987506153000503939079,27202882542736266-27285298674494653,FB_SocovesaSur_Advantage,Socovesa Sur S.A,AON,Reserva Magallanes,I-SUR-2323,61490,6149,600000,68856.0,Coincide,Match cartola + proyecto,600000,Facturas Meta/Cartola TC/MovFacturadosInternacionales_94840000-6_9-6-2026.xls
2026-06,Socovesa,2026-06-02,02/06/2026,NW669S56E2,0206 74987506153000503939079,27202882542736266-27285298674494653,FB_SocovesaSur_Advantage,Socovesa Sur S.A,AON,Terraza Mirador,I-SUR-2333,61490,6149,600000,68856.0,Coincide,Match cartola + proyecto,600000,Facturas Meta/Cartola TC/MovFacturadosInternacionales_94840000-6_9-6-2026.xls
2026-06,Socovesa,2026-06-02,02/06/2026,NW669S56E2,0206 74987506153000503939079,27202882542736266-27285298674494653,FB_Sur_Inversionista,Socovesa Sur S.A,Inversionista,Alto Maderos,I-SUR-2335,28748,2212,600000,68856.0,Coincide,Match cartola + proyecto,600000,Facturas Meta/Cartola TC/MovFacturadosInternacionales_94840000-6_9-6-2026.xls
2026-06,Socovesa,2026-06-02,02/06/2026,NW669S56E2,0206 74987506153000503939079,27202882542736266-27285298674494653,FB_Sur_Inversionista,Socovesa Sur S.A,Inversionista,Edificio Vértice,I-SUR-2297,28748,2212,600000,68856.0,Coincide,Match cartola + proyecto,600000,Facturas Meta/Cartola TC/MovFacturadosInternacionales_94840000-6_9-6-2026.xls
2026-06,Socovesa,2026-06-02,02/06/2026,NW669S56E2,0206 74987506153000503939079,27202882542736266-27285298674494653,FB_Sur_Inversionista,Socovesa Sur S.A,Inversionista,García Reyes,I-SUR-2283,28748,2212,600000,68856.0,Coincide,Match cartola + proyecto,600000,Facturas Meta/Cartola TC/MovFacturadosInternacionales_94840000-6_9-6-2026.xls
2026-06,Socovesa,2026-06-02,02/06/2026,NW669S56E2,0206 74987506153000503939079,27202882542736266-27285298674494653,FB_Sur_Inversionista,Socovesa Sur S.A,Inversionista,Icono,I-SUR-2372,28748,2212,600000,68856.0,Coincide,Match cartola + proyecto,600000,Facturas Meta/Cartola TC/MovFacturadosInternacionales_94840000-6_9-6-2026.xls
2026-06,Socovesa,2026-06-02,02/06/2026,NW669S56E2,0206 74987506153000503939079,27202882542736266-27285298674494653,FB_Sur_Inversionista,Socovesa Sur S.A,Inversionista,N3,I-SUR-2331,28748,2212,600000,68856.0,Coincide,Match cartola + proyecto,600000,Facturas Meta/Cartola TC/MovFacturadosInternacionales_94840000-6_9-6-2026.xls
2026-06,Socovesa,2026-06-02,02/06/2026,NW669S56E2,0206 74987506153000503939079,27202882542736266-27285298674494653,FB_Sur_Inversionista,Socovesa Sur S.A,Inversionista,Nueva Toledo,I-SUR-2334,28748,2211,600000,68856.0,Coincide,Match cartola + proyecto,600000,Facturas Meta/Cartola TC/MovFacturadosInternacionales_94840000-6_9-6-2026.xls
2026-06,Socovesa,2026-06-02,02/06/2026,NW669S56E2,0206 74987506153000503939079,27202882542736266-27285298674494653,FB_Sur_Inversionista,Socovesa Sur S.A,Inversionista,O3,I-SUR-2373,28748,2211,600000,68856.0,Coincide,Match cartola + proyecto,600000,Facturas Meta/Cartola TC/MovFacturadosInternacionales_94840000-6_9-6-2026.xls
2026-06,Socovesa,2026-06-02,02/06/2026,NW669S56E2,0206 74987506153000503939079,27202882542736266-27285298674494653,FB_Sur_Inversionista,Socovesa Sur S.A,Inversionista,Origen,I-SUR-2346,28748,2211,600000,68856.0,Coincide,Match cartola + proyecto,600000,Facturas Meta/Cartola TC/MovFacturadosInternacionales_94840000-6_9-6-2026.xls
2026-06,Socovesa,2026-06-02,02/06/2026,NW669S56E2,0206 74987506153000503939079,27202882542736266-27285298674494653,FB_Sur_Inversionista,Socovesa Sur S.A,Inversionista,PDL,I-SUR-2372,28748,2211,600000,68856.0,Coincide,Match cartola + proyecto,600000,Facturas Meta/Cartola TC/MovFacturadosInternacionales_94840000-6_9-6-2026.xls
2026-06,Socovesa,2026-06-02,02/06/2026,NW669S56E2,0206 74987506153000503939079,27202882542736266-27285298674494653,FB_Sur_Inversionista,Socovesa Sur S.A,Inversionista,Parque Avellanos,I-SUR-2336,28748,2211,600000,68856.0,Coincide,Match cartola + proyecto,600000,Facturas Meta/Cartola TC/MovFacturadosInternacionales_94840000-6_9-6-2026.xls
2026-06,Socovesa,2026-06-02,02/06/2026,NW669S56E2,0206 74987506153000503939079,27202882542736266-27285298674494653,FB_Sur_Inversionista,Socovesa Sur S.A,Inversionista,Portal Austral,I-SUR-2340,28748,2211,600000,68856.0,Coincide,Match cartola + proyecto,600000,Facturas Meta/Cartola TC/MovFacturadosInternacionales_94840000-6_9-6-2026.xls
2026-06,Socovesa,2026-06-02,02/06/2026,NW669S56E2,0206 74987506153000503939079,27202882542736266-27285298674494653,FB_Sur_Inversionista,Socovesa Sur S.A,Inversionista,Reserva Magallanes,I-SUR-2323,28748,2211,600000,68856.0,Coincide,Match cartola + proyecto,600000,Facturas Meta/Cartola TC/MovFacturadosInternacionales_94840000-6_9-6-2026.xls
2026-06,Socovesa,2026-06-02,02/06/2026,NW669S56E2,0206 74987506153000503939079,27202882542736266-27285298674494653,FB_Sur_Inversionista,Socovesa Sur S.A,Inversionista,Terraza Mirador,I-SUR-2333,28748,2211,600000,68856.0,Coincide,Match cartola + proyecto,600000,Facturas Meta/Cartola TC/MovFacturadosInternacionales_94840000-6_9-6-2026.xls
2026-06,Socovesa,2026-06-03,03/06/2026,5A4LASV5E2,0306 74987506154000600737060,27235778226113367-27211848011839716,FB_AOL_CentroSur_AltoMaderosll,Socovesa Sur S.A,Los Ángeles,Alto Maderos,I-SUR-2335,2896,2896,600000,69272.0,Coincide,Match cartola + proyecto,600000,Facturas Meta/Cartola TC/MovFacturadosInternacionales_94840000-6_9-6-2026.xls
2026-06,Socovesa,2026-06-03,03/06/2026,5A4LASV5E2,0306 74987506154000600737060,27235778226113367-27211848011839716,FB_AOL_CentroSur_ElAvellano_E2,Socovesa Sur S.A,Los Ángeles,Parque Avellanos,I-SUR-2336,3284,3284,600000,69272.0,Coincide,Match cartola + proyecto,600000,Facturas Meta/Cartola TC/MovFacturadosInternacionales_94840000-6_9-6-2026.xls
2026-06,Socovesa,2026-06-03,03/06/2026,5A4LASV5E2,0306 74987506154000600737060,27235778226113367-27211848011839716,FB_AOL_CentroSur_NuevaToledo,Socovesa Sur S.A,Chillán,Nueva Toledo,I-SUR-2334,3998,3998,600000,69272.0,Coincide,Match cartola + proyecto,600000,Facturas Meta/Cartola TC/MovFacturadosInternacionales_94840000-6_9-6-2026.xls
2026-06,Socovesa,2026-06-03,03/06/2026,5A4LASV5E2,0306 74987506154000600737060,27235778226113367-27211848011839716,FB_AOL_CentroSur_PortaldelLibertadorVIII,Socovesa Sur S.A,Chillán,PDL,I-SUR-2372,2920,2920,600000,69272.0,Coincide,Match cartola + proyecto,600000,Facturas Meta/Cartola TC/MovFacturadosInternacionales_94840000-6_9-6-2026.xls
2026-06,Socovesa,2026-06-03,03/06/2026,5A4LASV5E2,0306 74987506154000600737060,27235778226113367-27211848011839716,FB_AOL_SantiagoMedio_Coipue,Sociedad Comercializadora Metropolitana,Macul,Coipue,I-STG-2229,8887,8887,600000,69272.0,Coincide,Match cartola + proyecto,600000,Facturas Meta/Cartola TC/MovFacturadosInternacionales_94840000-6_9-6-2026.xls
2026-06,Socovesa,2026-06-03,03/06/2026,5A4LASV5E2,0306 74987506154000600737060,27235778226113367-27211848011839716,FB_AOL_SantiagoMedio_LosCoihues,INMOBILIARIA ENCINAS DE PEÑALOLEN,Lampa,Los Coihues,I-STG-2325,14790,14790,600000,69272.0,Coincide,Match cartola + proyecto,600000,Facturas Meta/Cartola TC/MovFacturadosInternacionales_94840000-6_9-6-2026.xls
2026-06,Socovesa,2026-06-03,03/06/2026,5A4LASV5E2,0306 74987506154000600737060,27235778226113367-27211848011839716,FB_AOL_SantiagoMedio_Marathon,Pilares S.A,Ñuñoa,Marathon,I-SVS-2349,14002,14002,600000,69272.0,Coincide,Match cartola + proyecto,600000,Facturas Meta/Cartola TC/MovFacturadosInternacionales_94840000-6_9-6-2026.xls
2026-06,Socovesa,2026-06-03,03/06/2026,5A4LASV5E2,0306 74987506154000600737060,27235778226113367-27211848011839716,FB_AOL_SantiagoMedio_Pajaritos,Inmobiliaria El Descubridor,Maipú,Pajaritos,I-STG-2204,18774,18774,600000,69272.0,Coincide,Match cartola + proyecto,600000,Facturas Meta/Cartola TC/MovFacturadosInternacionales_94840000-6_9-6-2026.xls
2026-06,Socovesa,2026-06-03,03/06/2026,5A4LASV5E2,0306 74987506154000600737060,27235778226113367-27211848011839716,FB_AOL_SantiagoMedio_PlazaMirador,INSOCO,La Florida,Plaza Mirador,I-STG-2391,8366,8366,600000,69272.0,Coincide,Match cartola + proyecto,600000,Facturas Meta/Cartola TC/MovFacturadosInternacionales_94840000-6_9-6-2026.xls
2026-06,Socovesa,2026-06-03,03/06/2026,5A4LASV5E2,0306 74987506154000600737060,27235778226113367-27211848011839716,FB_AOL_SantiagoSubsidio_LasPataguas,INMOBILIARIA ENCINAS DE PEÑALOLEN,Lampa,Las Pataguas,I-STG-2366,3336,3336,600000,69272.0,Coincide,Match cartola + proyecto,600000,Facturas Meta/Cartola TC/MovFacturadosInternacionales_94840000-6_9-6-2026.xls
2026-06,Socovesa,2026-06-03,03/06/2026,5A4LASV5E2,0306 74987506154000600737060,27235778226113367-27211848011839716,FB_AOL_SurAustral_PortalAustral,Socovesa Sur S.A,Puerto Montt,Portal Austral,I-SUR-2340,3095,3095,600000,69272.0,Coincide,Match cartola + proyecto,600000,Facturas Meta/Cartola TC/MovFacturadosInternacionales_94840000-6_9-6-2026.xls
2026-06,Socovesa,2026-06-03,03/06/2026,5A4LASV5E2,0306 74987506154000600737060,27235778226113367-27211848011839716,FB_AOL_SurAustral_ReservaMagallanes,Socovesa Sur S.A,Punta Arenas,Reserva Magallanes,I-SUR-2323,2275,2275,600000,69272.0,Coincide,Match cartola + proyecto,600000,Facturas Meta/Cartola TC/MovFacturadosInternacionales_94840000-6_9-6-2026.xls
2026-06,Socovesa,2026-06-03,03/06/2026,5A4LASV5E2,0306 74987506154000600737060,27235778226113367-27211848011839716,FB_AOL_SurAustral_TerrazaMiradorII,Socovesa Sur S.A,Puerto Montt,Terraza Mirador,I-SUR-2333,2168,2168,600000,69272.0,Coincide,Match cartola + proyecto,600000,Facturas Meta/Cartola TC/MovFacturadosInternacionales_94840000-6_9-6-2026.xls
2026-06,Socovesa,2026-06-03,03/06/2026,5A4LASV5E2,0306 74987506154000600737060,27235778226113367-27211848011839716,FB_AOL_Sur_CasasEnElPortal,Socovesa Sur S.A,Temuco,Icono,I-SUR-2346,3322,1661,600000,69272.0,Coincide,Match cartola + proyecto,600000,Facturas Meta/Cartola TC/MovFacturadosInternacionales_94840000-6_9-6-2026.xls
2026-06,Socovesa,2026-06-03,03/06/2026,5A4LASV5E2,0306 74987506154000600737060,27235778226113367-27211848011839716,FB_AOL_Sur_CasasEnElPortal,Socovesa Sur S.A,Temuco,Origen,I-SUR-2346,3322,1661,600000,69272.0,Coincide,Match cartola + proyecto,600000,Facturas Meta/Cartola TC/MovFacturadosInternacionales_94840000-6_9-6-2026.xls
2026-06,Socovesa,2026-06-03,03/06/2026,5A4LASV5E2,0306 74987506154000600737060,27235778226113367-27211848011839716,FB_AOL_Sur_EdificioVertice,Socovesa Sur S.A,Temuco,Edificio Vértice,I-SUR-2297,3074,3074,600000,69272.0,Coincide,Match cartola + proyecto,600000,Facturas Meta/Cartola TC/MovFacturadosInternacionales_94840000-6_9-6-2026.xls
2026-06,Socovesa,2026-06-03,03/06/2026,5A4LASV5E2,0306 74987506154000600737060,27235778226113367-27211848011839716,FB_AOL_Sur_GarciaReyes,Socovesa Sur S.A,Valdivia,García Reyes,I-SUR-2283,2828,2828,600000,69272.0,Coincide,Match cartola + proyecto,600000,Facturas Meta/Cartola TC/MovFacturadosInternacionales_94840000-6_9-6-2026.xls
2026-06,Socovesa,2026-06-03,03/06/2026,5A4LASV5E2,0306 74987506154000600737060,27235778226113367-27211848011839716,FB_AOL_Sur_ParqueOlimpia_O3,Socovesa Sur S.A,Temuco,O3,I-SUR-2373,3362,3362,600000,69272.0,Coincide,Match cartola + proyecto,600000,Facturas Meta/Cartola TC/MovFacturadosInternacionales_94840000-6_9-6-2026.xls
2026-06,Socovesa,2026-06-03,03/06/2026,5A4LASV5E2,0306 74987506154000600737060,27235778226113367-27211848011839716,FB_AOL_Sur_VistaNielol_N3,Socovesa Sur S.A,Temuco,N3,I-SUR-2331,4475,4475,600000,69272.0,Coincide,Match cartola + proyecto,600000,Facturas Meta/Cartola TC/MovFacturadosInternacionales_94840000-6_9-6-2026.xls
2026-06,Socovesa,2026-06-03,03/06/2026,5A4LASV5E2,0306 74987506154000600737060,27235778226113367-27211848011839716,FB_AOT_CentroSur_PortaldelLibertador,Socovesa Sur S.A,Chillán,PDL,I-SUR-2372,8636,8636,600000,69272.0,Coincide,Match cartola + proyecto,600000,Facturas Meta/Cartola TC/MovFacturadosInternacionales_94840000-6_9-6-2026.xls
2026-06,Socovesa,2026-06-03,03/06/2026,5A4LASV5E2,0306 74987506154000600737060,27235778226113367-27211848011839716,FB_AOT_SantiagoMedio_LosCoihues,INMOBILIARIA ENCINAS DE PEÑALOLEN,Lampa,Los Coihues,I-STG-2325,58661,58661,600000,69272.0,Coincide,Match cartola + proyecto,600000,Facturas Meta/Cartola TC/MovFacturadosInternacionales_94840000-6_9-6-2026.xls
2026-06,Socovesa,2026-06-03,03/06/2026,5A4LASV5E2,0306 74987506154000600737060,27235778226113367-27211848011839716,FB_AOT_SantiagoMedio_Marathon,Pilares S.A,Ñuñoa,Marathon,I-SVS-2349,46823,46823,600000,69272.0,Coincide,Match cartola + proyecto,600000,Facturas Meta/Cartola TC/MovFacturadosInternacionales_94840000-6_9-6-2026.xls
2026-06,Socovesa,2026-06-03,03/06/2026,5A4LASV5E2,0306 74987506154000600737060,27235778226113367-27211848011839716,FB_AOT_SantiagoMedio_Pajaritos,Inmobiliaria El Descubridor,Maipú,Pajaritos,I-STG-2204,58990,58990,600000,69272.0,Coincide,Match cartola + proyecto,600000,Facturas Meta/Cartola TC/MovFacturadosInternacionales_94840000-6_9-6-2026.xls
2026-06,Socovesa,2026-06-03,03/06/2026,5A4LASV5E2,0306 74987506154000600737060,27235778226113367-27211848011839716,FB_AOT_SantiagoMedio_PlazaMirador,INSOCO,La Florida,Plaza Mirador,I-STG-2391,30133,30133,600000,69272.0,Coincide,Match cartola + proyecto,600000,Facturas Meta/Cartola TC/MovFacturadosInternacionales_94840000-6_9-6-2026.xls
2026-06,Socovesa,2026-06-03,03/06/2026,5A4LASV5E2,0306 74987506154000600737060,27235778226113367-27211848011839716,FB_AOT_SantiagoSubsidio_LasPataguas,INMOBILIARIA ENCINAS DE PEÑALOLEN,Lampa,Las Pataguas,I-STG-2366,55219,55219,600000,69272.0,Coincide,Match cartola + proyecto,600000,Facturas Meta/Cartola TC/MovFacturadosInternacionales_94840000-6_9-6-2026.xls
2026-06,Socovesa,2026-06-03,03/06/2026,5A4LASV5E2,0306 74987506154000600737060,27235778226113367-27211848011839716,FB_AOT_SurAustral_PortalAustral,Socovesa Sur S.A,Puerto Montt,Portal Austral,I-SUR-2340,9931,9931,600000,69272.0,Coincide,Match cartola + proyecto,600000,Facturas Meta/Cartola TC/MovFacturadosInternacionales_94840000-6_9-6-2026.xls
2026-06,Socovesa,2026-06-03,03/06/2026,5A4LASV5E2,0306 74987506154000600737060,27235778226113367-27211848011839716,FB_AOT_Sur_GarciaReyes,Socovesa Sur S.A,Valdivia,García Reyes,I-SUR-2283,9309,9309,600000,69272.0,Coincide,Match cartola + proyecto,600000,Facturas Meta/Cartola TC/MovFacturadosInternacionales_94840000-6_9-6-2026.xls
2026-06,Socovesa,2026-06-03,03/06/2026,5A4LASV5E2,0306 74987506154000600737060,27235778226113367-27211848011839716,FB_AOT_Sur_VistaNielol,Socovesa Sur S.A,Temuco,N3,I-SUR-2331,13657,13657,600000,69272.0,Coincide,Match cartola + proyecto,600000,Facturas Meta/Cartola TC/MovFacturadosInternacionales_94840000-6_9-6-2026.xls
2026-06,Socovesa,2026-06-03,03/06/2026,5A4LASV5E2,0306 74987506154000600737060,27235778226113367-27211848011839716,FB_SocovesaSantiago_Advantage,Sociedad Comercializadora Metropolitana,AON,Coipue,I-STG-2229,39819,19910,600000,69272.0,Coincide,Match cartola + proyecto,600000,Facturas Meta/Cartola TC/MovFacturadosInternacionales_94840000-6_9-6-2026.xls
2026-06,Socovesa,2026-06-03,03/06/2026,5A4LASV5E2,0306 74987506154000600737060,27235778226113367-27211848011839716,FB_SocovesaSantiago_Advantage,Consorcio Inmobiliario Macul,AON,Las Palmas,I-STG-2205,39819,19909,600000,69272.0,Coincide,Match cartola + proyecto,600000,Facturas Meta/Cartola TC/MovFacturadosInternacionales_94840000-6_9-6-2026.xls
2026-06,Socovesa,2026-06-03,03/06/2026,5A4LASV5E2,0306 74987506154000600737060,27235778226113367-27211848011839716,FB_SocovesaSantiago_Awareness,Sociedad Comercializadora Metropolitana,Marca,Coipue,I-STG-2229,72791,12132,600000,69272.0,Coincide,Match cartola + proyecto,600000,Facturas Meta/Cartola TC/MovFacturadosInternacionales_94840000-6_9-6-2026.xls
2026-06,Socovesa,2026-06-03,03/06/2026,5A4LASV5E2,0306 74987506154000600737060,27235778226113367-27211848011839716,FB_SocovesaSantiago_Awareness,Consorcio Inmobiliario Macul,Marca,Las Palmas,I-STG-2205,72791,12132,600000,69272.0,Coincide,Match cartola + proyecto,600000,Facturas Meta/Cartola TC/MovFacturadosInternacionales_94840000-6_9-6-2026.xls
2026-06,Socovesa,2026-06-03,03/06/2026,5A4LASV5E2,0306 74987506154000600737060,27235778226113367-27211848011839716,FB_SocovesaSantiago_Awareness,INMOBILIARIA ENCINAS DE PEÑALOLEN,Marca,Las Pataguas,I-STG-2366,72791,12132,600000,69272.0,Coincide,Match cartola + proyecto,600000,Facturas Meta/Cartola TC/MovFacturadosInternacionales_94840000-6_9-6-2026.xls
2026-06,Socovesa,2026-06-03,03/06/2026,5A4LASV5E2,0306 74987506154000600737060,27235778226113367-27211848011839716,FB_SocovesaSantiago_Awareness,INMOBILIARIA ENCINAS DE PEÑALOLEN,Marca,Los Coihues,I-STG-2325,72791,12132,600000,69272.0,Coincide,Match cartola + proyecto,600000,Facturas Meta/Cartola TC/MovFacturadosInternacionales_94840000-6_9-6-2026.xls
2026-06,Socovesa,2026-06-03,03/06/2026,5A4LASV5E2,0306 74987506154000600737060,27235778226113367-27211848011839716,FB_SocovesaSantiago_Awareness,Pilares S.A,Marca,Marathon,I-SVS-2349,72791,12132,600000,69272.0,Coincide,Match cartola + proyecto,600000,Facturas Meta/Cartola TC/MovFacturadosInternacionales_94840000-6_9-6-2026.xls
2026-06,Socovesa,2026-06-03,03/06/2026,5A4LASV5E2,0306 74987506154000600737060,27235778226113367-27211848011839716,FB_SocovesaSantiago_Awareness,Inmobiliaria El Descubridor,Marca,Pajaritos,I-STG-2204,72791,12131,600000,69272.0,Coincide,Match cartola + proyecto,600000,Facturas Meta/Cartola TC/MovFacturadosInternacionales_94840000-6_9-6-2026.xls
2026-06,Socovesa,2026-06-03,03/06/2026,5A4LASV5E2,0306 74987506154000600737060,27235778226113367-27211848011839716,FB_SocovesaSur_Advantage,Socovesa Sur S.A,AON,Alto Maderos,I-SUR-2335,60895,6090,600000,69272.0,Coincide,Match cartola + proyecto,600000,Facturas Meta/Cartola TC/MovFacturadosInternacionales_94840000-6_9-6-2026.xls
2026-06,Socovesa,2026-06-03,03/06/2026,5A4LASV5E2,0306 74987506154000600737060,27235778226113367-27211848011839716,FB_SocovesaSur_Advantage,Socovesa Sur S.A,AON,Edificio Vértice,I-SUR-2297,60895,6090,600000,69272.0,Coincide,Match cartola + proyecto,600000,Facturas Meta/Cartola TC/MovFacturadosInternacionales_94840000-6_9-6-2026.xls
2026-06,Socovesa,2026-06-03,03/06/2026,5A4LASV5E2,0306 74987506154000600737060,27235778226113367-27211848011839716,FB_SocovesaSur_Advantage,Socovesa Sur S.A,AON,Icono,I-SUR-2334,60895,6090,600000,69272.0,Coincide,Match cartola + proyecto,600000,Facturas Meta/Cartola TC/MovFacturadosInternacionales_94840000-6_9-6-2026.xls
2026-06,Socovesa,2026-06-03,03/06/2026,5A4LASV5E2,0306 74987506154000600737060,27235778226113367-27211848011839716,FB_SocovesaSur_Advantage,Socovesa Sur S.A,AON,N3,I-SUR-2331,60895,6090,600000,69272.0,Coincide,Match cartola + proyecto,600000,Facturas Meta/Cartola TC/MovFacturadosInternacionales_94840000-6_9-6-2026.xls
2026-06,Socovesa,2026-06-03,03/06/2026,5A4LASV5E2,0306 74987506154000600737060,27235778226113367-27211848011839716,FB_SocovesaSur_Advantage,Socovesa Sur S.A,AON,Nueva Toledo,I-SUR-2334,60895,6090,600000,69272.0,Coincide,Match cartola + proyecto,600000,Facturas Meta/Cartola TC/MovFacturadosInternacionales_94840000-6_9-6-2026.xls
2026-06,Socovesa,2026-06-03,03/06/2026,5A4LASV5E2,0306 74987506154000600737060,27235778226113367-27211848011839716,FB_SocovesaSur_Advantage,Socovesa Sur S.A,AON,O3,I-SUR-2373,60895,6089,600000,69272.0,Coincide,Match cartola + proyecto,600000,Facturas Meta/Cartola TC/MovFacturadosInternacionales_94840000-6_9-6-2026.xls
2026-06,Socovesa,2026-06-03,03/06/2026,5A4LASV5E2,0306 74987506154000600737060,27235778226113367-27211848011839716,FB_SocovesaSur_Advantage,Socovesa Sur S.A,AON,Origen,I-SUR-2346,60895,6089,600000,69272.0,Coincide,Match cartola + proyecto,600000,Facturas Meta/Cartola TC/MovFacturadosInternacionales_94840000-6_9-6-2026.xls
2026-06,Socovesa,2026-06-03,03/06/2026,5A4LASV5E2,0306 74987506154000600737060,27235778226113367-27211848011839716,FB_SocovesaSur_Advantage,Socovesa Sur S.A,AON,Parque Avellanos,I-SUR-2336,60895,6089,600000,69272.0,Coincide,Match cartola + proyecto,600000,Facturas Meta/Cartola TC/MovFacturadosInternacionales_94840000-6_9-6-2026.xls
2026-06,Socovesa,2026-06-03,03/06/2026,5A4LASV5E2,0306 74987506154000600737060,27235778226113367-27211848011839716,FB_SocovesaSur_Advantage,Socovesa Sur S.A,AON,Reserva Magallanes,I-SUR-2323,60895,6089,600000,69272.0,Coincide,Match cartola + proyecto,600000,Facturas Meta/Cartola TC/MovFacturadosInternacionales_94840000-6_9-6-2026.xls
2026-06,Socovesa,2026-06-03,03/06/2026,5A4LASV5E2,0306 74987506154000600737060,27235778226113367-27211848011839716,FB_SocovesaSur_Advantage,Socovesa Sur S.A,AON,Terraza Mirador,I-SUR-2333,60895,6089,600000,69272.0,Coincide,Match cartola + proyecto,600000,Facturas Meta/Cartola TC/MovFacturadosInternacionales_94840000-6_9-6-2026.xls
2026-06,Socovesa,2026-06-03,03/06/2026,5A4LASV5E2,0306 74987506154000600737060,27235778226113367-27211848011839716,FB_Sur_Inversionista,Socovesa Sur S.A,Inversionista,Alto Maderos,I-SUR-2335,20124,1548,600000,69272.0,Coincide,Match cartola + proyecto,600000,Facturas Meta/Cartola TC/MovFacturadosInternacionales_94840000-6_9-6-2026.xls
2026-06,Socovesa,2026-06-03,03/06/2026,5A4LASV5E2,0306 74987506154000600737060,27235778226113367-27211848011839716,FB_Sur_Inversionista,Socovesa Sur S.A,Inversionista,Edificio Vértice,I-SUR-2297,20124,1548,600000,69272.0,Coincide,Match cartola + proyecto,600000,Facturas Meta/Cartola TC/MovFacturadosInternacionales_94840000-6_9-6-2026.xls
2026-06,Socovesa,2026-06-03,03/06/2026,5A4LASV5E2,0306 74987506154000600737060,27235778226113367-27211848011839716,FB_Sur_Inversionista,Socovesa Sur S.A,Inversionista,García Reyes,I-SUR-2283,20124,1548,600000,69272.0,Coincide,Match cartola + proyecto,600000,Facturas Meta/Cartola TC/MovFacturadosInternacionales_94840000-6_9-6-2026.xls
2026-06,Socovesa,2026-06-03,03/06/2026,5A4LASV5E2,0306 74987506154000600737060,27235778226113367-27211848011839716,FB_Sur_Inversionista,Socovesa Sur S.A,Inversionista,Icono,I-SUR-2372,20124,1548,600000,69272.0,Coincide,Match cartola + proyecto,600000,Facturas Meta/Cartola TC/MovFacturadosInternacionales_94840000-6_9-6-2026.xls
2026-06,Socovesa,2026-06-03,03/06/2026,5A4LASV5E2,0306 74987506154000600737060,27235778226113367-27211848011839716,FB_Sur_Inversionista,Socovesa Sur S.A,Inversionista,N3,I-SUR-2331,20124,1548,600000,69272.0,Coincide,Match cartola + proyecto,600000,Facturas Meta/Cartola TC/MovFacturadosInternacionales_94840000-6_9-6-2026.xls
2026-06,Socovesa,2026-06-03,03/06/2026,5A4LASV5E2,0306 74987506154000600737060,27235778226113367-27211848011839716,FB_Sur_Inversionista,Socovesa Sur S.A,Inversionista,Nueva Toledo,I-SUR-2334,20124,1548,600000,69272.0,Coincide,Match cartola + proyecto,600000,Facturas Meta/Cartola TC/MovFacturadosInternacionales_94840000-6_9-6-2026.xls
2026-06,Socovesa,2026-06-03,03/06/2026,5A4LASV5E2,0306 74987506154000600737060,27235778226113367-27211848011839716,FB_Sur_Inversionista,Socovesa Sur S.A,Inversionista,O3,I-SUR-2373,20124,1548,600000,69272.0,Coincide,Match cartola + proyecto,600000,Facturas Meta/Cartola TC/MovFacturadosInternacionales_94840000-6_9-6-2026.xls
2026-06,Socovesa,2026-06-03,03/06/2026,5A4LASV5E2,0306 74987506154000600737060,27235778226113367-27211848011839716,FB_Sur_Inversionista,Socovesa Sur S.A,Inversionista,Origen,I-SUR-2346,20124,1548,600000,69272.0,Coincide,Match cartola + proyecto,600000,Facturas Meta/Cartola TC/MovFacturadosInternacionales_94840000-6_9-6-2026.xls
2026-06,Socovesa,2026-06-03,03/06/2026,5A4LASV5E2,0306 74987506154000600737060,27235778226113367-27211848011839716,FB_Sur_Inversionista,Socovesa Sur S.A,Inversionista,PDL,I-SUR-2372,20124,1548,600000,69272.0,Coincide,Match cartola + proyecto,600000,Facturas Meta/Cartola TC/MovFacturadosInternacionales_94840000-6_9-6-2026.xls
2026-06,Socovesa,2026-06-03,03/06/2026,5A4LASV5E2,0306 74987506154000600737060,27235778226113367-27211848011839716,FB_Sur_Inversionista,Socovesa Sur S.A,Inversionista,Parque Avellanos,I-SUR-2336,20124,1548,600000,69272.0,Coincide,Match cartola + proyecto,600000,Facturas Meta/Cartola TC/MovFacturadosInternacionales_94840000-6_9-6-2026.xls
2026-06,Socovesa,2026-06-03,03/06/2026,5A4LASV5E2,0306 74987506154000600737060,27235778226113367-27211848011839716,FB_Sur_Inversionista,Socovesa Sur S.A,Inversionista,Portal Austral,I-SUR-2340,20124,1548,600000,69272.0,Coincide,Match cartola + proyecto,600000,Facturas Meta/Cartola TC/MovFacturadosInternacionales_94840000-6_9-6-2026.xls
2026-06,Socovesa,2026-06-03,03/06/2026,5A4LASV5E2,0306 74987506154000600737060,27235778226113367-27211848011839716,FB_Sur_Inversionista,Socovesa Sur S.A,Inversionista,Reserva Magallanes,I-SUR-2323,20124,1548,600000,69272.0,Coincide,Match cartola + proyecto,600000,Facturas Meta/Cartola TC/MovFacturadosInternacionales_94840000-6_9-6-2026.xls
2026-06,Socovesa,2026-06-03,03/06/2026,5A4LASV5E2,0306 74987506154000600737060,27235778226113367-27211848011839716,FB_Sur_Inversionista,Socovesa Sur S.A,Inversionista,Terraza Mirador,I-SUR-2333,20124,1548,600000,69272.0,Coincide,Match cartola + proyecto,600000,Facturas Meta/Cartola TC/MovFacturadosInternacionales_94840000-6_9-6-2026.xls
2026-06,Socovesa,2026-06-03,03/06/2026,5A4LASV5E2,0306 74987506154000600737060,27235778226113367-27211848011839716,FB_WA_SantiagoSubsidio_LasPataguas,INMOBILIARIA ENCINAS DE PEÑALOLEN,Lampa,Las Pataguas,I-STG-2366,9160,9160,600000,69272.0,Coincide,Match cartola + proyecto,600000,Facturas Meta/Cartola TC/MovFacturadosInternacionales_94840000-6_9-6-2026.xls
2026-06,Socovesa,2026-06-04,04/06/2026,RJ6LESV5E2,0406 74987506154000436557088,27230085683349285-27225655207125663,FB_AOL_CentroSur_AltoMaderosll,Socovesa Sur S.A,Los Ángeles,Alto Maderos,I-SUR-2335,3219,3219,596769,68363.0,Coincide,Match cartola + proyecto,596769,Facturas Meta/Cartola TC/MovFacturadosInternacionales_94840000-6_9-6-2026.xls
2026-06,Socovesa,2026-06-04,04/06/2026,RJ6LESV5E2,0406 74987506154000436557088,27230085683349285-27225655207125663,FB_AOL_CentroSur_ElAvellano_E2,Socovesa Sur S.A,Los Ángeles,Parque Avellanos,I-SUR-2336,2410,2410,596769,68363.0,Coincide,Match cartola + proyecto,596769,Facturas Meta/Cartola TC/MovFacturadosInternacionales_94840000-6_9-6-2026.xls
2026-06,Socovesa,2026-06-04,04/06/2026,RJ6LESV5E2,0406 74987506154000436557088,27230085683349285-27225655207125663,FB_AOL_CentroSur_NuevaToledo,Socovesa Sur S.A,Chillán,Nueva Toledo,I-SUR-2334,2732,2732,596769,68363.0,Coincide,Match cartola + proyecto,596769,Facturas Meta/Cartola TC/MovFacturadosInternacionales_94840000-6_9-6-2026.xls
2026-06,Socovesa,2026-06-04,04/06/2026,RJ6LESV5E2,0406 74987506154000436557088,27230085683349285-27225655207125663,FB_AOL_CentroSur_PortaldelLibertadorVIII,Socovesa Sur S.A,Chillán,PDL,I-SUR-2372,2921,2921,596769,68363.0,Coincide,Match cartola + proyecto,596769,Facturas Meta/Cartola TC/MovFacturadosInternacionales_94840000-6_9-6-2026.xls
2026-06,Socovesa,2026-06-04,04/06/2026,RJ6LESV5E2,0406 74987506154000436557088,27230085683349285-27225655207125663,FB_AOL_SantiagoMedio_Coipue,Sociedad Comercializadora Metropolitana,Macul,Coipue,I-STG-2229,9418,9418,596769,68363.0,Coincide,Match cartola + proyecto,596769,Facturas Meta/Cartola TC/MovFacturadosInternacionales_94840000-6_9-6-2026.xls
2026-06,Socovesa,2026-06-04,04/06/2026,RJ6LESV5E2,0406 74987506154000436557088,27230085683349285-27225655207125663,FB_AOL_SantiagoMedio_LosCoihues,INMOBILIARIA ENCINAS DE PEÑALOLEN,Lampa,Los Coihues,I-STG-2325,19570,19570,596769,68363.0,Coincide,Match cartola + proyecto,596769,Facturas Meta/Cartola TC/MovFacturadosInternacionales_94840000-6_9-6-2026.xls
2026-06,Socovesa,2026-06-04,04/06/2026,RJ6LESV5E2,0406 74987506154000436557088,27230085683349285-27225655207125663,FB_AOL_SantiagoMedio_Marathon,Pilares S.A,Ñuñoa,Marathon,I-SVS-2349,15735,15735,596769,68363.0,Coincide,Match cartola + proyecto,596769,Facturas Meta/Cartola TC/MovFacturadosInternacionales_94840000-6_9-6-2026.xls
2026-06,Socovesa,2026-06-04,04/06/2026,RJ6LESV5E2,0406 74987506154000436557088,27230085683349285-27225655207125663,FB_AOL_SantiagoMedio_Pajaritos,Inmobiliaria El Descubridor,Maipú,Pajaritos,I-STG-2204,18058,18058,596769,68363.0,Coincide,Match cartola + proyecto,596769,Facturas Meta/Cartola TC/MovFacturadosInternacionales_94840000-6_9-6-2026.xls
2026-06,Socovesa,2026-06-04,04/06/2026,RJ6LESV5E2,0406 74987506154000436557088,27230085683349285-27225655207125663,FB_AOL_SantiagoMedio_PlazaMirador,INSOCO,La Florida,Plaza Mirador,I-STG-2391,11869,11869,596769,68363.0,Coincide,Match cartola + proyecto,596769,Facturas Meta/Cartola TC/MovFacturadosInternacionales_94840000-6_9-6-2026.xls
2026-06,Socovesa,2026-06-04,04/06/2026,RJ6LESV5E2,0406 74987506154000436557088,27230085683349285-27225655207125663,FB_AOL_SantiagoSubsidio_LasPataguas,INMOBILIARIA ENCINAS DE PEÑALOLEN,Lampa,Las Pataguas,I-STG-2366,42,42,596769,68363.0,Coincide,Match cartola + proyecto,596769,Facturas Meta/Cartola TC/MovFacturadosInternacionales_94840000-6_9-6-2026.xls
2026-06,Socovesa,2026-06-04,04/06/2026,RJ6LESV5E2,0406 74987506154000436557088,27230085683349285-27225655207125663,FB_AOL_SurAustral_PortalAustral,Socovesa Sur S.A,Puerto Montt,Portal Austral,I-SUR-2340,2821,2821,596769,68363.0,Coincide,Match cartola + proyecto,596769,Facturas Meta/Cartola TC/MovFacturadosInternacionales_94840000-6_9-6-2026.xls
2026-06,Socovesa,2026-06-04,04/06/2026,RJ6LESV5E2,0406 74987506154000436557088,27230085683349285-27225655207125663,FB_AOL_SurAustral_ReservaMagallanes,Socovesa Sur S.A,Punta Arenas,Reserva Magallanes,I-SUR-2323,2520,2520,596769,68363.0,Coincide,Match cartola + proyecto,596769,Facturas Meta/Cartola TC/MovFacturadosInternacionales_94840000-6_9-6-2026.xls
2026-06,Socovesa,2026-06-04,04/06/2026,RJ6LESV5E2,0406 74987506154000436557088,27230085683349285-27225655207125663,FB_AOL_SurAustral_TerrazaMiradorII,Socovesa Sur S.A,Puerto Montt,Terraza Mirador,I-SUR-2333,3279,3279,596769,68363.0,Coincide,Match cartola + proyecto,596769,Facturas Meta/Cartola TC/MovFacturadosInternacionales_94840000-6_9-6-2026.xls
2026-06,Socovesa,2026-06-04,04/06/2026,RJ6LESV5E2,0406 74987506154000436557088,27230085683349285-27225655207125663,FB_AOL_Sur_CasasEnElPortal,Socovesa Sur S.A,Temuco,Icono,I-SUR-2346,3580,1790,596769,68363.0,Coincide,Match cartola + proyecto,596769,Facturas Meta/Cartola TC/MovFacturadosInternacionales_94840000-6_9-6-2026.xls
2026-06,Socovesa,2026-06-04,04/06/2026,RJ6LESV5E2,0406 74987506154000436557088,27230085683349285-27225655207125663,FB_AOL_Sur_CasasEnElPortal,Socovesa Sur S.A,Temuco,Origen,I-SUR-2346,3580,1790,596769,68363.0,Coincide,Match cartola + proyecto,596769,Facturas Meta/Cartola TC/MovFacturadosInternacionales_94840000-6_9-6-2026.xls
2026-06,Socovesa,2026-06-04,04/06/2026,RJ6LESV5E2,0406 74987506154000436557088,27230085683349285-27225655207125663,FB_AOL_Sur_EdificioVertice,Socovesa Sur S.A,Temuco,Edificio Vértice,I-SUR-2297,2745,2745,596769,68363.0,Coincide,Match cartola + proyecto,596769,Facturas Meta/Cartola TC/MovFacturadosInternacionales_94840000-6_9-6-2026.xls
2026-06,Socovesa,2026-06-04,04/06/2026,RJ6LESV5E2,0406 74987506154000436557088,27230085683349285-27225655207125663,FB_AOL_Sur_GarciaReyes,Socovesa Sur S.A,Valdivia,García Reyes,I-SUR-2283,3495,3495,596769,68363.0,Coincide,Match cartola + proyecto,596769,Facturas Meta/Cartola TC/MovFacturadosInternacionales_94840000-6_9-6-2026.xls
2026-06,Socovesa,2026-06-04,04/06/2026,RJ6LESV5E2,0406 74987506154000436557088,27230085683349285-27225655207125663,FB_AOL_Sur_ParqueOlimpia_O3,Socovesa Sur S.A,Temuco,O3,I-SUR-2373,2770,2770,596769,68363.0,Coincide,Match cartola + proyecto,596769,Facturas Meta/Cartola TC/MovFacturadosInternacionales_94840000-6_9-6-2026.xls
2026-06,Socovesa,2026-06-04,04/06/2026,RJ6LESV5E2,0406 74987506154000436557088,27230085683349285-27225655207125663,FB_AOL_Sur_VistaNielol_N3,Socovesa Sur S.A,Temuco,N3,I-SUR-2331,4587,4587,596769,68363.0,Coincide,Match cartola + proyecto,596769,Facturas Meta/Cartola TC/MovFacturadosInternacionales_94840000-6_9-6-2026.xls
2026-06,Socovesa,2026-06-04,04/06/2026,RJ6LESV5E2,0406 74987506154000436557088,27230085683349285-27225655207125663,FB_AOT_CentroSur_PortaldelLibertador,Socovesa Sur S.A,Chillán,PDL,I-SUR-2372,9799,9799,596769,68363.0,Coincide,Match cartola + proyecto,596769,Facturas Meta/Cartola TC/MovFacturadosInternacionales_94840000-6_9-6-2026.xls
2026-06,Socovesa,2026-06-04,04/06/2026,RJ6LESV5E2,0406 74987506154000436557088,27230085683349285-27225655207125663,FB_AOT_SantiagoMedio_LosCoihues,INMOBILIARIA ENCINAS DE PEÑALOLEN,Lampa,Los Coihues,I-STG-2325,58128,58128,596769,68363.0,Coincide,Match cartola + proyecto,596769,Facturas Meta/Cartola TC/MovFacturadosInternacionales_94840000-6_9-6-2026.xls
2026-06,Socovesa,2026-06-04,04/06/2026,RJ6LESV5E2,0406 74987506154000436557088,27230085683349285-27225655207125663,FB_AOT_SantiagoMedio_Marathon,Pilares S.A,Ñuñoa,Marathon,I-SVS-2349,45171,45171,596769,68363.0,Coincide,Match cartola + proyecto,596769,Facturas Meta/Cartola TC/MovFacturadosInternacionales_94840000-6_9-6-2026.xls
2026-06,Socovesa,2026-06-04,04/06/2026,RJ6LESV5E2,0406 74987506154000436557088,27230085683349285-27225655207125663,FB_AOT_SantiagoMedio_Pajaritos,Inmobiliaria El Descubridor,Maipú,Pajaritos,I-STG-2204,56630,56630,596769,68363.0,Coincide,Match cartola + proyecto,596769,Facturas Meta/Cartola TC/MovFacturadosInternacionales_94840000-6_9-6-2026.xls
2026-06,Socovesa,2026-06-04,04/06/2026,RJ6LESV5E2,0406 74987506154000436557088,27230085683349285-27225655207125663,FB_AOT_SantiagoMedio_PlazaMirador,INSOCO,La Florida,Plaza Mirador,I-STG-2391,32466,32466,596769,68363.0,Coincide,Match cartola + proyecto,596769,Facturas Meta/Cartola TC/MovFacturadosInternacionales_94840000-6_9-6-2026.xls
2026-06,Socovesa,2026-06-04,04/06/2026,RJ6LESV5E2,0406 74987506154000436557088,27230085683349285-27225655207125663,FB_AOT_SantiagoSubsidio_LasPataguas,INMOBILIARIA ENCINAS DE PEÑALOLEN,Lampa,Las Pataguas,I-STG-2366,51466,51466,596769,68363.0,Coincide,Match cartola + proyecto,596769,Facturas Meta/Cartola TC/MovFacturadosInternacionales_94840000-6_9-6-2026.xls
2026-06,Socovesa,2026-06-04,04/06/2026,RJ6LESV5E2,0406 74987506154000436557088,27230085683349285-27225655207125663,FB_AOT_SurAustral_PortalAustral,Socovesa Sur S.A,Puerto Montt,Portal Austral,I-SUR-2340,9419,9419,596769,68363.0,Coincide,Match cartola + proyecto,596769,Facturas Meta/Cartola TC/MovFacturadosInternacionales_94840000-6_9-6-2026.xls
2026-06,Socovesa,2026-06-04,04/06/2026,RJ6LESV5E2,0406 74987506154000436557088,27230085683349285-27225655207125663,FB_AOT_Sur_GarciaReyes,Socovesa Sur S.A,Valdivia,García Reyes,I-SUR-2283,9492,9492,596769,68363.0,Coincide,Match cartola + proyecto,596769,Facturas Meta/Cartola TC/MovFacturadosInternacionales_94840000-6_9-6-2026.xls
2026-06,Socovesa,2026-06-04,04/06/2026,RJ6LESV5E2,0406 74987506154000436557088,27230085683349285-27225655207125663,FB_AOT_Sur_VistaNielol,Socovesa Sur S.A,Temuco,N3,I-SUR-2331,12416,12416,596769,68363.0,Coincide,Match cartola + proyecto,596769,Facturas Meta/Cartola TC/MovFacturadosInternacionales_94840000-6_9-6-2026.xls
2026-06,Socovesa,2026-06-04,04/06/2026,RJ6LESV5E2,0406 74987506154000436557088,27230085683349285-27225655207125663,FB_SocovesaSantiago_Advantage,Sociedad Comercializadora Metropolitana,AON,Coipue,I-STG-2229,35018,17509,596769,68363.0,Coincide,Match cartola + proyecto,596769,Facturas Meta/Cartola TC/MovFacturadosInternacionales_94840000-6_9-6-2026.xls
2026-06,Socovesa,2026-06-04,04/06/2026,RJ6LESV5E2,0406 74987506154000436557088,27230085683349285-27225655207125663,FB_SocovesaSantiago_Advantage,Consorcio Inmobiliario Macul,AON,Las Palmas,I-STG-2205,35018,17509,596769,68363.0,Coincide,Match cartola + proyecto,596769,Facturas Meta/Cartola TC/MovFacturadosInternacionales_94840000-6_9-6-2026.xls
2026-06,Socovesa,2026-06-04,04/06/2026,RJ6LESV5E2,0406 74987506154000436557088,27230085683349285-27225655207125663,FB_SocovesaSantiago_Awareness,Sociedad Comercializadora Metropolitana,Marca,Coipue,I-STG-2229,76241,12707,596769,68363.0,Coincide,Match cartola + proyecto,596769,Facturas Meta/Cartola TC/MovFacturadosInternacionales_94840000-6_9-6-2026.xls
2026-06,Socovesa,2026-06-04,04/06/2026,RJ6LESV5E2,0406 74987506154000436557088,27230085683349285-27225655207125663,FB_SocovesaSantiago_Awareness,Consorcio Inmobiliario Macul,Marca,Las Palmas,I-STG-2205,76241,12707,596769,68363.0,Coincide,Match cartola + proyecto,596769,Facturas Meta/Cartola TC/MovFacturadosInternacionales_94840000-6_9-6-2026.xls
2026-06,Socovesa,2026-06-04,04/06/2026,RJ6LESV5E2,0406 74987506154000436557088,27230085683349285-27225655207125663,FB_SocovesaSantiago_Awareness,INMOBILIARIA ENCINAS DE PEÑALOLEN,Marca,Las Pataguas,I-STG-2366,76241,12707,596769,68363.0,Coincide,Match cartola + proyecto,596769,Facturas Meta/Cartola TC/MovFacturadosInternacionales_94840000-6_9-6-2026.xls
2026-06,Socovesa,2026-06-04,04/06/2026,RJ6LESV5E2,0406 74987506154000436557088,27230085683349285-27225655207125663,FB_SocovesaSantiago_Awareness,INMOBILIARIA ENCINAS DE PEÑALOLEN,Marca,Los Coihues,I-STG-2325,76241,12707,596769,68363.0,Coincide,Match cartola + proyecto,596769,Facturas Meta/Cartola TC/MovFacturadosInternacionales_94840000-6_9-6-2026.xls
2026-06,Socovesa,2026-06-04,04/06/2026,RJ6LESV5E2,0406 74987506154000436557088,27230085683349285-27225655207125663,FB_SocovesaSantiago_Awareness,Pilares S.A,Marca,Marathon,I-SVS-2349,76241,12707,596769,68363.0,Coincide,Match cartola + proyecto,596769,Facturas Meta/Cartola TC/MovFacturadosInternacionales_94840000-6_9-6-2026.xls
2026-06,Socovesa,2026-06-04,04/06/2026,RJ6LESV5E2,0406 74987506154000436557088,27230085683349285-27225655207125663,FB_SocovesaSantiago_Awareness,Inmobiliaria El Descubridor,Marca,Pajaritos,I-STG-2204,76241,12706,596769,68363.0,Coincide,Match cartola + proyecto,596769,Facturas Meta/Cartola TC/MovFacturadosInternacionales_94840000-6_9-6-2026.xls
2026-06,Socovesa,2026-06-04,04/06/2026,RJ6LESV5E2,0406 74987506154000436557088,27230085683349285-27225655207125663,FB_SocovesaSur_Advantage,Socovesa Sur S.A,AON,Alto Maderos,I-SUR-2335,59234,5924,596769,68363.0,Coincide,Match cartola + proyecto,596769,Facturas Meta/Cartola TC/MovFacturadosInternacionales_94840000-6_9-6-2026.xls
2026-06,Socovesa,2026-06-04,04/06/2026,RJ6LESV5E2,0406 74987506154000436557088,27230085683349285-27225655207125663,FB_SocovesaSur_Advantage,Socovesa Sur S.A,AON,Edificio Vértice,I-SUR-2297,59234,5924,596769,68363.0,Coincide,Match cartola + proyecto,596769,Facturas Meta/Cartola TC/MovFacturadosInternacionales_94840000-6_9-6-2026.xls
2026-06,Socovesa,2026-06-04,04/06/2026,RJ6LESV5E2,0406 74987506154000436557088,27230085683349285-27225655207125663,FB_SocovesaSur_Advantage,Socovesa Sur S.A,AON,Icono,I-SUR-2334,59234,5924,596769,68363.0,Coincide,Match cartola + proyecto,596769,Facturas Meta/Cartola TC/MovFacturadosInternacionales_94840000-6_9-6-2026.xls
2026-06,Socovesa,2026-06-04,04/06/2026,RJ6LESV5E2,0406 74987506154000436557088,27230085683349285-27225655207125663,FB_SocovesaSur_Advantage,Socovesa Sur S.A,AON,N3,I-SUR-2331,59234,5924,596769,68363.0,Coincide,Match cartola + proyecto,596769,Facturas Meta/Cartola TC/MovFacturadosInternacionales_94840000-6_9-6-2026.xls
2026-06,Socovesa,2026-06-04,04/06/2026,RJ6LESV5E2,0406 74987506154000436557088,27230085683349285-27225655207125663,FB_SocovesaSur_Advantage,Socovesa Sur S.A,AON,Nueva Toledo,I-SUR-2334,59234,5923,596769,68363.0,Coincide,Match cartola + proyecto,596769,Facturas Meta/Cartola TC/MovFacturadosInternacionales_94840000-6_9-6-2026.xls
2026-06,Socovesa,2026-06-04,04/06/2026,RJ6LESV5E2,0406 74987506154000436557088,27230085683349285-27225655207125663,FB_SocovesaSur_Advantage,Socovesa Sur S.A,AON,O3,I-SUR-2373,59234,5923,596769,68363.0,Coincide,Match cartola + proyecto,596769,Facturas Meta/Cartola TC/MovFacturadosInternacionales_94840000-6_9-6-2026.xls
2026-06,Socovesa,2026-06-04,04/06/2026,RJ6LESV5E2,0406 74987506154000436557088,27230085683349285-27225655207125663,FB_SocovesaSur_Advantage,Socovesa Sur S.A,AON,Origen,I-SUR-2346,59234,5923,596769,68363.0,Coincide,Match cartola + proyecto,596769,Facturas Meta/Cartola TC/MovFacturadosInternacionales_94840000-6_9-6-2026.xls
2026-06,Socovesa,2026-06-04,04/06/2026,RJ6LESV5E2,0406 74987506154000436557088,27230085683349285-27225655207125663,FB_SocovesaSur_Advantage,Socovesa Sur S.A,AON,Parque Avellanos,I-SUR-2336,59234,5923,596769,68363.0,Coincide,Match cartola + proyecto,596769,Facturas Meta/Cartola TC/MovFacturadosInternacionales_94840000-6_9-6-2026.xls
2026-06,Socovesa,2026-06-04,04/06/2026,RJ6LESV5E2,0406 74987506154000436557088,27230085683349285-27225655207125663,FB_SocovesaSur_Advantage,Socovesa Sur S.A,AON,Reserva Magallanes,I-SUR-2323,59234,5923,596769,68363.0,Coincide,Match cartola + proyecto,596769,Facturas Meta/Cartola TC/MovFacturadosInternacionales_94840000-6_9-6-2026.xls
2026-06,Socovesa,2026-06-04,04/06/2026,RJ6LESV5E2,0406 74987506154000436557088,27230085683349285-27225655207125663,FB_SocovesaSur_Advantage,Socovesa Sur S.A,AON,Terraza Mirador,I-SUR-2333,59234,5923,596769,68363.0,Coincide,Match cartola + proyecto,596769,Facturas Meta/Cartola TC/MovFacturadosInternacionales_94840000-6_9-6-2026.xls
2026-06,Socovesa,2026-06-04,04/06/2026,RJ6LESV5E2,0406 74987506154000436557088,27230085683349285-27225655207125663,FB_Sur_Inversionista,Socovesa Sur S.A,Inversionista,Alto Maderos,I-SUR-2335,20288,1561,596769,68363.0,Coincide,Match cartola + proyecto,596769,Facturas Meta/Cartola TC/MovFacturadosInternacionales_94840000-6_9-6-2026.xls
2026-06,Socovesa,2026-06-04,04/06/2026,RJ6LESV5E2,0406 74987506154000436557088,27230085683349285-27225655207125663,FB_Sur_Inversionista,Socovesa Sur S.A,Inversionista,Edificio Vértice,I-SUR-2297,20288,1561,596769,68363.0,Coincide,Match cartola + proyecto,596769,Facturas Meta/Cartola TC/MovFacturadosInternacionales_94840000-6_9-6-2026.xls
2026-06,Socovesa,2026-06-04,04/06/2026,RJ6LESV5E2,0406 74987506154000436557088,27230085683349285-27225655207125663,FB_Sur_Inversionista,Socovesa Sur S.A,Inversionista,García Reyes,I-SUR-2283,20288,1561,596769,68363.0,Coincide,Match cartola + proyecto,596769,Facturas Meta/Cartola TC/MovFacturadosInternacionales_94840000-6_9-6-2026.xls
2026-06,Socovesa,2026-06-04,04/06/2026,RJ6LESV5E2,0406 74987506154000436557088,27230085683349285-27225655207125663,FB_Sur_Inversionista,Socovesa Sur S.A,Inversionista,Icono,I-SUR-2372,20288,1561,596769,68363.0,Coincide,Match cartola + proyecto,596769,Facturas Meta/Cartola TC/MovFacturadosInternacionales_94840000-6_9-6-2026.xls
2026-06,Socovesa,2026-06-04,04/06/2026,RJ6LESV5E2,0406 74987506154000436557088,27230085683349285-27225655207125663,FB_Sur_Inversionista,Socovesa Sur S.A,Inversionista,N3,I-SUR-2331,20288,1561,596769,68363.0,Coincide,Match cartola + proyecto,596769,Facturas Meta/Cartola TC/MovFacturadosInternacionales_94840000-6_9-6-2026.xls
2026-06,Socovesa,2026-06-04,04/06/2026,RJ6LESV5E2,0406 74987506154000436557088,27230085683349285-27225655207125663,FB_Sur_Inversionista,Socovesa Sur S.A,Inversionista,Nueva Toledo,I-SUR-2334,20288,1561,596769,68363.0,Coincide,Match cartola + proyecto,596769,Facturas Meta/Cartola TC/MovFacturadosInternacionales_94840000-6_9-6-2026.xls
2026-06,Socovesa,2026-06-04,04/06/2026,RJ6LESV5E2,0406 74987506154000436557088,27230085683349285-27225655207125663,FB_Sur_Inversionista,Socovesa Sur S.A,Inversionista,O3,I-SUR-2373,20288,1561,596769,68363.0,Coincide,Match cartola + proyecto,596769,Facturas Meta/Cartola TC/MovFacturadosInternacionales_94840000-6_9-6-2026.xls
2026-06,Socovesa,2026-06-04,04/06/2026,RJ6LESV5E2,0406 74987506154000436557088,27230085683349285-27225655207125663,FB_Sur_Inversionista,Socovesa Sur S.A,Inversionista,Origen,I-SUR-2346,20288,1561,596769,68363.0,Coincide,Match cartola + proyecto,596769,Facturas Meta/Cartola TC/MovFacturadosInternacionales_94840000-6_9-6-2026.xls
2026-06,Socovesa,2026-06-04,04/06/2026,RJ6LESV5E2,0406 74987506154000436557088,27230085683349285-27225655207125663,FB_Sur_Inversionista,Socovesa Sur S.A,Inversionista,PDL,I-SUR-2372,20288,1560,596769,68363.0,Coincide,Match cartola + proyecto,596769,Facturas Meta/Cartola TC/MovFacturadosInternacionales_94840000-6_9-6-2026.xls
2026-06,Socovesa,2026-06-04,04/06/2026,RJ6LESV5E2,0406 74987506154000436557088,27230085683349285-27225655207125663,FB_Sur_Inversionista,Socovesa Sur S.A,Inversionista,Parque Avellanos,I-SUR-2336,20288,1560,596769,68363.0,Coincide,Match cartola + proyecto,596769,Facturas Meta/Cartola TC/MovFacturadosInternacionales_94840000-6_9-6-2026.xls
2026-06,Socovesa,2026-06-04,04/06/2026,RJ6LESV5E2,0406 74987506154000436557088,27230085683349285-27225655207125663,FB_Sur_Inversionista,Socovesa Sur S.A,Inversionista,Portal Austral,I-SUR-2340,20288,1560,596769,68363.0,Coincide,Match cartola + proyecto,596769,Facturas Meta/Cartola TC/MovFacturadosInternacionales_94840000-6_9-6-2026.xls
2026-06,Socovesa,2026-06-04,04/06/2026,RJ6LESV5E2,0406 74987506154000436557088,27230085683349285-27225655207125663,FB_Sur_Inversionista,Socovesa Sur S.A,Inversionista,Reserva Magallanes,I-SUR-2323,20288,1560,596769,68363.0,Coincide,Match cartola + proyecto,596769,Facturas Meta/Cartola TC/MovFacturadosInternacionales_94840000-6_9-6-2026.xls
2026-06,Socovesa,2026-06-04,04/06/2026,RJ6LESV5E2,0406 74987506154000436557088,27230085683349285-27225655207125663,FB_Sur_Inversionista,Socovesa Sur S.A,Inversionista,Terraza Mirador,I-SUR-2333,20288,1560,596769,68363.0,Coincide,Match cartola + proyecto,596769,Facturas Meta/Cartola TC/MovFacturadosInternacionales_94840000-6_9-6-2026.xls
2026-06,Socovesa,2026-06-04,04/06/2026,RJ6LESV5E2,0406 74987506154000436557088,27230085683349285-27225655207125663,FB_WA_SantiagoSubsidio_LasPataguas,INMOBILIARIA ENCINAS DE PEÑALOLEN,Lampa,Las Pataguas,I-STG-2366,9230,9230,596769,68363.0,Coincide,Match cartola + proyecto,596769,Facturas Meta/Cartola TC/MovFacturadosInternacionales_94840000-6_9-6-2026.xls
2026-06,Socovesa,2026-06-04,04/06/2026,GWZ2JSV5E2,0506 74987506155001045553095,27302289459462235-27363292413361940,FB_AOL_CentroSur_AltoMaderosll,Socovesa Sur S.A,Los Ángeles,Alto Maderos,I-SUR-2335,2655,2655,600000,68733.0,Coincide,Match cartola + proyecto,600000,Facturas Meta/Cartola TC/MovFacturadosInternacionales_94840000-6_9-6-2026.xls
2026-06,Socovesa,2026-06-04,04/06/2026,GWZ2JSV5E2,0506 74987506155001045553095,27302289459462235-27363292413361940,FB_AOL_CentroSur_ElAvellano_E2,Socovesa Sur S.A,Los Ángeles,Parque Avellanos,I-SUR-2336,2011,2011,600000,68733.0,Coincide,Match cartola + proyecto,600000,Facturas Meta/Cartola TC/MovFacturadosInternacionales_94840000-6_9-6-2026.xls
2026-06,Socovesa,2026-06-04,04/06/2026,GWZ2JSV5E2,0506 74987506155001045553095,27302289459462235-27363292413361940,FB_AOL_CentroSur_NuevaToledo,Socovesa Sur S.A,Chillán,Nueva Toledo,I-SUR-2334,2155,2155,600000,68733.0,Coincide,Match cartola + proyecto,600000,Facturas Meta/Cartola TC/MovFacturadosInternacionales_94840000-6_9-6-2026.xls
2026-06,Socovesa,2026-06-04,04/06/2026,GWZ2JSV5E2,0506 74987506155001045553095,27302289459462235-27363292413361940,FB_AOL_CentroSur_PortaldelLibertadorVIII,Socovesa Sur S.A,Chillán,PDL,I-SUR-2372,2649,2649,600000,68733.0,Coincide,Match cartola + proyecto,600000,Facturas Meta/Cartola TC/MovFacturadosInternacionales_94840000-6_9-6-2026.xls
2026-06,Socovesa,2026-06-04,04/06/2026,GWZ2JSV5E2,0506 74987506155001045553095,27302289459462235-27363292413361940,FB_AOL_SantiagoMedio_Coipue,Sociedad Comercializadora Metropolitana,Macul,Coipue,I-STG-2229,9014,9014,600000,68733.0,Coincide,Match cartola + proyecto,600000,Facturas Meta/Cartola TC/MovFacturadosInternacionales_94840000-6_9-6-2026.xls
2026-06,Socovesa,2026-06-04,04/06/2026,GWZ2JSV5E2,0506 74987506155001045553095,27302289459462235-27363292413361940,FB_AOL_SantiagoMedio_LosCoihues,INMOBILIARIA ENCINAS DE PEÑALOLEN,Lampa,Los Coihues,I-STG-2325,15178,15178,600000,68733.0,Coincide,Match cartola + proyecto,600000,Facturas Meta/Cartola TC/MovFacturadosInternacionales_94840000-6_9-6-2026.xls
2026-06,Socovesa,2026-06-04,04/06/2026,GWZ2JSV5E2,0506 74987506155001045553095,27302289459462235-27363292413361940,FB_AOL_SantiagoMedio_Marathon,Pilares S.A,Ñuñoa,Marathon,I-SVS-2349,13160,13160,600000,68733.0,Coincide,Match cartola + proyecto,600000,Facturas Meta/Cartola TC/MovFacturadosInternacionales_94840000-6_9-6-2026.xls
2026-06,Socovesa,2026-06-04,04/06/2026,GWZ2JSV5E2,0506 74987506155001045553095,27302289459462235-27363292413361940,FB_AOL_SantiagoMedio_Pajaritos,Inmobiliaria El Descubridor,Maipú,Pajaritos,I-STG-2204,19806,19806,600000,68733.0,Coincide,Match cartola + proyecto,600000,Facturas Meta/Cartola TC/MovFacturadosInternacionales_94840000-6_9-6-2026.xls
2026-06,Socovesa,2026-06-04,04/06/2026,GWZ2JSV5E2,0506 74987506155001045553095,27302289459462235-27363292413361940,FB_AOL_SantiagoMedio_PlazaMirador,INSOCO,La Florida,Plaza Mirador,I-STG-2391,8568,8568,600000,68733.0,Coincide,Match cartola + proyecto,600000,Facturas Meta/Cartola TC/MovFacturadosInternacionales_94840000-6_9-6-2026.xls
2026-06,Socovesa,2026-06-04,04/06/2026,GWZ2JSV5E2,0506 74987506155001045553095,27302289459462235-27363292413361940,FB_AOL_SurAustral_PortalAustral,Socovesa Sur S.A,Puerto Montt,Portal Austral,I-SUR-2340,2882,2882,600000,68733.0,Coincide,Match cartola + proyecto,600000,Facturas Meta/Cartola TC/MovFacturadosInternacionales_94840000-6_9-6-2026.xls
2026-06,Socovesa,2026-06-04,04/06/2026,GWZ2JSV5E2,0506 74987506155001045553095,27302289459462235-27363292413361940,FB_AOL_SurAustral_ReservaMagallanes,Socovesa Sur S.A,Punta Arenas,Reserva Magallanes,I-SUR-2323,2515,2515,600000,68733.0,Coincide,Match cartola + proyecto,600000,Facturas Meta/Cartola TC/MovFacturadosInternacionales_94840000-6_9-6-2026.xls
2026-06,Socovesa,2026-06-04,04/06/2026,GWZ2JSV5E2,0506 74987506155001045553095,27302289459462235-27363292413361940,FB_AOL_SurAustral_TerrazaMiradorII,Socovesa Sur S.A,Puerto Montt,Terraza Mirador,I-SUR-2333,2316,2316,600000,68733.0,Coincide,Match cartola + proyecto,600000,Facturas Meta/Cartola TC/MovFacturadosInternacionales_94840000-6_9-6-2026.xls
2026-06,Socovesa,2026-06-04,04/06/2026,GWZ2JSV5E2,0506 74987506155001045553095,27302289459462235-27363292413361940,FB_AOL_Sur_CasasEnElPortal,Socovesa Sur S.A,Temuco,Icono,I-SUR-2346,2391,1196,600000,68733.0,Coincide,Match cartola + proyecto,600000,Facturas Meta/Cartola TC/MovFacturadosInternacionales_94840000-6_9-6-2026.xls
2026-06,Socovesa,2026-06-04,04/06/2026,GWZ2JSV5E2,0506 74987506155001045553095,27302289459462235-27363292413361940,FB_AOL_Sur_CasasEnElPortal,Socovesa Sur S.A,Temuco,Origen,I-SUR-2346,2391,1195,600000,68733.0,Coincide,Match cartola + proyecto,600000,Facturas Meta/Cartola TC/MovFacturadosInternacionales_94840000-6_9-6-2026.xls
2026-06,Socovesa,2026-06-04,04/06/2026,GWZ2JSV5E2,0506 74987506155001045553095,27302289459462235-27363292413361940,FB_AOL_Sur_EdificioVertice,Socovesa Sur S.A,Temuco,Edificio Vértice,I-SUR-2297,2587,2587,600000,68733.0,Coincide,Match cartola + proyecto,600000,Facturas Meta/Cartola TC/MovFacturadosInternacionales_94840000-6_9-6-2026.xls
2026-06,Socovesa,2026-06-04,04/06/2026,GWZ2JSV5E2,0506 74987506155001045553095,27302289459462235-27363292413361940,FB_AOL_Sur_GarciaReyes,Socovesa Sur S.A,Valdivia,García Reyes,I-SUR-2283,3797,3797,600000,68733.0,Coincide,Match cartola + proyecto,600000,Facturas Meta/Cartola TC/MovFacturadosInternacionales_94840000-6_9-6-2026.xls
2026-06,Socovesa,2026-06-04,04/06/2026,GWZ2JSV5E2,0506 74987506155001045553095,27302289459462235-27363292413361940,FB_AOL_Sur_ParqueOlimpia_O3,Socovesa Sur S.A,Temuco,O3,I-SUR-2373,3151,3151,600000,68733.0,Coincide,Match cartola + proyecto,600000,Facturas Meta/Cartola TC/MovFacturadosInternacionales_94840000-6_9-6-2026.xls
2026-06,Socovesa,2026-06-04,04/06/2026,GWZ2JSV5E2,0506 74987506155001045553095,27302289459462235-27363292413361940,FB_AOL_Sur_VistaNielol_N3,Socovesa Sur S.A,Temuco,N3,I-SUR-2331,4934,4934,600000,68733.0,Coincide,Match cartola + proyecto,600000,Facturas Meta/Cartola TC/MovFacturadosInternacionales_94840000-6_9-6-2026.xls
2026-06,Socovesa,2026-06-04,04/06/2026,GWZ2JSV5E2,0506 74987506155001045553095,27302289459462235-27363292413361940,FB_AOT_CentroSur_PortaldelLibertador,Socovesa Sur S.A,Chillán,PDL,I-SUR-2372,10175,10175,600000,68733.0,Coincide,Match cartola + proyecto,600000,Facturas Meta/Cartola TC/MovFacturadosInternacionales_94840000-6_9-6-2026.xls
2026-06,Socovesa,2026-06-04,04/06/2026,GWZ2JSV5E2,0506 74987506155001045553095,27302289459462235-27363292413361940,FB_AOT_SantiagoMedio_LosCoihues,INMOBILIARIA ENCINAS DE PEÑALOLEN,Lampa,Los Coihues,I-STG-2325,56071,56071,600000,68733.0,Coincide,Match cartola + proyecto,600000,Facturas Meta/Cartola TC/MovFacturadosInternacionales_94840000-6_9-6-2026.xls
2026-06,Socovesa,2026-06-04,04/06/2026,GWZ2JSV5E2,0506 74987506155001045553095,27302289459462235-27363292413361940,FB_AOT_SantiagoMedio_Marathon,Pilares S.A,Ñuñoa,Marathon,I-SVS-2349,52875,52875,600000,68733.0,Coincide,Match cartola + proyecto,600000,Facturas Meta/Cartola TC/MovFacturadosInternacionales_94840000-6_9-6-2026.xls
2026-06,Socovesa,2026-06-04,04/06/2026,GWZ2JSV5E2,0506 74987506155001045553095,27302289459462235-27363292413361940,FB_AOT_SantiagoMedio_Pajaritos,Inmobiliaria El Descubridor,Maipú,Pajaritos,I-STG-2204,60010,60010,600000,68733.0,Coincide,Match cartola + proyecto,600000,Facturas Meta/Cartola TC/MovFacturadosInternacionales_94840000-6_9-6-2026.xls
2026-06,Socovesa,2026-06-04,04/06/2026,GWZ2JSV5E2,0506 74987506155001045553095,27302289459462235-27363292413361940,FB_AOT_SantiagoMedio_PlazaMirador,INSOCO,La Florida,Plaza Mirador,I-STG-2391,24738,24738,600000,68733.0,Coincide,Match cartola + proyecto,600000,Facturas Meta/Cartola TC/MovFacturadosInternacionales_94840000-6_9-6-2026.xls
2026-06,Socovesa,2026-06-04,04/06/2026,GWZ2JSV5E2,0506 74987506155001045553095,27302289459462235-27363292413361940,FB_AOT_SantiagoSubsidio_LasPataguas,INMOBILIARIA ENCINAS DE PEÑALOLEN,Lampa,Las Pataguas,I-STG-2366,55933,55933,600000,68733.0,Coincide,Match cartola + proyecto,600000,Facturas Meta/Cartola TC/MovFacturadosInternacionales_94840000-6_9-6-2026.xls
2026-06,Socovesa,2026-06-04,04/06/2026,GWZ2JSV5E2,0506 74987506155001045553095,27302289459462235-27363292413361940,FB_AOT_SurAustral_PortalAustral,Socovesa Sur S.A,Puerto Montt,Portal Austral,I-SUR-2340,10329,10329,600000,68733.0,Coincide,Match cartola + proyecto,600000,Facturas Meta/Cartola TC/MovFacturadosInternacionales_94840000-6_9-6-2026.xls
2026-06,Socovesa,2026-06-04,04/06/2026,GWZ2JSV5E2,0506 74987506155001045553095,27302289459462235-27363292413361940,FB_AOT_Sur_GarciaReyes,Socovesa Sur S.A,Valdivia,García Reyes,I-SUR-2283,9931,9931,600000,68733.0,Coincide,Match cartola + proyecto,600000,Facturas Meta/Cartola TC/MovFacturadosInternacionales_94840000-6_9-6-2026.xls
2026-06,Socovesa,2026-06-04,04/06/2026,GWZ2JSV5E2,0506 74987506155001045553095,27302289459462235-27363292413361940,FB_AOT_Sur_VistaNielol,Socovesa Sur S.A,Temuco,N3,I-SUR-2331,13791,13791,600000,68733.0,Coincide,Match cartola + proyecto,600000,Facturas Meta/Cartola TC/MovFacturadosInternacionales_94840000-6_9-6-2026.xls
2026-06,Socovesa,2026-06-04,04/06/2026,GWZ2JSV5E2,0506 74987506155001045553095,27302289459462235-27363292413361940,FB_SocovesaSantiago_Advantage,Sociedad Comercializadora Metropolitana,AON,Coipue,I-STG-2229,36915,18458,600000,68733.0,Coincide,Match cartola + proyecto,600000,Facturas Meta/Cartola TC/MovFacturadosInternacionales_94840000-6_9-6-2026.xls
2026-06,Socovesa,2026-06-04,04/06/2026,GWZ2JSV5E2,0506 74987506155001045553095,27302289459462235-27363292413361940,FB_SocovesaSantiago_Advantage,Consorcio Inmobiliario Macul,AON,Las Palmas,I-STG-2205,36915,18457,600000,68733.0,Coincide,Match cartola + proyecto,600000,Facturas Meta/Cartola TC/MovFacturadosInternacionales_94840000-6_9-6-2026.xls
2026-06,Socovesa,2026-06-04,04/06/2026,GWZ2JSV5E2,0506 74987506155001045553095,27302289459462235-27363292413361940,FB_SocovesaSantiago_Awareness,Sociedad Comercializadora Metropolitana,Marca,Coipue,I-STG-2229,80932,13489,600000,68733.0,Coincide,Match cartola + proyecto,600000,Facturas Meta/Cartola TC/MovFacturadosInternacionales_94840000-6_9-6-2026.xls
2026-06,Socovesa,2026-06-04,04/06/2026,GWZ2JSV5E2,0506 74987506155001045553095,27302289459462235-27363292413361940,FB_SocovesaSantiago_Awareness,Consorcio Inmobiliario Macul,Marca,Las Palmas,I-STG-2205,80932,13489,600000,68733.0,Coincide,Match cartola + proyecto,600000,Facturas Meta/Cartola TC/MovFacturadosInternacionales_94840000-6_9-6-2026.xls
2026-06,Socovesa,2026-06-04,04/06/2026,GWZ2JSV5E2,0506 74987506155001045553095,27302289459462235-27363292413361940,FB_SocovesaSantiago_Awareness,INMOBILIARIA ENCINAS DE PEÑALOLEN,Marca,Las Pataguas,I-STG-2366,80932,13489,600000,68733.0,Coincide,Match cartola + proyecto,600000,Facturas Meta/Cartola TC/MovFacturadosInternacionales_94840000-6_9-6-2026.xls
2026-06,Socovesa,2026-06-04,04/06/2026,GWZ2JSV5E2,0506 74987506155001045553095,27302289459462235-27363292413361940,FB_SocovesaSantiago_Awareness,INMOBILIARIA ENCINAS DE PEÑALOLEN,Marca,Los Coihues,I-STG-2325,80932,13489,600000,68733.0,Coincide,Match cartola + proyecto,600000,Facturas Meta/Cartola TC/MovFacturadosInternacionales_94840000-6_9-6-2026.xls
2026-06,Socovesa,2026-06-04,04/06/2026,GWZ2JSV5E2,0506 74987506155001045553095,27302289459462235-27363292413361940,FB_SocovesaSantiago_Awareness,Pilares S.A,Marca,Marathon,I-SVS-2349,80932,13488,600000,68733.0,Coincide,Match cartola + proyecto,600000,Facturas Meta/Cartola TC/MovFacturadosInternacionales_94840000-6_9-6-2026.xls
2026-06,Socovesa,2026-06-04,04/06/2026,GWZ2JSV5E2,0506 74987506155001045553095,27302289459462235-27363292413361940,FB_SocovesaSantiago_Awareness,Inmobiliaria El Descubridor,Marca,Pajaritos,I-STG-2204,80932,13488,600000,68733.0,Coincide,Match cartola + proyecto,600000,Facturas Meta/Cartola TC/MovFacturadosInternacionales_94840000-6_9-6-2026.xls
2026-06,Socovesa,2026-06-04,04/06/2026,GWZ2JSV5E2,0506 74987506155001045553095,27302289459462235-27363292413361940,FB_SocovesaSur_Advantage,Socovesa Sur S.A,AON,Alto Maderos,I-SUR-2335,58407,5841,600000,68733.0,Coincide,Match cartola + proyecto,600000,Facturas Meta/Cartola TC/MovFacturadosInternacionales_94840000-6_9-6-2026.xls
2026-06,Socovesa,2026-06-04,04/06/2026,GWZ2JSV5E2,0506 74987506155001045553095,27302289459462235-27363292413361940,FB_SocovesaSur_Advantage,Socovesa Sur S.A,AON,Edificio Vértice,I-SUR-2297,58407,5841,600000,68733.0,Coincide,Match cartola + proyecto,600000,Facturas Meta/Cartola TC/MovFacturadosInternacionales_94840000-6_9-6-2026.xls
2026-06,Socovesa,2026-06-04,04/06/2026,GWZ2JSV5E2,0506 74987506155001045553095,27302289459462235-27363292413361940,FB_SocovesaSur_Advantage,Socovesa Sur S.A,AON,Icono,I-SUR-2334,58407,5841,600000,68733.0,Coincide,Match cartola + proyecto,600000,Facturas Meta/Cartola TC/MovFacturadosInternacionales_94840000-6_9-6-2026.xls
2026-06,Socovesa,2026-06-04,04/06/2026,GWZ2JSV5E2,0506 74987506155001045553095,27302289459462235-27363292413361940,FB_SocovesaSur_Advantage,Socovesa Sur S.A,AON,N3,I-SUR-2331,58407,5841,600000,68733.0,Coincide,Match cartola + proyecto,600000,Facturas Meta/Cartola TC/MovFacturadosInternacionales_94840000-6_9-6-2026.xls
2026-06,Socovesa,2026-06-04,04/06/2026,GWZ2JSV5E2,0506 74987506155001045553095,27302289459462235-27363292413361940,FB_SocovesaSur_Advantage,Socovesa Sur S.A,AON,Nueva Toledo,I-SUR-2334,58407,5841,600000,68733.0,Coincide,Match cartola + proyecto,600000,Facturas Meta/Cartola TC/MovFacturadosInternacionales_94840000-6_9-6-2026.xls
2026-06,Socovesa,2026-06-04,04/06/2026,GWZ2JSV5E2,0506 74987506155001045553095,27302289459462235-27363292413361940,FB_SocovesaSur_Advantage,Socovesa Sur S.A,AON,O3,I-SUR-2373,58407,5841,600000,68733.0,Coincide,Match cartola + proyecto,600000,Facturas Meta/Cartola TC/MovFacturadosInternacionales_94840000-6_9-6-2026.xls
2026-06,Socovesa,2026-06-04,04/06/2026,GWZ2JSV5E2,0506 74987506155001045553095,27302289459462235-27363292413361940,FB_SocovesaSur_Advantage,Socovesa Sur S.A,AON,Origen,I-SUR-2346,58407,5841,600000,68733.0,Coincide,Match cartola + proyecto,600000,Facturas Meta/Cartola TC/MovFacturadosInternacionales_94840000-6_9-6-2026.xls
2026-06,Socovesa,2026-06-04,04/06/2026,GWZ2JSV5E2,0506 74987506155001045553095,27302289459462235-27363292413361940,FB_SocovesaSur_Advantage,Socovesa Sur S.A,AON,Parque Avellanos,I-SUR-2336,58407,5840,600000,68733.0,Coincide,Match cartola + proyecto,600000,Facturas Meta/Cartola TC/MovFacturadosInternacionales_94840000-6_9-6-2026.xls
2026-06,Socovesa,2026-06-04,04/06/2026,GWZ2JSV5E2,0506 74987506155001045553095,27302289459462235-27363292413361940,FB_SocovesaSur_Advantage,Socovesa Sur S.A,AON,Reserva Magallanes,I-SUR-2323,58407,5840,600000,68733.0,Coincide,Match cartola + proyecto,600000,Facturas Meta/Cartola TC/MovFacturadosInternacionales_94840000-6_9-6-2026.xls
2026-06,Socovesa,2026-06-04,04/06/2026,GWZ2JSV5E2,0506 74987506155001045553095,27302289459462235-27363292413361940,FB_SocovesaSur_Advantage,Socovesa Sur S.A,AON,Terraza Mirador,I-SUR-2333,58407,5840,600000,68733.0,Coincide,Match cartola + proyecto,600000,Facturas Meta/Cartola TC/MovFacturadosInternacionales_94840000-6_9-6-2026.xls
2026-06,Socovesa,2026-06-04,04/06/2026,GWZ2JSV5E2,0506 74987506155001045553095,27302289459462235-27363292413361940,FB_Sur_Inversionista,Socovesa Sur S.A,Inversionista,Alto Maderos,I-SUR-2335,21363,1644,600000,68733.0,Coincide,Match cartola + proyecto,600000,Facturas Meta/Cartola TC/MovFacturadosInternacionales_94840000-6_9-6-2026.xls
2026-06,Socovesa,2026-06-04,04/06/2026,GWZ2JSV5E2,0506 74987506155001045553095,27302289459462235-27363292413361940,FB_Sur_Inversionista,Socovesa Sur S.A,Inversionista,Edificio Vértice,I-SUR-2297,21363,1644,600000,68733.0,Coincide,Match cartola + proyecto,600000,Facturas Meta/Cartola TC/MovFacturadosInternacionales_94840000-6_9-6-2026.xls
2026-06,Socovesa,2026-06-04,04/06/2026,GWZ2JSV5E2,0506 74987506155001045553095,27302289459462235-27363292413361940,FB_Sur_Inversionista,Socovesa Sur S.A,Inversionista,García Reyes,I-SUR-2283,21363,1644,600000,68733.0,Coincide,Match cartola + proyecto,600000,Facturas Meta/Cartola TC/MovFacturadosInternacionales_94840000-6_9-6-2026.xls
2026-06,Socovesa,2026-06-04,04/06/2026,GWZ2JSV5E2,0506 74987506155001045553095,27302289459462235-27363292413361940,FB_Sur_Inversionista,Socovesa Sur S.A,Inversionista,Icono,I-SUR-2372,21363,1644,600000,68733.0,Coincide,Match cartola + proyecto,600000,Facturas Meta/Cartola TC/MovFacturadosInternacionales_94840000-6_9-6-2026.xls
2026-06,Socovesa,2026-06-04,04/06/2026,GWZ2JSV5E2,0506 74987506155001045553095,27302289459462235-27363292413361940,FB_Sur_Inversionista,Socovesa Sur S.A,Inversionista,N3,I-SUR-2331,21363,1643,600000,68733.0,Coincide,Match cartola + proyecto,600000,Facturas Meta/Cartola TC/MovFacturadosInternacionales_94840000-6_9-6-2026.xls
2026-06,Socovesa,2026-06-04,04/06/2026,GWZ2JSV5E2,0506 74987506155001045553095,27302289459462235-27363292413361940,FB_Sur_Inversionista,Socovesa Sur S.A,Inversionista,Nueva Toledo,I-SUR-2334,21363,1643,600000,68733.0,Coincide,Match cartola + proyecto,600000,Facturas Meta/Cartola TC/MovFacturadosInternacionales_94840000-6_9-6-2026.xls
2026-06,Socovesa,2026-06-04,04/06/2026,GWZ2JSV5E2,0506 74987506155001045553095,27302289459462235-27363292413361940,FB_Sur_Inversionista,Socovesa Sur S.A,Inversionista,O3,I-SUR-2373,21363,1643,600000,68733.0,Coincide,Match cartola + proyecto,600000,Facturas Meta/Cartola TC/MovFacturadosInternacionales_94840000-6_9-6-2026.xls
2026-06,Socovesa,2026-06-04,04/06/2026,GWZ2JSV5E2,0506 74987506155001045553095,27302289459462235-27363292413361940,FB_Sur_Inversionista,Socovesa Sur S.A,Inversionista,Origen,I-SUR-2346,21363,1643,600000,68733.0,Coincide,Match cartola + proyecto,600000,Facturas Meta/Cartola TC/MovFacturadosInternacionales_94840000-6_9-6-2026.xls
2026-06,Socovesa,2026-06-04,04/06/2026,GWZ2JSV5E2,0506 74987506155001045553095,27302289459462235-27363292413361940,FB_Sur_Inversionista,Socovesa Sur S.A,Inversionista,PDL,I-SUR-2372,21363,1643,600000,68733.0,Coincide,Match cartola + proyecto,600000,Facturas Meta/Cartola TC/MovFacturadosInternacionales_94840000-6_9-6-2026.xls
2026-06,Socovesa,2026-06-04,04/06/2026,GWZ2JSV5E2,0506 74987506155001045553095,27302289459462235-27363292413361940,FB_Sur_Inversionista,Socovesa Sur S.A,Inversionista,Parque Avellanos,I-SUR-2336,21363,1643,600000,68733.0,Coincide,Match cartola + proyecto,600000,Facturas Meta/Cartola TC/MovFacturadosInternacionales_94840000-6_9-6-2026.xls
2026-06,Socovesa,2026-06-04,04/06/2026,GWZ2JSV5E2,0506 74987506155001045553095,27302289459462235-27363292413361940,FB_Sur_Inversionista,Socovesa Sur S.A,Inversionista,Portal Austral,I-SUR-2340,21363,1643,600000,68733.0,Coincide,Match cartola + proyecto,600000,Facturas Meta/Cartola TC/MovFacturadosInternacionales_94840000-6_9-6-2026.xls
2026-06,Socovesa,2026-06-04,04/06/2026,GWZ2JSV5E2,0506 74987506155001045553095,27302289459462235-27363292413361940,FB_Sur_Inversionista,Socovesa Sur S.A,Inversionista,Reserva Magallanes,I-SUR-2323,21363,1643,600000,68733.0,Coincide,Match cartola + proyecto,600000,Facturas Meta/Cartola TC/MovFacturadosInternacionales_94840000-6_9-6-2026.xls
2026-06,Socovesa,2026-06-04,04/06/2026,GWZ2JSV5E2,0506 74987506155001045553095,27302289459462235-27363292413361940,FB_Sur_Inversionista,Socovesa Sur S.A,Inversionista,Terraza Mirador,I-SUR-2333,21363,1643,600000,68733.0,Coincide,Match cartola + proyecto,600000,Facturas Meta/Cartola TC/MovFacturadosInternacionales_94840000-6_9-6-2026.xls
2026-06,Socovesa,2026-06-04,04/06/2026,GWZ2JSV5E2,0506 74987506155001045553095,27302289459462235-27363292413361940,FB_WA_SantiagoSubsidio_LasPataguas,INMOBILIARIA ENCINAS DE PEÑALOLEN,Lampa,Las Pataguas,I-STG-2366,8761,8761,600000,68733.0,Coincide,Match cartola + proyecto,600000,Facturas Meta/Cartola TC/MovFacturadosInternacionales_94840000-6_9-6-2026.xls
